customer_id,age,tenure_months,contract_type,internet_service,tech_support,online_security,streaming_service,paperless_billing,payment_method,monthly_charges,total_charges,num_support_calls,satisfaction_score,avg_monthly_usage_gb,churn
CUST-000001,50,15,Month-to-month,Fiber optic,No,No,Yes,Yes,Credit card,74.28,1116.54,1,5,412.3,Yes
CUST-000002,29,61,Two year,DSL,Yes,No,No,Yes,Bank transfer,50.76,3074.67,1,3,146.0,No
CUST-000003,56,22,Month-to-month,Fiber optic,No,No,No,Yes,Bank transfer,69.69,1524.44,1,3,292.6,Yes
CUST-000004,59,39,Two year,DSL,No,Yes,No,Yes,Bank transfer,43.56,1705.99,0,5,76.0,No
CUST-000005,18,72,Two year,DSL,Yes,No,No,Yes,Credit card,53.93,3899.64,1,3,172.1,No
CUST-000006,25,52,Month-to-month,Fiber optic,No,No,Yes,No,Bank transfer,72.9,3819.59,0,3,384.2,No
CUST-000007,47,66,Month-to-month,DSL,No,No,Yes,Yes,Electronic check,46.95,3089.56,3,3,148.5,No
CUST-000008,40,12,Month-to-month,DSL,No,No,No,Yes,Credit card,44.59,536.66,1,5,237.1,Yes
CUST-000009,45,4,Two year,Fiber optic,Yes,No,No,No,Bank transfer,67.23,255.71,0,4,398.3,No
CUST-000010,32,10,Month-to-month,Fiber optic,Yes,Yes,No,Yes,Bank transfer,72.33,745.18,0,4,118.0,No
CUST-000011,58,2,Two year,Fiber optic,No,Yes,No,Yes,Electronic check,83.98,161.73,1,4,309.4,Yes
CUST-000012,57,3,Month-to-month,DSL,No,No,No,Yes,Electronic check,47.71,131.37,0,3,86.1,No
CUST-000013,46,0,Month-to-month,DSL,No,No,No,Yes,Credit card,47.83,49.07,0,3,146.4,No
CUST-000014,62,0,One year,DSL,No,Yes,No,Yes,Electronic check,50.73,17.27,0,2,98.9,No
CUST-000015,52,51,Month-to-month,Fiber optic,No,No,Yes,Yes,Mailed check,71.03,3633.35,0,3,311.4,No
CUST-000016,32,72,Month-to-month,Fiber optic,Yes,No,No,Yes,Mailed check,72.17,5190.04,1,4,323.0,No
CUST-000017,51,25,Two year,Fiber optic,No,Yes,Yes,Yes,Electronic check,81.22,2085.85,2,3,308.3,No
CUST-000018,31,19,Month-to-month,Fiber optic,No,Yes,Yes,No,Bank transfer,73.38,1381.86,0,4,303.2,No
CUST-000019,58,15,Two year,Fiber optic,No,Yes,No,Yes,Electronic check,79.96,1194.05,0,4,318.9,No
CUST-000020,44,72,Two year,Fiber optic,Yes,No,Yes,Yes,Electronic check,84.55,6107.94,1,4,460.7,No
CUST-000021,42,9,Month-to-month,DSL,No,Yes,No,Yes,Credit card,46.84,437.2,3,3,188.0,No
CUST-000022,35,33,Month-to-month,DSL,No,Yes,No,Yes,Bank transfer,51.62,1724.18,1,2,180.7,Yes
CUST-000023,63,6,Month-to-month,Fiber optic,No,No,No,Yes,Credit card,58.11,343.07,0,2,280.2,Yes
CUST-000024,43,6,One year,DSL,Yes,No,No,Yes,Mailed check,48.31,266.92,0,4,233.8,No
CUST-000025,39,27,Two year,Fiber optic,No,No,No,Yes,Credit card,72.68,2015.72,0,2,295.8,No
CUST-000026,40,32,Two year,Fiber optic,Yes,No,Yes,No,Electronic check,82.4,2647.13,0,4,366.2,No
CUST-000027,53,3,Two year,No internet service,Yes,No,No,No,Electronic check,27.91,88.24,0,4,7.7,No
CUST-000028,50,24,Month-to-month,DSL,No,No,No,Yes,Electronic check,45.52,1108.6,0,3,164.8,Yes
CUST-000029,51,22,Month-to-month,Fiber optic,No,No,No,No,Electronic check,64.13,1384.8,0,3,434.8,Yes
CUST-000030,51,5,Month-to-month,Fiber optic,No,No,No,Yes,Credit card,62.31,302.42,0,4,356.2,No
CUST-000031,77,56,Two year,DSL,Yes,No,No,No,Mailed check,64.35,3582.74,2,2,204.4,No
CUST-000032,39,15,Month-to-month,Fiber optic,Yes,Yes,No,No,Bank transfer,75.29,1132.69,2,3,260.5,Yes
CUST-000033,37,9,Month-to-month,No internet service,Yes,No,No,No,Mailed check,23.53,184.21,0,3,4.6,No
CUST-000034,33,9,Month-to-month,Fiber optic,Yes,No,Yes,Yes,Electronic check,87.45,800.53,0,3,355.8,No
CUST-000035,54,9,Month-to-month,Fiber optic,No,Yes,No,No,Credit card,64.58,604.89,0,2,300.6,Yes
CUST-000036,62,1,Month-to-month,DSL,Yes,Yes,No,Yes,Bank transfer,64.11,87.04,0,3,181.0,No
CUST-000037,43,31,Month-to-month,DSL,Yes,No,No,No,Electronic check,51.99,1620.5,1,3,140.3,Yes
CUST-000038,32,65,Two year,DSL,No,No,No,Yes,Mailed check,45.65,2971.09,1,4,88.4,No
CUST-000039,33,47,One year,No internet service,Yes,Yes,No,Yes,Electronic check,35.48,1659.2,1,3,6.0,No
CUST-000040,55,10,Month-to-month,No internet service,No,No,No,Yes,Bank transfer,18.3,191.97,1,3,8.4,Yes
CUST-000041,56,28,One year,Fiber optic,No,Yes,Yes,Yes,Mailed check,87.58,2450.04,0,4,190.9,No
CUST-000042,53,9,Month-to-month,Fiber optic,Yes,No,Yes,Yes,Credit card,88.25,756.86,0,4,274.1,Yes
CUST-000043,35,4,One year,Fiber optic,No,No,Yes,Yes,Credit card,79.58,305.99,2,2,304.4,No
CUST-000044,48,10,Month-to-month,DSL,No,No,No,Yes,Electronic check,37.43,390.15,0,3,121.0,No
CUST-000045,47,10,One year,DSL,No,No,No,Yes,Electronic check,43.26,410.09,1,1,199.4,No
CUST-000046,48,4,Month-to-month,Fiber optic,Yes,No,No,Yes,Credit card,72.44,266.85,1,2,379.9,Yes
CUST-000047,58,11,Month-to-month,No internet service,Yes,No,No,Yes,Mailed check,36.69,399.6,1,5,4.1,No
CUST-000048,48,13,One year,Fiber optic,No,No,No,No,Mailed check,57.93,709.71,1,2,371.2,No
CUST-000049,55,6,One year,No internet service,Yes,No,No,Yes,Bank transfer,24.81,163.45,1,4,3.8,No
CUST-000050,46,1,One year,No internet service,Yes,Yes,Yes,No,Mailed check,51.41,64.23,1,4,4.0,No
CUST-000051,49,6,Month-to-month,Fiber optic,Yes,Yes,Yes,Yes,Bank transfer,86.31,536.8,3,3,643.7,Yes
CUST-000052,54,45,Month-to-month,Fiber optic,Yes,No,No,Yes,Credit card,69.71,3141.37,1,3,333.7,Yes
CUST-000053,23,18,One year,Fiber optic,Yes,Yes,No,Yes,Bank transfer,87.37,1555.6,0,5,399.2,No
CUST-000054,40,8,Month-to-month,No internet service,No,No,Yes,Yes,Electronic check,33.83,246.04,1,4,1.5,No
CUST-000055,38,7,Month-to-month,Fiber optic,No,Yes,Yes,No,Electronic check,87.29,622.05,1,5,386.1,Yes
CUST-000056,35,22,Month-to-month,No internet service,No,Yes,No,Yes,Credit card,29.61,665.73,1,1,6.8,No
CUST-000057,41,4,Month-to-month,DSL,Yes,Yes,Yes,Yes,Bank transfer,71.59,264.02,1,4,87.8,No
CUST-000058,67,5,Month-to-month,DSL,Yes,Yes,Yes,No,Bank transfer,71.46,332.29,1,1,132.0,No
CUST-000059,32,39,Month-to-month,No internet service,No,Yes,Yes,No,Electronic check,42.43,1654.39,0,3,4.5,No
CUST-000060,60,13,One year,DSL,No,No,Yes,No,Credit card,52.77,688.74,0,3,55.8,No
CUST-000061,20,4,One year,DSL,No,Yes,No,Yes,Mailed check,59.67,257.38,1,2,74.9,No
CUST-000062,40,1,One year,Fiber optic,Yes,No,No,No,Credit card,70.33,83.58,1,3,286.0,Yes
CUST-000063,47,72,One year,Fiber optic,Yes,No,Yes,Yes,Electronic check,90.12,6487.04,1,3,217.4,No
CUST-000064,54,0,Month-to-month,Fiber optic,No,No,No,Yes,Electronic check,67.53,88.24,1,4,328.5,Yes
CUST-000065,56,16,Two year,Fiber optic,Yes,No,No,No,Electronic check,70.26,1117.17,1,2,342.4,Yes
CUST-000066,57,22,One year,DSL,Yes,Yes,Yes,No,Mailed check,73.42,1609.07,0,3,151.5,No
CUST-000067,40,17,Month-to-month,Fiber optic,Yes,Yes,No,No,Credit card,79.64,1370.85,0,4,373.9,No
CUST-000068,38,10,Month-to-month,DSL,Yes,No,Yes,Yes,Mailed check,56.17,580.85,1,4,106.6,No
CUST-000069,58,41,One year,Fiber optic,No,No,No,No,Credit card,64.57,2667.04,1,5,136.5,No
CUST-000070,42,45,One year,DSL,No,Yes,No,Yes,Credit card,44.76,2010.61,1,3,104.5,No
CUST-000071,26,11,One year,No internet service,No,No,Yes,No,Electronic check,34.54,381.37,1,4,4.8,Yes
CUST-000072,28,15,One year,DSL,No,Yes,No,No,Bank transfer,50.29,737.02,1,3,183.7,No
CUST-000073,31,15,Two year,No internet service,No,Yes,Yes,Yes,Credit card,42.39,653.85,0,5,4.4,No
CUST-000074,52,23,Two year,Fiber optic,No,Yes,Yes,Yes,Bank transfer,79.52,1817.13,2,2,350.4,Yes
CUST-000075,47,5,One year,Fiber optic,No,No,Yes,No,Electronic check,70.52,312.67,4,3,280.8,No
CUST-000076,55,1,Two year,DSL,No,No,No,Yes,Credit card,39.62,30.8,0,4,222.4,No
CUST-000077,39,11,Two year,Fiber optic,No,No,No,No,Bank transfer,75.1,808.98,1,4,447.3,No
CUST-000078,47,2,Month-to-month,DSL,Yes,Yes,No,No,Credit card,74.15,94.16,0,4,128.1,No
CUST-000079,54,13,One year,No internet service,No,Yes,No,No,Bank transfer,36.01,456.66,2,3,5.5,No
CUST-000080,40,33,Month-to-month,Fiber optic,No,Yes,No,Yes,Mailed check,63.3,2104.55,1,4,273.3,Yes
CUST-000081,52,13,Month-to-month,No internet service,No,No,Yes,No,Mailed check,25.12,334.83,1,2,3.5,No
CUST-000082,35,16,Month-to-month,Fiber optic,No,No,No,No,Credit card,59.67,962.96,1,4,459.5,No
CUST-000083,40,19,Month-to-month,DSL,No,No,Yes,Yes,Credit card,60.87,1185.04,2,1,178.7,No
CUST-000084,39,28,Month-to-month,Fiber optic,No,Yes,No,Yes,Mailed check,81.54,2271.54,0,3,293.5,No
CUST-000085,27,17,Month-to-month,DSL,Yes,Yes,Yes,No,Electronic check,75.52,1260.93,0,5,110.0,No
CUST-000086,52,11,Month-to-month,Fiber optic,No,Yes,Yes,Yes,Electronic check,83.95,933.33,0,4,308.4,Yes
CUST-000087,38,11,One year,No internet service,Yes,No,No,Yes,Electronic check,23.38,264.32,1,3,1.6,No
CUST-000088,45,4,Two year,No internet service,No,No,Yes,Yes,Mailed check,30.57,96.96,0,4,8.0,No
CUST-000089,52,11,Two year,DSL,No,No,No,Yes,Mailed check,45.44,496.32,4,3,122.3,No
CUST-000090,52,29,Month-to-month,DSL,No,No,Yes,Yes,Electronic check,61.41,1791.66,1,2,149.0,No
CUST-000091,55,10,Month-to-month,DSL,No,No,No,Yes,Mailed check,42.5,430.5,0,1,160.3,No
CUST-000092,44,9,Two year,DSL,Yes,No,No,Yes,Credit card,55.01,509.73,1,3,152.3,No
CUST-000093,39,16,Month-to-month,DSL,No,No,No,No,Electronic check,46.38,728.64,1,3,188.1,No
CUST-000094,44,4,Two year,DSL,Yes,No,No,Yes,Bank transfer,53.5,185.63,0,3,70.2,No
CUST-000095,20,2,One year,No internet service,Yes,Yes,No,Yes,Electronic check,32.02,45.77,1,4,7.0,No
CUST-000096,23,26,Month-to-month,DSL,No,No,Yes,Yes,Bank transfer,57.6,1514.89,0,5,194.4,No
CUST-000097,25,7,Month-to-month,Fiber optic,No,No,Yes,Yes,Credit card,76.52,556.35,0,4,583.3,No
CUST-000098,30,6,Month-to-month,No internet service,Yes,Yes,Yes,No,Electronic check,42.09,249.19,2,3,1.9,No
CUST-000099,51,41,Month-to-month,Fiber optic,No,No,Yes,No,Credit card,81.42,3368.47,2,3,156.8,Yes
CUST-000100,31,48,Month-to-month,Fiber optic,Yes,No,Yes,No,Electronic check,92.87,4454.52,0,4,564.4,No
CUST-000101,39,14,Two year,No internet service,No,No,No,Yes,Mailed check,20.85,281.65,2,4,8.5,No
CUST-000102,64,20,One year,Fiber optic,Yes,No,Yes,Yes,Electronic check,84.77,1667.18,1,4,250.1,No
CUST-000103,40,67,Month-to-month,Fiber optic,Yes,Yes,No,No,Mailed check,82.79,5545.42,0,3,220.3,No
CUST-000104,56,10,Month-to-month,DSL,No,No,No,No,Electronic check,45.93,480.51,2,4,95.5,Yes
CUST-000105,31,39,Month-to-month,No internet service,No,No,Yes,No,Bank transfer,37.7,1495.67,0,5,8.5,No
CUST-000106,42,26,Month-to-month,Fiber optic,No,No,No,No,Electronic check,65.53,1725.17,0,4,387.1,No
CUST-000107,31,59,One year,DSL,No,Yes,Yes,Yes,Credit card,65.93,3899.86,0,5,197.7,No
CUST-000108,40,5,One year,Fiber optic,No,No,No,No,Electronic check,73.67,400.28,0,4,191.9,Yes
CUST-000109,58,32,Two year,Fiber optic,No,No,Yes,Yes,Electronic check,83.34,2647.51,0,5,220.3,No
CUST-000110,19,3,Month-to-month,Fiber optic,No,No,No,Yes,Mailed check,64.22,216.36,0,4,325.2,Yes
CUST-000111,52,32,Month-to-month,Fiber optic,No,Yes,No,No,Bank transfer,76.41,2450.74,0,3,428.2,No
CUST-000112,49,8,Two year,No internet service,No,Yes,No,Yes,Credit card,20.66,169.49,0,2,4.1,No
CUST-000113,36,1,One year,DSL,Yes,No,Yes,Yes,Credit card,64.0,35.54,1,3,277.5,No
CUST-000114,23,35,One year,No internet service,Yes,No,Yes,Yes,Mailed check,44.17,1552.78,0,3,2.6,No
CUST-000115,46,1,Month-to-month,No internet service,No,No,No,Yes,Credit card,27.65,50.73,0,2,4.3,No
CUST-000116,37,37,Two year,No internet service,No,Yes,No,Yes,Electronic check,22.24,780.31,1,3,1.9,No
CUST-000117,48,4,Month-to-month,DSL,No,No,No,Yes,Credit card,44.86,195.35,1,3,222.0,No
CUST-000118,45,16,Month-to-month,Fiber optic,No,No,No,Yes,Mailed check,65.02,994.62,0,5,393.7,Yes
CUST-000119,69,1,One year,No internet service,No,Yes,Yes,Yes,Electronic check,37.54,9.19,3,2,4.1,Yes
CUST-000120,41,2,Month-to-month,DSL,No,Yes,No,No,Mailed check,44.92,87.95,0,4,202.0,No
CUST-000121,30,6,Two year,Fiber optic,No,No,No,Yes,Bank transfer,67.5,436.65,0,4,449.5,No
CUST-000122,48,9,Month-to-month,Fiber optic,Yes,No,Yes,No,Mailed check,78.62,705.02,2,4,385.2,No
CUST-000123,48,4,Month-to-month,Fiber optic,No,Yes,Yes,Yes,Electronic check,88.69,364.16,4,3,304.2,Yes
CUST-000124,65,2,Month-to-month,DSL,Yes,No,No,No,Mailed check,59.75,101.3,1,5,190.5,No
CUST-000125,58,3,Two year,No internet service,Yes,No,Yes,No,Mailed check,36.81,106.54,1,3,1.9,No
CUST-000126,50,13,One year,DSL,No,No,Yes,No,Bank transfer,50.65,657.35,0,3,120.4,No
CUST-000127,67,1,Month-to-month,Fiber optic,Yes,No,No,Yes,Credit card,72.84,105.42,1,4,462.9,Yes
CUST-000128,27,47,Month-to-month,Fiber optic,No,No,No,No,Credit card,62.4,2917.85,1,4,287.8,Yes
CUST-000129,35,49,Month-to-month,No internet service,No,Yes,Yes,Yes,Mailed check,36.95,1797.37,0,4,4.9,No
CUST-000130,31,1,Month-to-month,Fiber optic,No,Yes,No,No,Bank transfer,71.46,93.0,0,3,417.7,Yes
CUST-000131,39,24,One year,DSL,Yes,Yes,Yes,Yes,Bank transfer,66.35,1587.46,0,4,188.2,No
CUST-000132,24,23,Month-to-month,DSL,No,No,Yes,Yes,Credit card,65.3,1504.16,0,4,214.7,Yes
CUST-000133,55,16,Month-to-month,No internet service,No,No,Yes,Yes,Bank transfer,28.79,469.34,1,3,5.0,Yes
CUST-000134,42,6,Month-to-month,DSL,No,Yes,No,No,Bank transfer,55.68,321.35,0,5,75.9,No
CUST-000135,23,16,One year,DSL,No,No,No,No,Mailed check,40.55,607.75,0,4,219.5,No
CUST-000136,30,38,One year,Fiber optic,No,No,Yes,Yes,Credit card,77.31,2959.28,2,3,380.2,No
CUST-000137,50,7,One year,No internet service,No,No,No,Yes,Bank transfer,22.25,158.07,0,5,7.1,No
CUST-000138,58,31,One year,DSL,No,Yes,Yes,No,Electronic check,63.68,1948.54,2,1,101.7,No
CUST-000139,75,12,Two year,DSL,No,No,Yes,No,Bank transfer,55.73,684.32,0,2,0.0,No
CUST-000140,85,44,Month-to-month,Fiber optic,Yes,No,Yes,Yes,Electronic check,82.54,3671.94,0,3,428.3,No
CUST-000141,51,19,Two year,DSL,No,Yes,No,No,Electronic check,48.97,954.28,3,2,136.0,No
CUST-000142,30,34,One year,Fiber optic,Yes,Yes,No,Yes,Bank transfer,75.62,2612.7,0,4,347.2,No
CUST-000143,18,59,Month-to-month,DSL,Yes,Yes,No,Yes,Bank transfer,60.67,3554.97,2,4,117.0,No
CUST-000144,49,11,Two year,DSL,Yes,No,Yes,Yes,Credit card,74.16,820.75,0,5,108.9,No
CUST-000145,33,22,One year,No internet service,Yes,Yes,No,No,Credit card,35.8,794.7,3,3,3.2,No
CUST-000146,39,69,One year,Fiber optic,Yes,Yes,No,Yes,Mailed check,81.98,5654.28,1,4,240.8,No
CUST-000147,36,72,Month-to-month,No internet service,No,No,Yes,No,Electronic check,37.41,2686.97,0,5,4.6,Yes
CUST-000148,43,16,Month-to-month,Fiber optic,No,No,No,Yes,Electronic check,62.74,944.65,2,4,418.5,No
CUST-000149,61,56,Two year,DSL,No,No,No,Yes,Credit card,35.98,2048.73,0,4,251.1,No
CUST-000150,47,9,Month-to-month,Fiber optic,Yes,No,No,Yes,Mailed check,73.01,624.75,1,3,234.4,No
CUST-000151,43,10,Month-to-month,Fiber optic,No,No,No,No,Mailed check,69.27,710.77,0,5,330.2,No
CUST-000152,29,54,Month-to-month,No internet service,Yes,No,Yes,Yes,Bank transfer,50.05,2702.92,3,3,5.2,No
CUST-000153,20,20,Month-to-month,Fiber optic,No,No,Yes,Yes,Electronic check,72.1,1441.39,1,2,255.6,Yes
CUST-000154,38,35,Two year,No internet service,No,No,No,Yes,Bank transfer,25.5,888.39,1,3,9.6,No
CUST-000155,44,9,One year,Fiber optic,No,No,No,Yes,Credit card,66.31,600.77,2,3,317.6,No
CUST-000156,72,32,Two year,DSL,No,No,Yes,Yes,Bank transfer,55.06,1774.74,2,4,132.9,No
CUST-000157,47,38,Month-to-month,Fiber optic,Yes,Yes,No,Yes,Mailed check,73.77,2822.29,2,4,357.8,Yes
CUST-000158,60,10,Month-to-month,DSL,Yes,No,No,Yes,Electronic check,50.08,498.28,2,3,256.0,Yes
CUST-000159,38,14,Month-to-month,No internet service,No,No,No,Yes,Electronic check,22.87,296.07,0,2,6.4,No
CUST-000160,27,8,Month-to-month,DSL,Yes,No,No,Yes,Electronic check,59.11,448.08,0,5,33.7,No
CUST-000161,31,43,One year,Fiber optic,No,No,No,Yes,Mailed check,51.38,2230.12,2,3,158.4,No
CUST-000162,34,24,Month-to-month,No internet service,No,Yes,No,Yes,Electronic check,28.56,680.01,1,3,4.9,Yes
CUST-000163,77,4,Month-to-month,DSL,No,No,Yes,Yes,Bank transfer,54.13,196.02,0,4,160.2,No
CUST-000164,33,61,Two year,Fiber optic,No,Yes,No,Yes,Mailed check,68.6,4169.76,1,2,308.2,No
CUST-000165,58,21,One year,DSL,Yes,Yes,No,Yes,Mailed check,61.08,1280.8,2,3,119.9,No
CUST-000166,31,10,Month-to-month,DSL,No,Yes,No,No,Electronic check,60.61,580.43,1,4,134.1,Yes
CUST-000167,59,19,One year,DSL,No,Yes,Yes,No,Mailed check,59.41,1128.17,1,2,159.2,No
CUST-000168,51,5,Month-to-month,Fiber optic,Yes,Yes,Yes,Yes,Bank transfer,90.52,477.66,2,2,319.3,Yes
CUST-000169,43,7,Two year,Fiber optic,No,No,No,Yes,Electronic check,57.12,397.47,1,3,291.0,Yes
CUST-000170,44,38,One year,No internet service,No,No,No,Yes,Mailed check,22.19,807.87,0,4,3.5,No
CUST-000171,35,7,Month-to-month,DSL,No,No,No,Yes,Bank transfer,41.55,308.21,1,5,115.7,No
CUST-000172,52,72,Month-to-month,DSL,No,No,Yes,Yes,Bank transfer,64.88,4693.56,2,4,120.7,No
CUST-000173,38,5,Month-to-month,No internet service,No,No,No,No,Credit card,21.8,132.26,0,4,0.0,No
CUST-000174,27,44,One year,Fiber optic,No,No,Yes,Yes,Credit card,75.58,3326.7,2,2,286.0,No
CUST-000175,26,45,Month-to-month,Fiber optic,No,No,No,No,Bank transfer,63.62,2909.53,1,4,214.0,No
CUST-000176,48,25,One year,DSL,Yes,No,No,Yes,Credit card,54.82,1385.22,1,2,82.1,No
CUST-000177,69,5,Month-to-month,DSL,No,No,No,Yes,Credit card,48.46,302.1,1,4,93.4,No
CUST-000178,47,9,Month-to-month,No internet service,No,No,No,Yes,Credit card,18.0,189.03,0,4,7.8,No
CUST-000179,43,15,Month-to-month,DSL,No,Yes,Yes,Yes,Bank transfer,62.26,957.87,1,3,91.5,No
CUST-000180,49,30,Month-to-month,Fiber optic,No,No,No,Yes,Credit card,64.99,1937.25,1,4,331.0,No
CUST-000181,65,72,Month-to-month,Fiber optic,Yes,Yes,No,No,Electronic check,80.06,5745.36,1,3,365.8,Yes
CUST-000182,48,23,One year,Fiber optic,Yes,No,No,Yes,Credit card,79.53,1831.5,0,3,309.1,No
CUST-000183,39,24,Two year,No internet service,No,No,No,No,Electronic check,18.0,428.15,1,2,9.7,No
CUST-000184,62,31,Month-to-month,Fiber optic,No,No,No,No,Electronic check,69.78,2152.43,1,5,341.3,No
CUST-000185,51,12,One year,DSL,No,Yes,No,No,Electronic check,52.82,631.24,0,3,125.0,No
CUST-000186,68,5,Month-to-month,Fiber optic,No,No,Yes,No,Credit card,74.51,368.59,0,3,311.0,No
CUST-000187,48,47,One year,Fiber optic,Yes,No,No,Yes,Mailed check,77.03,3607.61,0,4,413.1,No
CUST-000188,27,72,Month-to-month,Fiber optic,No,No,Yes,No,Bank transfer,75.08,5418.9,1,3,232.7,No
CUST-000189,24,35,One year,DSL,No,No,Yes,No,Mailed check,47.94,1662.87,1,1,104.7,No
CUST-000190,70,7,Month-to-month,Fiber optic,No,Yes,Yes,Yes,Mailed check,65.83,459.95,0,5,372.6,No
CUST-000191,71,21,Month-to-month,No internet service,No,No,No,No,Credit card,18.0,353.71,0,3,0.3,No
CUST-000192,42,24,One year,No internet service,No,No,No,No,Mailed check,18.0,434.0,1,3,11.0,No
CUST-000193,39,11,Month-to-month,Fiber optic,No,No,No,No,Bank transfer,65.86,728.49,3,3,396.1,No
CUST-000194,67,23,Month-to-month,No internet service,No,No,Yes,Yes,Credit card,34.99,785.54,1,3,1.2,Yes
CUST-000195,28,72,Month-to-month,Fiber optic,No,No,No,Yes,Electronic check,63.71,4588.53,0,3,311.2,No
CUST-000196,32,14,Two year,Fiber optic,Yes,Yes,Yes,Yes,Mailed check,83.95,1173.34,2,4,174.4,Yes
CUST-000197,55,16,Month-to-month,Fiber optic,No,Yes,No,No,Electronic check,69.1,1096.38,2,2,258.4,Yes
CUST-000198,39,24,Month-to-month,No internet service,No,Yes,Yes,Yes,Bank transfer,36.91,876.81,0,4,3.0,No
CUST-000199,45,15,Two year,DSL,Yes,No,No,No,Credit card,61.69,934.31,1,4,182.6,No
CUST-000200,43,38,One year,Fiber optic,No,No,Yes,Yes,Electronic check,79.78,3032.21,0,2,328.0,No
CUST-000201,50,11,Month-to-month,DSL,Yes,No,Yes,No,Electronic check,56.72,643.07,0,4,91.0,Yes
CUST-000202,66,21,One year,DSL,No,No,No,No,Bank transfer,43.42,891.09,1,3,117.1,No
CUST-000203,46,32,Month-to-month,DSL,No,No,No,Yes,Bank transfer,48.48,1547.61,1,3,173.1,Yes
CUST-000204,55,6,Month-to-month,DSL,No,No,No,Yes,Mailed check,45.1,258.31,0,4,65.3,No
CUST-000205,18,15,Month-to-month,No internet service,No,No,Yes,No,Mailed check,23.88,359.41,0,4,4.4,No
CUST-000206,44,14,One year,DSL,No,No,Yes,Yes,Electronic check,61.09,860.64,0,4,109.6,No
CUST-000207,32,12,Two year,Fiber optic,Yes,No,No,Yes,Electronic check,74.82,874.2,0,2,321.3,No
CUST-000208,27,11,Month-to-month,No internet service,Yes,No,No,No,Mailed check,27.22,311.28,0,3,1.4,No
CUST-000209,32,4,Month-to-month,Fiber optic,No,No,No,No,Bank transfer,60.97,287.14,1,4,318.5,No
CUST-000210,40,26,Month-to-month,DSL,No,No,No,No,Credit card,50.07,1305.23,2,3,182.4,No
CUST-000211,59,2,Month-to-month,DSL,Yes,No,Yes,Yes,Bank transfer,55.93,94.5,1,3,191.2,Yes
CUST-000212,25,46,Month-to-month,Fiber optic,Yes,No,No,No,Electronic check,65.23,2994.74,1,3,482.9,No
CUST-000213,45,9,One year,Fiber optic,No,No,Yes,No,Electronic check,73.33,653.49,1,4,363.7,Yes
CUST-000214,38,8,Month-to-month,DSL,Yes,No,No,No,Credit card,54.51,422.73,0,3,174.0,Yes
CUST-000215,40,9,Two year,No internet service,No,No,Yes,No,Bank transfer,25.18,241.07,1,4,5.4,No
CUST-000216,60,53,Month-to-month,No internet service,No,No,Yes,No,Credit card,29.28,1515.38,1,2,0.1,No
CUST-000217,53,9,Month-to-month,DSL,Yes,Yes,Yes,Yes,Mailed check,69.29,629.06,1,4,132.4,No
CUST-000218,65,18,Month-to-month,Fiber optic,Yes,No,No,Yes,Electronic check,74.72,1370.77,0,2,446.5,Yes
CUST-000219,43,3,One year,Fiber optic,No,Yes,Yes,No,Credit card,81.62,269.38,1,4,280.5,Yes
CUST-000220,35,40,Month-to-month,DSL,Yes,Yes,No,No,Mailed check,57.63,2325.69,0,4,96.9,Yes
CUST-000221,42,48,Month-to-month,Fiber optic,No,Yes,Yes,No,Electronic check,79.47,3801.36,0,3,334.8,No
CUST-000222,49,1,Month-to-month,DSL,Yes,No,Yes,Yes,Bank transfer,70.45,99.6,0,4,113.6,No
CUST-000223,48,8,One year,Fiber optic,No,No,No,No,Bank transfer,68.3,553.73,1,4,411.9,No
CUST-000224,29,4,Two year,Fiber optic,No,No,Yes,No,Mailed check,80.12,348.95,1,2,308.9,No
CUST-000225,46,72,Month-to-month,DSL,No,No,Yes,Yes,Bank transfer,53.11,3845.55,3,2,89.0,No
CUST-000226,48,5,Month-to-month,DSL,Yes,No,No,Yes,Mailed check,50.44,258.49,1,3,193.8,No
CUST-000227,83,30,Month-to-month,DSL,No,No,No,No,Credit card,47.38,1416.51,1,3,54.7,No
CUST-000228,73,35,Month-to-month,Fiber optic,No,No,No,Yes,Credit card,62.06,2219.38,2,3,246.9,Yes
CUST-000229,32,59,Two year,No internet service,Yes,No,No,Yes,Bank transfer,23.37,1343.23,1,2,0.6,No
CUST-000230,41,10,Month-to-month,DSL,No,Yes,No,Yes,Electronic check,52.44,520.93,2,1,280.7,No
CUST-000231,23,3,One year,DSL,No,No,No,Yes,Mailed check,38.46,87.27,2,5,48.8,No
CUST-000232,36,2,Two year,DSL,Yes,No,Yes,No,Credit card,63.95,130.24,0,5,130.9,No
CUST-000233,50,20,One year,Fiber optic,No,Yes,No,No,Electronic check,75.46,1516.33,1,3,510.7,No
CUST-000234,63,26,Month-to-month,DSL,No,Yes,Yes,No,Electronic check,63.73,1644.12,2,2,129.9,Yes
CUST-000235,34,11,One year,DSL,Yes,Yes,No,No,Credit card,53.76,580.01,0,5,104.6,No
CUST-000236,35,22,Month-to-month,DSL,Yes,No,Yes,No,Credit card,67.36,1455.51,4,1,139.2,Yes
CUST-000237,18,17,Month-to-month,DSL,Yes,No,No,Yes,Credit card,50.0,859.04,1,4,207.9,No
CUST-000238,43,13,Two year,Fiber optic,Yes,Yes,Yes,Yes,Mailed check,95.23,1228.66,0,4,140.0,No
CUST-000239,29,25,Month-to-month,No internet service,Yes,Yes,Yes,Yes,Electronic check,48.55,1222.2,0,3,6.1,No
CUST-000240,37,3,Month-to-month,Fiber optic,No,No,Yes,Yes,Electronic check,75.26,215.3,0,5,402.1,Yes
CUST-000241,32,4,Month-to-month,Fiber optic,No,No,Yes,Yes,Bank transfer,73.25,297.94,1,3,344.7,Yes
CUST-000242,44,27,Month-to-month,DSL,Yes,No,Yes,No,Credit card,60.75,1655.04,1,4,85.8,No
CUST-000243,19,72,One year,Fiber optic,No,Yes,No,Yes,Mailed check,83.95,6053.97,1,3,422.5,No
CUST-000244,23,23,One year,No internet service,No,No,Yes,Yes,Mailed check,20.54,476.63,2,2,0.0,No
CUST-000245,77,13,One year,Fiber optic,No,No,No,Yes,Credit card,56.2,728.53,1,5,178.2,No
CUST-000246,26,32,Month-to-month,Fiber optic,No,Yes,Yes,No,Electronic check,88.51,2841.86,0,3,436.4,No
CUST-000247,29,72,Month-to-month,Fiber optic,Yes,No,Yes,Yes,Electronic check,89.43,6426.91,1,3,226.6,Yes
CUST-000248,73,9,Month-to-month,Fiber optic,Yes,No,Yes,No,Credit card,86.8,777.29,0,4,224.4,No
CUST-000249,85,9,Month-to-month,Fiber optic,Yes,Yes,No,Yes,Bank transfer,69.04,628.29,0,5,300.6,Yes
CUST-000250,27,0,One year,Fiber optic,Yes,No,No,Yes,Credit card,75.69,106.43,0,2,350.4,No
CUST-000251,39,10,One year,Fiber optic,No,No,No,Yes,Credit card,60.1,588.76,1,5,262.3,No
CUST-000252,50,2,Two year,Fiber optic,Yes,No,Yes,Yes,Credit card,84.51,151.32,2,3,161.7,No
CUST-000253,71,52,One year,Fiber optic,No,Yes,No,Yes,Mailed check,73.03,3803.26,4,3,265.6,No
CUST-000254,30,68,Month-to-month,Fiber optic,No,Yes,No,Yes,Bank transfer,73.53,5024.18,0,3,409.3,No
CUST-000255,41,3,One year,Fiber optic,No,No,No,No,Bank transfer,61.75,201.49,1,3,319.8,Yes
CUST-000256,57,72,One year,Fiber optic,No,Yes,No,Yes,Credit card,77.42,5574.68,0,2,420.7,No
CUST-000257,52,16,Two year,Fiber optic,No,No,Yes,Yes,Electronic check,81.06,1321.47,1,4,366.8,No
CUST-000258,39,0,Month-to-month,Fiber optic,No,Yes,No,Yes,Bank transfer,66.2,30.0,1,4,270.6,Yes
CUST-000259,43,60,One year,Fiber optic,No,No,Yes,No,Credit card,74.6,4496.23,1,3,255.4,No
CUST-000260,24,11,Month-to-month,Fiber optic,No,No,No,Yes,Mailed check,61.21,667.03,1,4,337.3,Yes
CUST-000261,41,40,One year,No internet service,Yes,Yes,Yes,Yes,Bank transfer,45.69,1840.2,0,3,9.5,No
CUST-000262,41,10,Two year,Fiber optic,Yes,No,No,No,Electronic check,76.15,781.66,1,3,330.4,No
CUST-000263,48,6,Two year,Fiber optic,No,No,No,Yes,Electronic check,55.75,338.37,2,4,338.5,Yes
CUST-000264,37,19,Month-to-month,DSL,No,Yes,Yes,Yes,Electronic check,53.08,1009.92,2,3,84.3,No
CUST-000265,52,4,Month-to-month,DSL,Yes,No,No,Yes,Mailed check,48.84,187.53,1,3,133.5,No
CUST-000266,60,33,One year,Fiber optic,Yes,No,Yes,No,Electronic check,91.76,3061.91,0,4,246.6,No
CUST-000267,47,39,One year,No internet service,No,No,Yes,No,Bank transfer,33.19,1301.3,2,2,4.8,No
CUST-000268,50,6,Two year,DSL,Yes,No,Yes,Yes,Mailed check,72.89,441.79,2,4,213.5,No
CUST-000269,46,30,Month-to-month,No internet service,No,Yes,No,Yes,Electronic check,25.22,786.79,1,3,7.1,Yes
CUST-000270,45,27,Two year,No internet service,Yes,Yes,No,Yes,Electronic check,29.79,794.28,2,4,3.5,No
CUST-000271,34,70,One year,DSL,Yes,No,No,Yes,Bank transfer,44.62,3118.4,0,5,205.0,No
CUST-000272,50,2,Month-to-month,DSL,No,No,No,No,Mailed check,40.85,100.45,3,3,130.6,Yes
CUST-000273,44,4,Month-to-month,Fiber optic,Yes,No,Yes,Yes,Bank transfer,81.9,363.09,1,4,304.8,Yes
CUST-000274,76,10,One year,No internet service,Yes,No,Yes,Yes,Credit card,27.87,279.59,1,4,11.8,No
CUST-000275,69,5,Month-to-month,DSL,No,Yes,No,Yes,Credit card,46.79,241.68,0,4,102.7,No
CUST-000276,51,12,One year,Fiber optic,No,Yes,No,No,Bank transfer,66.75,769.23,1,4,340.9,No
CUST-000277,34,2,One year,Fiber optic,No,No,No,Yes,Bank transfer,65.11,155.86,2,3,424.1,Yes
CUST-000278,28,33,Month-to-month,DSL,No,Yes,Yes,Yes,Bank transfer,62.79,2050.41,1,5,156.6,No
CUST-000279,63,27,Month-to-month,DSL,Yes,No,No,Yes,Mailed check,54.6,1463.41,3,3,159.0,Yes
CUST-000280,49,14,Two year,No internet service,Yes,Yes,No,Yes,Electronic check,25.89,366.23,1,3,2.2,No
CUST-000281,52,63,One year,Fiber optic,No,Yes,No,Yes,Credit card,65.32,4102.18,1,3,43.7,No
CUST-000282,19,72,One year,No internet service,Yes,Yes,No,No,Credit card,38.63,2742.57,1,4,6.9,No
CUST-000283,59,12,One year,Fiber optic,Yes,No,Yes,No,Bank transfer,83.7,979.69,0,2,199.6,Yes
CUST-000284,52,61,One year,DSL,No,Yes,No,No,Bank transfer,55.23,3371.0,0,5,157.1,No
CUST-000285,28,13,Two year,Fiber optic,Yes,No,No,Yes,Bank transfer,72.29,969.7,0,5,403.3,No
CUST-000286,38,37,One year,Fiber optic,Yes,No,Yes,Yes,Electronic check,85.94,3208.1,1,2,348.0,No
CUST-000287,49,39,Month-to-month,Fiber optic,No,Yes,Yes,No,Electronic check,85.64,3347.6,0,4,244.4,Yes
CUST-000288,46,10,Month-to-month,Fiber optic,No,No,No,Yes,Electronic check,62.22,625.33,1,2,319.1,Yes
CUST-000289,41,24,Month-to-month,Fiber optic,No,No,No,No,Credit card,61.66,1495.79,1,3,369.8,No
CUST-000290,43,11,One year,No internet service,Yes,No,No,Yes,Bank transfer,24.6,297.11,0,3,1.4,No
CUST-000291,41,32,Month-to-month,Fiber optic,No,No,No,Yes,Mailed check,64.61,2069.86,0,3,237.5,No
CUST-000292,47,12,One year,DSL,No,No,No,Yes,Electronic check,47.87,577.47,2,4,122.7,No
CUST-000293,67,4,Two year,DSL,No,No,No,No,Credit card,42.97,175.95,0,4,145.4,No
CUST-000294,18,40,Month-to-month,Fiber optic,No,No,Yes,No,Credit card,82.78,3331.39,2,4,318.2,No
CUST-000295,41,32,Month-to-month,No internet service,No,No,Yes,Yes,Credit card,40.75,1276.63,4,3,6.4,Yes
CUST-000296,48,38,One year,No internet service,Yes,No,Yes,Yes,Mailed check,35.61,1353.51,1,3,4.9,Yes
CUST-000297,49,29,Month-to-month,No internet service,Yes,No,No,No,Mailed check,33.94,992.27,0,3,4.4,No
CUST-000298,39,38,One year,No internet service,No,Yes,No,No,Bank transfer,25.91,946.71,1,5,7.1,No
CUST-000299,19,5,Month-to-month,DSL,No,Yes,No,Yes,Electronic check,52.9,282.84,1,3,197.1,No
CUST-000300,50,34,Month-to-month,No internet service,Yes,No,No,No,Mailed check,27.33,950.74,0,5,6.9,No
CUST-000301,71,6,One year,Fiber optic,Yes,No,No,No,Mailed check,79.1,435.68,1,3,298.9,No
CUST-000302,22,22,Month-to-month,Fiber optic,No,Yes,No,Yes,Bank transfer,72.74,1592.01,1,3,290.7,No
CUST-000303,58,23,Month-to-month,DSL,Yes,No,Yes,Yes,Mailed check,63.26,1447.38,0,4,147.1,No
CUST-000304,40,9,Month-to-month,Fiber optic,No,No,No,Yes,Electronic check,62.91,548.41,0,5,360.5,No
CUST-000305,44,24,Month-to-month,DSL,Yes,Yes,No,No,Mailed check,52.99,1256.74,0,4,111.3,No
CUST-000306,29,33,Two year,Fiber optic,No,No,No,Yes,Bank transfer,62.14,2040.17,1,4,242.8,No
CUST-000307,40,17,Month-to-month,Fiber optic,Yes,No,Yes,No,Bank transfer,91.1,1560.9,0,3,202.0,Yes
CUST-000308,65,3,Month-to-month,No internet service,No,No,Yes,No,Credit card,37.41,137.18,0,2,10.7,Yes
CUST-000309,54,7,Month-to-month,Fiber optic,No,No,No,No,Electronic check,61.8,443.64,1,3,302.6,Yes
CUST-000310,71,35,Month-to-month,Fiber optic,No,Yes,No,Yes,Bank transfer,65.51,2274.57,0,5,274.9,No
CUST-000311,63,14,Month-to-month,DSL,No,No,Yes,Yes,Mailed check,61.76,880.46,0,2,68.3,No
CUST-000312,52,11,One year,No internet service,No,No,No,No,Bank transfer,22.15,255.73,2,3,4.0,Yes
CUST-000313,71,54,Month-to-month,No internet service,Yes,No,Yes,Yes,Credit card,30.12,1567.82,3,2,6.2,No
CUST-000314,52,12,One year,Fiber optic,No,Yes,Yes,No,Mailed check,97.4,1193.6,0,3,227.7,No
CUST-000315,57,72,Month-to-month,No internet service,No,No,No,Yes,Credit card,20.06,1446.99,1,2,8.2,No
CUST-000316,41,27,Month-to-month,DSL,No,No,Yes,No,Electronic check,65.51,1772.18,0,2,181.7,Yes
CUST-000317,46,47,Month-to-month,No internet service,No,No,No,Yes,Credit card,20.87,946.03,2,4,4.5,No
CUST-000318,35,13,One year,Fiber optic,No,Yes,No,Yes,Credit card,65.8,887.68,2,4,397.7,No
CUST-000319,60,40,Two year,Fiber optic,Yes,No,No,Yes,Electronic check,73.97,2965.54,1,4,227.4,No
CUST-000320,27,8,Month-to-month,DSL,Yes,Yes,Yes,No,Bank transfer,63.66,524.78,2,2,138.9,No
CUST-000321,57,9,Two year,DSL,Yes,No,Yes,Yes,Mailed check,64.37,552.85,2,2,133.0,No
CUST-000322,42,30,Month-to-month,Fiber optic,No,Yes,No,Yes,Credit card,65.56,1977.04,1,1,468.7,No
CUST-000323,63,3,One year,DSL,No,No,No,No,Electronic check,43.98,142.57,1,2,121.5,No
CUST-000324,56,11,One year,DSL,Yes,No,No,No,Bank transfer,54.24,593.53,1,2,173.7,Yes
CUST-000325,72,26,Month-to-month,Fiber optic,No,No,No,No,Mailed check,66.48,1702.62,0,3,230.2,Yes
CUST-000326,56,65,Month-to-month,DSL,Yes,No,Yes,Yes,Electronic check,57.7,3749.27,0,4,48.1,No
CUST-000327,21,6,Month-to-month,Fiber optic,No,Yes,Yes,Yes,Credit card,79.78,459.58,2,3,521.4,No
CUST-000328,44,42,One year,No internet service,No,Yes,Yes,Yes,Bank transfer,28.12,1167.08,0,5,2.3,No
CUST-000329,27,17,Month-to-month,DSL,No,Yes,No,No,Bank transfer,54.1,942.9,0,5,176.9,No
CUST-000330,37,72,Two year,DSL,Yes,No,No,No,Credit card,54.01,3890.45,2,3,123.1,No
CUST-000331,68,51,Month-to-month,No internet service,No,No,No,No,Credit card,18.0,916.38,1,1,4.6,No
CUST-000332,55,20,Two year,DSL,No,Yes,No,Yes,Credit card,58.03,1137.09,0,3,147.0,No
CUST-000333,35,36,Month-to-month,Fiber optic,No,No,Yes,No,Electronic check,79.33,2854.96,0,3,387.3,No
CUST-000334,30,1,One year,DSL,No,Yes,No,Yes,Credit card,50.47,47.47,1,4,138.1,No
CUST-000335,45,45,Month-to-month,No internet service,Yes,No,No,Yes,Electronic check,25.63,1133.72,1,2,5.0,No
CUST-000336,27,8,Month-to-month,Fiber optic,Yes,No,No,Yes,Bank transfer,69.81,580.18,0,2,417.2,No
CUST-000337,35,34,Month-to-month,DSL,Yes,No,Yes,No,Credit card,61.05,2096.44,1,4,110.0,No
CUST-000338,50,20,One year,Fiber optic,No,No,Yes,Yes,Electronic check,82.87,1641.91,2,3,350.2,No
CUST-000339,62,10,Month-to-month,No internet service,Yes,No,No,Yes,Electronic check,29.37,301.62,0,3,3.8,No
CUST-000340,54,60,One year,DSL,No,No,Yes,No,Credit card,51.76,3068.55,1,3,183.1,No
CUST-000341,18,1,Two year,No internet service,No,Yes,No,No,Electronic check,32.48,38.84,0,3,1.5,No
CUST-000342,50,13,Month-to-month,DSL,No,Yes,No,Yes,Electronic check,50.55,672.78,0,4,124.8,No
CUST-000343,46,9,Month-to-month,Fiber optic,No,No,No,Yes,Electronic check,60.4,521.14,3,1,233.2,Yes
CUST-000344,51,6,Month-to-month,DSL,No,No,Yes,No,Bank transfer,66.88,401.58,2,3,142.6,Yes
CUST-000345,69,21,Month-to-month,No internet service,No,Yes,No,Yes,Mailed check,20.53,433.68,0,4,4.3,No
CUST-000346,18,21,Month-to-month,Fiber optic,No,Yes,No,Yes,Mailed check,66.87,1462.05,0,4,280.2,No
CUST-000347,36,18,One year,Fiber optic,No,Yes,Yes,No,Credit card,83.0,1545.62,0,5,553.0,No
CUST-000348,54,25,Month-to-month,DSL,Yes,No,No,No,Credit card,54.61,1371.69,1,3,129.8,No
CUST-000349,21,7,Month-to-month,DSL,No,No,No,Yes,Bank transfer,41.24,275.41,1,3,129.7,No
CUST-000350,67,71,One year,Fiber optic,No,No,Yes,Yes,Mailed check,65.95,4687.34,0,5,350.3,No
CUST-000351,51,1,Month-to-month,Fiber optic,No,No,Yes,No,Credit card,77.16,99.69,0,3,227.9,No
CUST-000352,58,60,One year,Fiber optic,Yes,No,No,Yes,Electronic check,67.77,4032.72,1,5,185.9,No
CUST-000353,36,2,Two year,DSL,Yes,Yes,No,No,Credit card,57.2,72.57,0,4,123.1,No
CUST-000354,57,10,Month-to-month,DSL,Yes,Yes,No,No,Electronic check,54.95,526.58,2,4,190.5,Yes
CUST-000355,61,15,Month-to-month,DSL,No,Yes,Yes,Yes,Credit card,57.58,878.95,0,3,132.1,No
CUST-000356,48,5,Two year,No internet service,Yes,Yes,No,Yes,Credit card,32.67,179.76,1,3,5.5,No
CUST-000357,49,13,One year,Fiber optic,No,No,No,Yes,Electronic check,61.84,812.77,1,3,404.1,Yes
CUST-000358,49,12,One year,DSL,No,No,No,No,Electronic check,40.8,511.82,0,3,152.1,No
CUST-000359,32,28,One year,Fiber optic,Yes,Yes,No,No,Electronic check,83.83,2343.61,0,4,571.2,No
CUST-000360,43,11,Month-to-month,Fiber optic,No,No,No,No,Mailed check,60.03,654.91,0,5,286.5,No
CUST-000361,43,14,Month-to-month,DSL,Yes,No,No,Yes,Mailed check,51.74,732.06,1,2,52.9,No
CUST-000362,51,9,One year,DSL,Yes,No,Yes,Yes,Electronic check,64.81,617.52,1,5,191.0,No
CUST-000363,60,72,One year,No internet service,Yes,Yes,No,No,Electronic check,25.55,1847.82,0,4,4.9,No
CUST-000364,29,6,One year,Fiber optic,No,Yes,No,Yes,Mailed check,65.41,390.55,1,4,241.5,No
CUST-000365,43,14,Month-to-month,Fiber optic,No,Yes,Yes,No,Electronic check,82.8,1167.26,0,3,177.8,No
CUST-000366,67,22,Two year,Fiber optic,Yes,No,Yes,Yes,Credit card,84.61,1889.88,2,3,291.8,No
CUST-000367,34,10,Month-to-month,DSL,Yes,No,Yes,Yes,Electronic check,61.06,603.4,0,5,173.6,No
CUST-000368,33,1,Month-to-month,Fiber optic,No,No,Yes,No,Electronic check,76.87,67.91,1,3,250.7,Yes
CUST-000369,48,19,Month-to-month,No internet service,No,No,No,No,Electronic check,21.34,395.98,0,4,3.7,No
CUST-000370,58,14,Month-to-month,No internet service,Yes,Yes,No,Yes,Electronic check,36.93,533.33,0,3,3.1,No
CUST-000371,45,0,One year,DSL,No,Yes,Yes,Yes,Electronic check,66.33,50.74,1,3,100.2,No
CUST-000372,65,19,Month-to-month,DSL,No,Yes,Yes,No,Electronic check,69.05,1324.76,0,4,17.3,No
CUST-000373,58,7,One year,Fiber optic,No,No,Yes,Yes,Electronic check,77.54,513.36,0,4,280.9,No
CUST-000374,58,29,Month-to-month,DSL,No,No,No,Yes,Mailed check,38.06,1098.55,0,4,70.8,No
CUST-000375,53,1,Month-to-month,DSL,No,Yes,No,No,Mailed check,49.52,48.35,0,3,64.7,No
CUST-000376,80,13,Month-to-month,No internet service,No,Yes,No,Yes,Bank transfer,19.65,291.21,2,3,4.9,No
CUST-000377,42,7,Month-to-month,DSL,No,No,No,No,Credit card,49.23,364.02,2,4,258.0,No
CUST-000378,18,1,One year,Fiber optic,No,No,No,Yes,Bank transfer,71.87,64.75,0,5,215.9,No
CUST-000379,69,48,Month-to-month,Fiber optic,No,Yes,Yes,No,Electronic check,82.97,3972.19,0,3,308.8,No
CUST-000380,38,14,Month-to-month,Fiber optic,Yes,No,Yes,Yes,Mailed check,90.81,1257.86,0,5,352.2,No
CUST-000381,47,10,Month-to-month,No internet service,No,Yes,No,Yes,Bank transfer,31.47,292.26,0,3,11.0,Yes
CUST-000382,65,35,Month-to-month,No internet service,Yes,Yes,No,Yes,Bank transfer,35.52,1275.51,0,4,1.3,No
CUST-000383,21,13,Month-to-month,No internet service,Yes,Yes,No,Yes,Electronic check,36.63,461.07,0,4,14.4,No
CUST-000384,26,24,Two year,No internet service,No,No,No,No,Credit card,24.74,628.18,2,3,0.9,No
CUST-000385,21,14,Month-to-month,Fiber optic,No,No,No,Yes,Electronic check,58.02,814.27,1,3,286.2,Yes
CUST-000386,33,12,Month-to-month,DSL,Yes,No,Yes,Yes,Mailed check,66.24,793.23,2,2,164.6,Yes
CUST-000387,52,24,Two year,DSL,Yes,Yes,No,No,Bank transfer,61.77,1484.43,1,4,154.1,No
CUST-000388,53,1,One year,Fiber optic,No,No,No,Yes,Credit card,57.83,82.03,0,3,316.8,No
CUST-000389,49,14,Month-to-month,DSL,No,No,Yes,Yes,Credit card,66.56,914.75,1,3,131.8,No
CUST-000390,24,70,One year,DSL,Yes,No,No,Yes,Credit card,58.46,4102.36,2,3,63.0,No
CUST-000391,18,3,Two year,No internet service,No,No,Yes,No,Mailed check,37.5,111.72,1,4,5.9,No
CUST-000392,46,39,Month-to-month,Fiber optic,No,No,No,Yes,Mailed check,67.04,2622.63,1,4,217.7,Yes
CUST-000393,38,6,Month-to-month,No internet service,Yes,Yes,Yes,Yes,Electronic check,41.26,243.47,1,2,3.4,No
CUST-000394,52,47,Two year,No internet service,No,Yes,Yes,No,Mailed check,31.66,1480.8,1,3,6.2,No
CUST-000395,56,4,One year,No internet service,Yes,Yes,No,Yes,Credit card,33.5,144.5,1,2,2.2,No
CUST-000396,47,11,Two year,Fiber optic,No,No,No,No,Electronic check,68.48,725.67,2,3,330.5,No
CUST-000397,56,20,Month-to-month,Fiber optic,No,No,Yes,Yes,Electronic check,79.71,1622.08,0,4,356.9,Yes
CUST-000398,48,72,Two year,DSL,Yes,No,Yes,Yes,Credit card,73.55,5297.76,0,4,180.2,No
CUST-000399,53,7,Month-to-month,Fiber optic,No,Yes,No,Yes,Electronic check,69.45,475.16,1,4,279.9,Yes
CUST-000400,34,32,One year,Fiber optic,Yes,Yes,No,Yes,Electronic check,77.2,2477.77,2,4,261.7,No
CUST-000401,42,10,Two year,DSL,No,Yes,No,Yes,Credit card,51.04,496.51,0,3,111.9,No
CUST-000402,48,36,Month-to-month,Fiber optic,Yes,Yes,Yes,Yes,Mailed check,85.22,3069.5,3,3,377.4,No
CUST-000403,57,23,Month-to-month,DSL,No,No,No,Yes,Credit card,52.51,1209.43,0,2,121.0,No
CUST-000404,39,2,One year,No internet service,No,Yes,No,No,Electronic check,24.75,74.66,1,3,1.9,No
CUST-000405,53,17,Two year,DSL,Yes,Yes,Yes,No,Electronic check,72.27,1234.17,0,3,131.5,No
CUST-000406,41,3,Month-to-month,No internet service,No,No,Yes,Yes,Electronic check,36.07,85.82,1,4,5.1,Yes
CUST-000407,43,8,Two year,Fiber optic,Yes,Yes,Yes,Yes,Electronic check,87.24,709.54,2,4,263.3,No
CUST-000408,57,19,Month-to-month,Fiber optic,No,No,Yes,No,Mailed check,78.39,1503.83,0,5,341.3,No
CUST-000409,18,5,Month-to-month,Fiber optic,No,No,No,Yes,Bank transfer,64.96,292.55,4,3,371.8,Yes
CUST-000410,26,60,Month-to-month,Fiber optic,Yes,No,Yes,Yes,Mailed check,89.88,5369.04,1,4,359.0,No
CUST-000411,23,13,Two year,Fiber optic,Yes,Yes,No,No,Mailed check,79.04,1067.72,0,4,405.8,No
CUST-000412,18,17,Month-to-month,No internet service,Yes,No,No,Yes,Electronic check,18.0,299.37,0,5,0.0,No
CUST-000413,35,18,One year,No internet service,No,No,No,Yes,Bank transfer,18.0,317.84,2,4,7.5,Yes
CUST-000414,56,11,Month-to-month,Fiber optic,No,No,No,No,Electronic check,57.5,631.8,0,3,271.6,Yes
CUST-000415,41,10,Two year,Fiber optic,Yes,Yes,No,Yes,Electronic check,88.64,873.58,2,4,390.2,No
CUST-000416,48,22,One year,DSL,Yes,Yes,Yes,No,Credit card,78.07,1682.09,0,4,172.6,No
CUST-000417,61,44,Month-to-month,DSL,No,Yes,Yes,No,Credit card,52.25,2276.56,0,5,218.3,No
CUST-000418,65,31,Month-to-month,Fiber optic,Yes,No,No,Yes,Electronic check,67.95,2093.67,0,3,330.7,No
CUST-000419,44,5,Month-to-month,Fiber optic,Yes,No,No,No,Electronic check,66.08,320.34,0,3,363.6,No
CUST-000420,65,49,Month-to-month,Fiber optic,No,No,Yes,Yes,Bank transfer,78.08,3810.53,0,5,228.2,Yes
CUST-000421,46,27,Two year,DSL,Yes,Yes,No,No,Mailed check,54.22,1434.1,0,2,165.8,No
CUST-000422,32,48,One year,Fiber optic,No,No,Yes,Yes,Credit card,75.67,3621.09,0,4,429.5,No
CUST-000423,36,9,Month-to-month,DSL,Yes,Yes,Yes,Yes,Mailed check,64.11,599.3,0,4,161.4,No
CUST-000424,23,49,One year,Fiber optic,No,Yes,No,No,Electronic check,73.15,3570.91,1,4,308.8,No
CUST-000425,32,5,Month-to-month,Fiber optic,Yes,No,No,No,Bank transfer,64.6,319.35,1,2,480.8,Yes
CUST-000426,40,36,Month-to-month,DSL,Yes,Yes,No,No,Electronic check,71.52,2603.6,0,5,161.6,Yes
CUST-000427,57,14,Month-to-month,Fiber optic,Yes,No,Yes,No,Mailed check,92.52,1281.53,0,4,382.6,No
CUST-000428,71,0,Month-to-month,No internet service,No,No,No,No,Bank transfer,32.41,93.55,0,3,2.8,No
CUST-000429,24,59,One year,DSL,No,Yes,Yes,Yes,Credit card,66.03,3913.61,2,2,117.9,No
CUST-000430,51,50,Month-to-month,No internet service,Yes,Yes,No,No,Electronic check,41.78,2090.55,5,1,0.0,Yes
CUST-000431,29,5,One year,DSL,No,Yes,No,Yes,Bank transfer,55.46,272.34,2,4,136.6,No
CUST-000432,52,8,Month-to-month,Fiber optic,Yes,No,No,Yes,Electronic check,67.98,570.68,0,3,413.5,No
CUST-000433,43,32,One year,Fiber optic,Yes,Yes,No,Yes,Credit card,77.14,2454.62,0,3,275.4,No
CUST-000434,18,31,Month-to-month,DSL,Yes,No,Yes,No,Electronic check,67.12,2072.07,0,3,131.1,No
CUST-000435,59,29,Month-to-month,DSL,No,Yes,Yes,Yes,Electronic check,68.76,2026.19,0,4,129.2,No
CUST-000436,36,2,Month-to-month,Fiber optic,Yes,No,Yes,Yes,Electronic check,84.97,162.43,1,4,394.5,No
CUST-000437,37,5,Month-to-month,Fiber optic,Yes,Yes,No,Yes,Credit card,81.77,399.52,0,4,151.1,No
CUST-000438,29,3,Month-to-month,Fiber optic,No,No,No,Yes,Electronic check,63.34,176.77,0,4,275.0,No
CUST-000439,35,16,Month-to-month,Fiber optic,No,No,No,Yes,Bank transfer,62.94,968.39,2,3,197.1,Yes
CUST-000440,51,1,One year,Fiber optic,Yes,Yes,No,Yes,Electronic check,71.64,91.94,3,2,219.2,Yes
CUST-000441,42,3,Month-to-month,DSL,No,Yes,Yes,No,Bank transfer,65.21,194.77,1,3,81.5,Yes
CUST-000442,50,20,One year,No internet service,Yes,No,No,No,Credit card,25.54,532.19,0,4,5.3,No
CUST-000443,50,3,One year,Fiber optic,No,No,Yes,No,Electronic check,70.58,208.36,2,4,386.4,No
CUST-000444,65,28,Month-to-month,Fiber optic,Yes,No,Yes,Yes,Bank transfer,82.04,2288.68,0,2,297.8,Yes
CUST-000445,40,2,One year,Fiber optic,No,No,No,No,Mailed check,66.43,119.59,1,3,335.1,Yes
CUST-000446,23,53,Month-to-month,Fiber optic,No,No,Yes,Yes,Mailed check,80.34,4271.7,2,2,246.5,No
CUST-000447,61,6,One year,DSL,Yes,Yes,No,Yes,Electronic check,58.08,332.4,3,3,86.0,No
CUST-000448,40,7,One year,Fiber optic,Yes,No,No,Yes,Electronic check,78.34,556.07,0,4,336.4,No
CUST-000449,62,0,One year,No internet service,Yes,No,No,Yes,Credit card,35.45,36.21,1,1,3.0,No
CUST-000450,51,30,Month-to-month,No internet service,No,No,No,Yes,Mailed check,18.57,536.25,0,5,3.0,Yes
CUST-000451,43,14,One year,DSL,No,No,Yes,Yes,Electronic check,61.87,857.21,1,2,164.7,No
CUST-000452,50,72,Month-to-month,No internet service,No,No,No,No,Electronic check,18.0,1296.2,0,4,2.3,No
CUST-000453,74,3,Month-to-month,DSL,No,No,No,No,Bank transfer,38.5,109.29,0,4,149.2,No
CUST-000454,76,42,Month-to-month,No internet service,No,Yes,No,Yes,Credit card,21.28,931.67,1,3,5.2,No
CUST-000455,46,5,Month-to-month,Fiber optic,No,Yes,No,Yes,Credit card,66.68,338.1,1,4,334.7,Yes
CUST-000456,47,22,One year,No internet service,No,No,No,No,Credit card,18.0,392.08,0,3,5.7,No
CUST-000457,61,8,Two year,Fiber optic,Yes,No,No,Yes,Credit card,82.91,656.02,1,2,402.5,No
CUST-000458,32,15,Month-to-month,Fiber optic,No,No,No,Yes,Bank transfer,62.38,931.12,0,5,414.2,No
CUST-000459,50,3,One year,No internet service,Yes,No,Yes,No,Mailed check,38.12,102.2,0,3,2.8,No
CUST-000460,45,23,One year,Fiber optic,Yes,No,No,Yes,Bank transfer,73.77,1680.25,0,5,375.8,No
CUST-000461,50,12,Two year,Fiber optic,Yes,No,No,Yes,Credit card,66.4,808.77,1,4,361.0,No
CUST-000462,32,0,One year,Fiber optic,Yes,No,Yes,Yes,Electronic check,85.73,116.53,0,3,328.1,Yes
CUST-000463,21,7,Month-to-month,Fiber optic,No,Yes,No,Yes,Mailed check,74.28,510.95,0,4,187.8,No
CUST-000464,18,0,Month-to-month,Fiber optic,Yes,No,No,Yes,Credit card,80.41,89.0,0,4,220.9,Yes
CUST-000465,28,4,One year,Fiber optic,Yes,No,No,No,Electronic check,79.57,304.99,0,5,286.7,No
CUST-000466,38,38,Month-to-month,DSL,No,No,Yes,Yes,Credit card,58.82,2237.24,2,3,135.9,No
CUST-000467,41,9,Two year,No internet service,No,No,No,Yes,Credit card,18.88,143.75,0,3,5.3,No
CUST-000468,74,29,Two year,Fiber optic,Yes,No,No,No,Mailed check,72.17,2075.86,1,4,131.6,No
CUST-000469,62,32,Two year,No internet service,Yes,No,Yes,Yes,Credit card,42.04,1327.5,0,3,8.0,No
CUST-000470,31,1,Month-to-month,DSL,Yes,No,No,No,Electronic check,52.77,49.87,0,2,191.3,Yes
CUST-000471,50,61,One year,DSL,No,No,No,Yes,Credit card,44.55,2694.15,1,4,120.2,No
CUST-000472,39,11,One year,DSL,Yes,No,Yes,Yes,Electronic check,60.33,618.82,0,5,188.4,No
CUST-000473,41,34,Month-to-month,No internet service,No,No,No,No,Electronic check,23.35,766.5,1,4,6.7,No
CUST-000474,48,11,Month-to-month,Fiber optic,Yes,No,Yes,No,Mailed check,86.49,947.9,1,2,350.7,No
CUST-000475,54,9,Month-to-month,DSL,No,No,Yes,No,Bank transfer,53.22,463.13,0,3,266.8,Yes
CUST-000476,40,31,Month-to-month,No internet service,Yes,No,Yes,No,Bank transfer,47.45,1459.37,1,2,3.3,Yes
CUST-000477,61,58,Two year,DSL,No,No,No,No,Bank transfer,46.04,2675.61,1,3,126.3,No
CUST-000478,28,18,Two year,Fiber optic,Yes,Yes,No,Yes,Credit card,71.88,1277.42,0,4,407.5,No
CUST-000479,45,1,Month-to-month,DSL,Yes,No,No,No,Bank transfer,57.72,56.12,0,4,153.4,No
CUST-000480,84,15,Month-to-month,No internet service,No,No,Yes,Yes,Credit card,28.64,472.33,0,5,4.6,No
CUST-000481,48,7,Month-to-month,Fiber optic,No,No,No,Yes,Electronic check,62.95,433.03,0,4,375.8,No
CUST-000482,66,17,Month-to-month,DSL,Yes,No,No,Yes,Credit card,52.07,881.08,3,2,131.7,Yes
CUST-000483,46,11,Month-to-month,No internet service,No,No,No,Yes,Credit card,24.32,275.13,1,4,1.9,Yes
CUST-000484,54,6,One year,DSL,Yes,No,Yes,Yes,Credit card,64.71,371.91,2,3,176.0,No
CUST-000485,44,1,One year,Fiber optic,No,Yes,Yes,Yes,Mailed check,86.09,74.26,1,3,212.2,No
CUST-000486,42,0,Two year,DSL,No,No,No,Yes,Credit card,37.13,35.22,2,3,173.9,No
CUST-000487,33,27,Two year,DSL,Yes,Yes,No,No,Electronic check,53.48,1447.84,0,4,121.6,No
CUST-000488,51,10,Month-to-month,Fiber optic,Yes,No,Yes,Yes,Electronic check,85.16,832.99,1,4,419.8,Yes
CUST-000489,32,59,One year,DSL,Yes,Yes,No,Yes,Mailed check,55.37,3277.99,1,4,159.7,No
CUST-000490,55,71,Month-to-month,Fiber optic,No,No,Yes,No,Credit card,75.98,5425.51,0,2,489.8,No
CUST-000491,61,29,Month-to-month,No internet service,Yes,No,No,Yes,Credit card,31.73,881.91,1,2,0.5,No
CUST-000492,50,19,Month-to-month,No internet service,Yes,Yes,Yes,Yes,Mailed check,41.98,805.45,1,4,4.4,No
CUST-000493,41,7,Month-to-month,No internet service,No,No,No,No,Credit card,18.0,124.17,1,4,5.8,No
CUST-000494,52,13,Month-to-month,DSL,Yes,No,Yes,No,Bank transfer,65.55,846.21,0,5,155.6,No
CUST-000495,40,18,Month-to-month,Fiber optic,Yes,No,No,Yes,Electronic check,62.37,1129.19,2,3,438.0,Yes
CUST-000496,59,47,Month-to-month,DSL,No,No,No,Yes,Bank transfer,50.04,2379.47,0,4,28.0,No
CUST-000497,18,22,Two year,Fiber optic,Yes,No,Yes,Yes,Electronic check,85.65,1889.44,1,4,242.2,No
CUST-000498,40,6,Month-to-month,DSL,No,Yes,Yes,Yes,Bank transfer,63.47,400.0,0,2,96.9,No
CUST-000499,18,11,Month-to-month,Fiber optic,No,No,No,Yes,Electronic check,62.3,684.52,0,2,126.6,Yes
CUST-000500,23,72,Two year,DSL,Yes,No,Yes,Yes,Electronic check,68.45,4935.7,0,4,81.4,No
CUST-000501,65,5,One year,DSL,No,No,Yes,No,Bank transfer,56.19,270.07,1,4,81.8,No
CUST-000502,58,30,Month-to-month,Fiber optic,Yes,Yes,No,No,Mailed check,85.13,2554.66,0,5,292.5,No
CUST-000503,34,4,Two year,Fiber optic,No,No,Yes,No,Credit card,68.45,268.36,1,5,205.2,No
CUST-000504,22,4,Month-to-month,Fiber optic,No,Yes,No,No,Bank transfer,71.32,287.42,1,3,98.1,Yes
CUST-000505,18,50,Month-to-month,Fiber optic,No,No,No,No,Electronic check,65.21,3227.4,0,3,252.5,No
CUST-000506,37,13,Month-to-month,DSL,No,Yes,Yes,Yes,Credit card,64.56,816.98,2,2,191.0,No
CUST-000507,81,14,Month-to-month,No internet service,No,Yes,Yes,No,Electronic check,45.02,654.04,0,4,2.4,No
CUST-000508,52,9,One year,No internet service,Yes,Yes,Yes,No,Bank transfer,39.18,380.5,2,1,3.9,No
CUST-000509,37,10,Month-to-month,No internet service,No,No,No,No,Mailed check,18.0,145.37,0,2,7.7,No
CUST-000510,52,13,One year,Fiber optic,Yes,No,Yes,Yes,Electronic check,83.23,1070.65,1,4,255.5,No
CUST-000511,22,6,One year,Fiber optic,No,No,No,Yes,Mailed check,55.54,318.28,1,3,414.7,No
CUST-000512,41,5,Two year,DSL,No,No,No,Yes,Credit card,56.53,287.72,1,3,199.8,No
CUST-000513,46,34,Month-to-month,DSL,Yes,No,No,Yes,Electronic check,57.67,1959.1,0,3,160.2,No
CUST-000514,44,9,Month-to-month,DSL,Yes,No,Yes,No,Credit card,67.59,621.91,1,2,209.0,Yes
CUST-000515,57,14,Two year,No internet service,No,Yes,Yes,No,Bank transfer,41.91,559.71,1,1,4.7,No
CUST-000516,50,70,One year,DSL,No,No,No,No,Electronic check,51.36,3602.2,1,4,117.6,No
CUST-000517,55,1,Month-to-month,DSL,No,No,No,Yes,Bank transfer,41.93,35.25,1,3,136.0,No
CUST-000518,35,7,Month-to-month,No internet service,Yes,No,No,Yes,Bank transfer,26.19,168.59,0,4,0.6,No
CUST-000519,58,16,One year,Fiber optic,No,No,Yes,Yes,Bank transfer,78.71,1268.19,1,3,368.9,No
CUST-000520,69,45,One year,No internet service,Yes,No,No,Yes,Electronic check,25.48,1141.66,0,3,6.7,No
CUST-000521,30,34,One year,DSL,No,Yes,Yes,Yes,Credit card,58.36,1982.23,0,4,156.0,No
CUST-000522,32,47,Two year,Fiber optic,Yes,No,No,Yes,Credit card,70.35,3333.18,0,3,288.7,No
CUST-000523,65,7,Month-to-month,No internet service,No,No,No,Yes,Credit card,21.91,154.79,2,3,5.2,No
CUST-000524,42,17,Month-to-month,No internet service,No,No,Yes,Yes,Credit card,36.56,660.42,0,2,5.8,No
CUST-000525,66,57,One year,DSL,No,Yes,No,Yes,Mailed check,44.65,2498.45,0,5,160.2,No
CUST-000526,38,40,Two year,Fiber optic,No,Yes,No,No,Mailed check,70.05,2801.81,0,4,263.7,No
CUST-000527,67,15,Month-to-month,Fiber optic,Yes,Yes,Yes,No,Bank transfer,90.73,1338.72,0,5,363.3,No
CUST-000528,47,2,One year,DSL,Yes,No,Yes,No,Electronic check,58.05,97.54,0,5,89.9,No
CUST-000529,49,19,Month-to-month,Fiber optic,Yes,Yes,No,Yes,Bank transfer,81.24,1530.45,0,3,432.5,Yes
CUST-000530,68,0,Month-to-month,Fiber optic,Yes,No,No,Yes,Electronic check,72.46,90.91,0,3,347.7,Yes
CUST-000531,40,37,Two year,Fiber optic,Yes,Yes,Yes,Yes,Credit card,86.31,3185.34,1,3,539.9,No
CUST-000532,31,59,Month-to-month,Fiber optic,No,No,Yes,No,Electronic check,74.59,4377.98,1,3,307.4,Yes
CUST-000533,38,30,Month-to-month,DSL,No,No,No,No,Credit card,47.68,1443.59,1,4,177.3,No
CUST-000534,52,7,One year,DSL,No,No,Yes,No,Electronic check,61.89,409.58,1,3,159.2,No
CUST-000535,22,14,Month-to-month,Fiber optic,No,No,Yes,Yes,Credit card,78.7,1135.24,0,2,255.2,No
CUST-000536,55,16,Month-to-month,DSL,No,No,No,No,Bank transfer,54.53,846.66,0,2,134.5,No
CUST-000537,37,9,One year,Fiber optic,Yes,No,No,No,Mailed check,78.58,701.47,2,3,456.8,No
CUST-000538,62,45,Month-to-month,Fiber optic,No,No,Yes,Yes,Electronic check,79.76,3627.69,0,3,297.0,No
CUST-000539,18,9,One year,DSL,No,No,Yes,Yes,Bank transfer,53.49,474.92,0,3,170.2,No
CUST-000540,33,43,Month-to-month,DSL,Yes,Yes,Yes,Yes,Mailed check,76.66,3304.85,0,3,110.3,No
CUST-000541,20,17,Month-to-month,Fiber optic,Yes,No,Yes,Yes,Credit card,81.16,1377.53,1,2,320.4,No
CUST-000542,33,3,One year,DSL,No,No,No,Yes,Credit card,48.73,146.16,1,4,149.6,No
CUST-000543,49,48,Month-to-month,Fiber optic,No,Yes,Yes,No,Bank transfer,70.78,3381.07,4,2,352.4,Yes
CUST-000544,42,15,Two year,DSL,No,Yes,Yes,Yes,Electronic check,60.53,917.01,1,2,151.5,No
CUST-000545,41,2,Two year,Fiber optic,No,No,No,No,Electronic check,58.01,142.57,0,3,464.7,No
CUST-000546,43,48,Two year,DSL,Yes,No,No,Yes,Mailed check,51.57,2436.52,4,3,153.6,No
CUST-000547,48,33,Month-to-month,DSL,No,No,No,No,Mailed check,37.3,1212.41,1,4,188.4,No
CUST-000548,30,7,Month-to-month,Fiber optic,No,Yes,Yes,Yes,Bank transfer,83.14,570.93,0,3,241.9,No
CUST-000549,56,12,Two year,DSL,Yes,No,No,No,Bank transfer,55.34,646.33,0,2,142.5,No
CUST-000550,55,55,Month-to-month,No internet service,Yes,No,No,Yes,Mailed check,24.75,1374.1,1,4,3.7,No
CUST-000551,51,9,One year,Fiber optic,Yes,No,No,Yes,Mailed check,71.4,630.48,0,4,252.3,No
CUST-000552,53,19,Two year,DSL,No,No,Yes,No,Mailed check,58.1,1105.52,1,3,142.6,No
CUST-000553,49,35,Month-to-month,No internet service,No,Yes,Yes,Yes,Credit card,37.76,1351.42,0,4,5.7,No
CUST-000554,76,10,Month-to-month,Fiber optic,No,Yes,Yes,No,Electronic check,89.74,861.5,0,5,343.2,No
CUST-000555,44,43,One year,No internet service,Yes,No,No,Yes,Electronic check,24.57,1062.85,1,3,11.6,No
CUST-000556,40,26,One year,Fiber optic,No,Yes,Yes,Yes,Electronic check,85.69,2225.49,1,4,369.6,No
CUST-000557,34,18,Month-to-month,DSL,Yes,Yes,No,No,Electronic check,60.3,1083.0,0,5,151.4,No
CUST-000558,30,15,One year,No internet service,No,Yes,No,Yes,Bank transfer,18.06,252.8,0,4,8.8,No
CUST-000559,26,41,One year,No internet service,No,No,No,No,Credit card,20.44,830.43,4,2,2.2,No
CUST-000560,32,30,Month-to-month,DSL,No,Yes,No,Yes,Bank transfer,50.57,1516.94,0,5,216.4,No
CUST-000561,44,14,Month-to-month,DSL,Yes,No,No,No,Credit card,50.54,703.88,3,4,119.0,No
CUST-000562,50,9,One year,Fiber optic,Yes,No,Yes,No,Electronic check,93.87,858.77,0,4,434.8,No
CUST-000563,46,11,One year,Fiber optic,Yes,No,No,Yes,Electronic check,79.43,851.85,0,3,318.9,Yes
CUST-000564,34,22,Two year,No internet service,No,No,Yes,Yes,Electronic check,28.19,592.24,0,5,3.9,No
CUST-000565,59,1,Month-to-month,Fiber optic,Yes,No,Yes,No,Bank transfer,88.18,48.06,3,3,404.0,Yes
CUST-000566,56,4,Two year,No internet service,No,Yes,No,Yes,Mailed check,29.72,121.71,1,4,1.8,No
CUST-000567,43,60,One year,Fiber optic,Yes,Yes,No,No,Electronic check,79.73,4798.93,0,3,510.0,No
CUST-000568,35,34,One year,Fiber optic,No,Yes,Yes,No,Electronic check,77.51,2611.87,1,2,222.4,No
CUST-000569,53,31,Month-to-month,Fiber optic,Yes,No,Yes,Yes,Credit card,80.24,2462.19,1,2,451.2,Yes
CUST-000570,48,17,Month-to-month,DSL,Yes,No,Yes,Yes,Electronic check,67.64,1187.65,1,4,108.8,No
CUST-000571,23,7,Month-to-month,Fiber optic,No,No,No,No,Electronic check,67.53,498.26,1,4,202.9,Yes
CUST-000572,44,20,Month-to-month,Fiber optic,Yes,No,No,No,Mailed check,71.57,1458.08,0,4,194.2,No
CUST-000573,49,1,Month-to-month,No internet service,No,No,No,Yes,Mailed check,26.58,33.56,1,3,7.0,Yes
CUST-000574,32,15,Two year,No internet service,No,Yes,No,No,Bank transfer,33.47,516.16,2,4,8.1,No
CUST-000575,48,0,Month-to-month,DSL,Yes,No,No,Yes,Bank transfer,60.41,54.67,0,4,115.8,No
CUST-000576,23,10,Two year,Fiber optic,No,No,Yes,No,Credit card,84.43,815.83,0,5,251.3,No
CUST-000577,65,72,Month-to-month,Fiber optic,No,Yes,No,Yes,Credit card,70.92,5078.78,0,3,465.4,No
CUST-000578,64,9,Two year,DSL,Yes,No,No,Yes,Mailed check,46.33,417.03,0,4,136.6,No
CUST-000579,41,26,Month-to-month,Fiber optic,Yes,No,No,Yes,Credit card,71.39,1874.64,2,4,241.0,Yes
CUST-000580,50,11,One year,Fiber optic,Yes,No,No,Yes,Bank transfer,72.43,793.38,0,4,361.0,Yes
CUST-000581,18,1,One year,No internet service,Yes,No,Yes,Yes,Credit card,36.85,49.03,4,2,3.7,No
CUST-000582,28,0,Two year,Fiber optic,Yes,Yes,No,Yes,Mailed check,77.1,75.31,1,5,301.6,No
CUST-000583,41,4,Month-to-month,No internet service,No,No,No,No,Electronic check,18.0,78.09,0,4,5.5,Yes
CUST-000584,29,6,Month-to-month,Fiber optic,Yes,No,No,Yes,Bank transfer,76.57,474.84,1,3,231.0,Yes
CUST-000585,56,11,Two year,Fiber optic,No,No,No,No,Credit card,73.14,831.16,0,3,166.9,No
CUST-000586,75,6,Month-to-month,Fiber optic,No,Yes,No,Yes,Credit card,82.91,503.17,0,4,404.5,Yes
CUST-000587,27,17,One year,No internet service,Yes,No,Yes,No,Electronic check,41.24,739.87,1,2,4.8,Yes
CUST-000588,32,33,Month-to-month,DSL,No,No,No,Yes,Mailed check,44.14,1451.96,0,3,151.1,No
CUST-000589,49,1,Month-to-month,DSL,Yes,No,No,Yes,Credit card,52.82,79.29,0,3,199.3,No
CUST-000590,69,3,One year,Fiber optic,Yes,No,No,No,Mailed check,79.81,251.08,1,3,319.0,Yes
CUST-000591,27,63,One year,No internet service,No,No,No,Yes,Mailed check,26.72,1646.75,0,4,9.4,No
CUST-000592,49,28,One year,DSL,No,No,No,Yes,Credit card,43.8,1254.67,3,3,160.0,No
CUST-000593,72,4,Month-to-month,DSL,Yes,No,No,Yes,Mailed check,59.02,217.72,1,3,51.0,No
CUST-000594,20,2,One year,DSL,No,No,No,Yes,Electronic check,45.81,86.64,0,4,71.2,No
CUST-000595,26,42,Two year,DSL,No,No,No,Yes,Electronic check,41.32,1752.9,1,3,184.8,No
CUST-000596,39,52,Month-to-month,DSL,No,No,Yes,No,Mailed check,56.23,2909.07,1,3,113.0,No
CUST-000597,37,16,Month-to-month,Fiber optic,No,Yes,Yes,Yes,Mailed check,91.52,1462.9,1,3,357.1,Yes
CUST-000598,57,17,Month-to-month,No internet service,No,Yes,No,Yes,Credit card,29.61,516.51,1,4,8.7,No
CUST-000599,49,2,One year,Fiber optic,No,No,No,Yes,Credit card,62.47,108.5,0,5,358.5,No
CUST-000600,18,15,Month-to-month,No internet service,No,Yes,No,Yes,Electronic check,30.69,455.63,0,2,2.0,No
CUST-000601,53,18,One year,Fiber optic,No,No,Yes,Yes,Credit card,80.57,1443.19,2,4,340.2,No
CUST-000602,36,61,Month-to-month,Fiber optic,No,No,Yes,Yes,Electronic check,75.45,4621.73,1,3,276.0,No
CUST-000603,64,4,One year,Fiber optic,Yes,No,Yes,Yes,Electronic check,81.27,356.45,1,3,230.1,No
CUST-000604,36,9,Two year,DSL,Yes,Yes,Yes,No,Bank transfer,65.44,566.96,2,3,186.4,No
CUST-000605,35,14,Month-to-month,Fiber optic,Yes,No,No,Yes,Mailed check,64.78,908.47,2,5,262.2,No
CUST-000606,53,4,Month-to-month,No internet service,Yes,Yes,No,Yes,Electronic check,30.73,112.44,2,1,4.0,Yes
CUST-000607,56,34,Month-to-month,DSL,Yes,No,No,Yes,Mailed check,52.11,1772.36,2,2,136.3,No
CUST-000608,52,8,Month-to-month,Fiber optic,No,Yes,Yes,Yes,Credit card,89.3,749.73,2,4,322.1,Yes
CUST-000609,20,8,Month-to-month,DSL,No,No,Yes,Yes,Bank transfer,61.12,496.56,0,5,135.2,No
CUST-000610,53,34,Two year,No internet service,Yes,No,No,No,Mailed check,28.98,974.06,0,5,8.9,No
CUST-000611,29,2,Month-to-month,No internet service,Yes,No,Yes,No,Credit card,30.63,33.89,2,4,1.5,No
CUST-000612,49,17,Month-to-month,Fiber optic,No,No,No,Yes,Electronic check,66.48,1150.14,0,4,307.2,No
CUST-000613,24,8,Month-to-month,No internet service,No,No,No,Yes,Electronic check,18.0,134.82,1,2,1.0,No
CUST-000614,52,11,Month-to-month,Fiber optic,No,No,Yes,No,Electronic check,81.37,879.55,0,3,266.9,Yes
CUST-000615,33,15,Two year,DSL,No,Yes,No,Yes,Electronic check,55.51,838.73,0,4,165.3,No
CUST-000616,26,29,Month-to-month,No internet service,No,Yes,No,No,Electronic check,26.25,772.83,1,3,5.6,No
CUST-000617,56,21,Month-to-month,Fiber optic,Yes,No,Yes,Yes,Electronic check,89.08,1863.31,2,3,337.1,Yes
CUST-000618,49,23,Month-to-month,Fiber optic,Yes,No,No,Yes,Bank transfer,78.07,1776.69,0,5,271.0,Yes
CUST-000619,36,19,Two year,DSL,No,No,Yes,Yes,Electronic check,57.55,1120.82,0,5,148.0,No
CUST-000620,67,15,Two year,Fiber optic,Yes,No,Yes,No,Electronic check,84.28,1277.87,3,4,281.7,Yes
CUST-000621,38,43,Month-to-month,Fiber optic,Yes,Yes,Yes,No,Bank transfer,84.36,3647.23,1,3,389.5,No
CUST-000622,45,1,One year,Fiber optic,No,Yes,No,No,Mailed check,69.22,62.08,0,4,162.9,No
CUST-000623,49,24,One year,DSL,No,No,No,Yes,Bank transfer,40.02,943.89,2,3,72.1,No
CUST-000624,36,15,One year,Fiber optic,No,No,No,No,Electronic check,59.97,888.89,0,4,295.6,No
CUST-000625,52,4,Month-to-month,DSL,No,No,No,No,Credit card,41.34,134.89,1,3,12.1,No
CUST-000626,37,59,One year,No internet service,No,No,Yes,Yes,Credit card,22.19,1302.52,0,4,7.0,No
CUST-000627,39,42,One year,DSL,Yes,Yes,No,Yes,Electronic check,63.9,2670.29,0,3,103.6,No
CUST-000628,65,43,Month-to-month,DSL,No,Yes,No,Yes,Bank transfer,52.1,2238.75,2,3,154.2,No
CUST-000629,29,9,Month-to-month,DSL,No,No,No,No,Credit card,50.8,458.18,1,4,196.3,No
CUST-000630,18,19,Month-to-month,Fiber optic,Yes,No,No,Yes,Bank transfer,77.01,1465.0,2,3,314.9,No
CUST-000631,69,26,Month-to-month,DSL,No,No,Yes,Yes,Electronic check,59.49,1535.03,1,4,135.2,No
CUST-000632,83,18,Month-to-month,Fiber optic,Yes,No,No,Yes,Electronic check,76.97,1361.7,0,2,485.0,Yes
CUST-000633,39,22,Two year,Fiber optic,No,No,No,No,Bank transfer,65.75,1417.66,1,4,133.3,No
CUST-000634,18,22,Two year,Fiber optic,No,No,No,Yes,Mailed check,71.53,1577.57,2,3,233.8,No
CUST-000635,40,13,Month-to-month,DSL,No,Yes,No,Yes,Credit card,48.45,632.56,0,5,67.1,No
CUST-000636,41,9,Month-to-month,Fiber optic,No,No,No,No,Electronic check,64.9,556.26,0,4,234.6,Yes
CUST-000637,42,9,One year,Fiber optic,No,Yes,Yes,Yes,Electronic check,81.6,762.93,2,3,233.5,No
CUST-000638,28,4,Month-to-month,No internet service,Yes,Yes,Yes,Yes,Mailed check,56.09,241.06,2,3,5.1,Yes
CUST-000639,54,38,Month-to-month,Fiber optic,No,No,Yes,Yes,Mailed check,73.84,2785.49,0,5,259.7,No
CUST-000640,53,63,Two year,DSL,No,No,Yes,No,Bank transfer,63.44,4002.03,1,4,110.0,No
CUST-000641,23,16,Month-to-month,Fiber optic,Yes,Yes,Yes,No,Electronic check,84.18,1344.14,4,3,297.8,Yes
CUST-000642,55,17,Month-to-month,DSL,No,No,No,No,Bank transfer,45.5,778.77,0,4,189.0,Yes
CUST-000643,76,72,One year,Fiber optic,No,No,Yes,Yes,Credit card,76.09,5481.92,1,3,311.8,No
CUST-000644,48,42,One year,Fiber optic,No,Yes,Yes,Yes,Credit card,77.9,3285.23,0,4,395.9,No
CUST-000645,40,32,Month-to-month,No internet service,No,No,No,Yes,Credit card,18.0,605.58,2,1,12.7,No
CUST-000646,43,6,One year,DSL,No,Yes,No,Yes,Mailed check,53.52,327.1,0,4,174.1,No
CUST-000647,54,34,Two year,Fiber optic,No,No,Yes,No,Credit card,75.32,2571.54,1,3,175.2,No
CUST-000648,19,2,Month-to-month,Fiber optic,No,No,No,No,Bank transfer,60.17,149.64,1,3,308.0,No
CUST-000649,47,5,One year,DSL,Yes,No,No,Yes,Electronic check,57.49,276.69,1,2,63.0,No
CUST-000650,39,18,Month-to-month,Fiber optic,Yes,No,No,No,Credit card,72.89,1293.36,3,4,256.0,Yes
CUST-000651,73,9,Month-to-month,DSL,No,No,No,Yes,Electronic check,46.66,433.38,1,3,100.5,Yes
CUST-000652,42,12,Month-to-month,DSL,No,Yes,No,Yes,Electronic check,56.47,653.18,2,2,80.8,Yes
CUST-000653,70,10,Month-to-month,DSL,No,No,Yes,No,Electronic check,64.73,631.15,1,3,133.5,Yes
CUST-000654,28,25,Month-to-month,No internet service,Yes,Yes,No,No,Bank transfer,22.57,594.35,1,3,5.3,No
CUST-000655,54,10,Two year,Fiber optic,Yes,Yes,Yes,No,Bank transfer,90.46,870.24,0,5,315.6,No
CUST-000656,50,13,Month-to-month,No internet service,Yes,No,Yes,No,Bank transfer,31.62,417.12,1,3,3.9,No
CUST-000657,32,50,Two year,DSL,No,Yes,No,Yes,Electronic check,64.63,3202.66,0,4,187.4,No
CUST-000658,48,43,Month-to-month,DSL,No,No,No,No,Electronic check,45.75,1975.46,0,2,151.6,No
CUST-000659,63,1,Two year,DSL,Yes,No,Yes,No,Electronic check,69.87,106.52,0,3,139.3,No
CUST-000660,40,7,Month-to-month,DSL,No,No,Yes,Yes,Electronic check,53.86,356.77,1,4,115.9,No
CUST-000661,20,46,Month-to-month,Fiber optic,No,No,No,Yes,Electronic check,63.22,2866.05,0,4,195.6,No
CUST-000662,45,1,One year,No internet service,No,No,No,No,Electronic check,25.5,32.63,0,3,6.0,No
CUST-000663,31,5,One year,No internet service,No,No,No,No,Credit card,22.58,100.35,2,5,6.5,No
CUST-000664,40,21,Month-to-month,Fiber optic,No,No,Yes,Yes,Credit card,85.39,1789.51,0,3,447.8,No
CUST-000665,44,20,Month-to-month,DSL,No,No,Yes,Yes,Mailed check,52.83,1063.89,1,4,212.3,Yes
CUST-000666,19,14,One year,DSL,No,No,Yes,Yes,Mailed check,55.91,794.0,2,3,191.6,No
CUST-000667,21,13,One year,No internet service,Yes,No,No,Yes,Credit card,30.57,408.87,0,3,7.0,No
CUST-000668,52,26,Month-to-month,DSL,No,No,No,No,Bank transfer,48.33,1256.03,1,2,238.4,No
CUST-000669,37,29,One year,Fiber optic,No,No,No,Yes,Credit card,67.1,1954.61,1,2,255.3,No
CUST-000670,18,37,Month-to-month,DSL,No,No,No,Yes,Credit card,38.38,1416.3,2,4,139.0,No
CUST-000671,57,15,Month-to-month,Fiber optic,Yes,No,Yes,Yes,Electronic check,80.29,1197.77,0,5,241.3,Yes
CUST-000672,49,4,One year,DSL,Yes,No,Yes,No,Electronic check,66.71,266.51,0,4,175.3,No
CUST-000673,34,20,Two year,DSL,No,Yes,Yes,No,Electronic check,55.28,1117.15,0,3,170.1,No
CUST-000674,25,30,Month-to-month,DSL,Yes,Yes,No,No,Bank transfer,54.57,1624.16,1,3,20.1,No
CUST-000675,58,72,Month-to-month,Fiber optic,Yes,No,No,Yes,Credit card,73.19,5273.98,0,4,274.8,No
CUST-000676,50,15,Month-to-month,DSL,No,Yes,No,Yes,Electronic check,47.12,697.62,1,2,93.9,No
CUST-000677,81,10,One year,DSL,No,Yes,Yes,Yes,Credit card,64.15,626.78,2,4,159.5,No
CUST-000678,51,49,Month-to-month,Fiber optic,Yes,No,No,No,Bank transfer,72.55,3575.98,0,4,314.1,No
CUST-000679,51,1,Month-to-month,Fiber optic,Yes,No,Yes,No,Bank transfer,81.06,88.48,3,2,282.0,Yes
CUST-000680,42,10,Month-to-month,Fiber optic,No,Yes,Yes,Yes,Bank transfer,79.18,799.41,1,5,356.7,Yes
CUST-000681,57,21,Two year,No internet service,No,No,Yes,Yes,Mailed check,38.39,787.28,2,2,2.8,No
CUST-000682,54,8,Month-to-month,DSL,No,No,Yes,No,Bank transfer,58.92,466.43,1,3,230.9,No
CUST-000683,64,44,One year,DSL,No,No,Yes,No,Credit card,58.24,2574.57,1,4,18.1,No
CUST-000684,37,21,Month-to-month,DSL,Yes,No,Yes,No,Bank transfer,65.27,1378.11,1,4,291.0,No
CUST-000685,38,72,Month-to-month,No internet service,No,Yes,No,Yes,Electronic check,21.46,1596.41,1,3,11.0,No
CUST-000686,38,13,Month-to-month,DSL,No,No,No,No,Mailed check,42.18,552.74,0,3,130.8,No
CUST-000687,57,5,Month-to-month,Fiber optic,No,No,No,Yes,Bank transfer,53.0,251.7,1,2,293.2,Yes
CUST-000688,67,46,Month-to-month,Fiber optic,No,No,No,No,Credit card,61.82,2835.02,1,4,448.0,Yes
CUST-000689,38,14,Month-to-month,Fiber optic,Yes,Yes,No,Yes,Electronic check,75.9,1045.47,2,4,313.9,No
CUST-000690,39,34,Month-to-month,No internet service,Yes,No,No,Yes,Electronic check,30.74,1032.23,1,1,0.0,No
CUST-000691,50,16,Month-to-month,DSL,No,No,Yes,Yes,Mailed check,53.98,865.67,0,4,105.6,No
CUST-000692,41,3,Month-to-month,DSL,Yes,No,No,Yes,Credit card,56.93,161.51,1,3,174.6,Yes
CUST-000693,59,3,Month-to-month,DSL,No,No,Yes,No,Mailed check,55.7,193.82,2,3,95.8,Yes
CUST-000694,18,9,Month-to-month,No internet service,No,No,No,No,Electronic check,20.74,204.28,1,2,3.7,No
CUST-000695,33,3,Month-to-month,No internet service,Yes,No,No,No,Bank transfer,27.84,100.8,0,3,6.6,No
CUST-000696,33,2,One year,DSL,No,Yes,Yes,No,Mailed check,66.5,127.96,0,5,237.0,No
CUST-000697,18,66,Two year,Fiber optic,No,Yes,Yes,Yes,Bank transfer,89.03,5894.26,1,3,417.8,No
CUST-000698,31,6,One year,Fiber optic,No,Yes,No,No,Mailed check,66.06,416.82,0,3,320.6,No
CUST-000699,31,18,Month-to-month,DSL,Yes,Yes,No,No,Bank transfer,67.8,1252.32,3,2,204.4,Yes
CUST-000700,42,1,Two year,DSL,Yes,Yes,No,No,Electronic check,54.72,43.9,0,5,159.0,Yes
CUST-000701,62,12,Two year,DSL,Yes,No,Yes,Yes,Electronic check,64.08,769.19,2,4,195.0,Yes
CUST-000702,41,6,Month-to-month,Fiber optic,Yes,No,Yes,Yes,Bank transfer,82.36,479.14,0,3,267.3,No
CUST-000703,30,12,Month-to-month,DSL,No,Yes,No,No,Electronic check,58.54,755.27,0,4,67.5,Yes
CUST-000704,44,45,One year,DSL,Yes,No,Yes,No,Electronic check,59.7,2682.46,1,4,167.9,No
CUST-000705,61,9,Two year,Fiber optic,Yes,No,Yes,Yes,Mailed check,88.59,822.83,0,3,400.5,No
CUST-000706,30,25,One year,No internet service,No,Yes,Yes,Yes,Bank transfer,26.96,677.13,1,3,8.1,No
CUST-000707,31,7,One year,DSL,Yes,Yes,No,Yes,Credit card,63.07,459.08,2,2,92.9,No
CUST-000708,53,27,One year,Fiber optic,Yes,No,Yes,No,Credit card,84.04,2268.79,3,3,300.4,Yes
CUST-000709,42,3,Two year,Fiber optic,No,No,Yes,Yes,Electronic check,75.13,243.85,0,3,323.6,No
CUST-000710,55,26,Month-to-month,DSL,No,No,Yes,No,Electronic check,53.54,1397.57,1,4,248.1,Yes
CUST-000711,45,29,Month-to-month,Fiber optic,Yes,Yes,No,Yes,Credit card,78.67,2315.53,1,3,215.4,No
CUST-000712,56,1,Two year,Fiber optic,No,No,Yes,Yes,Electronic check,75.23,81.35,1,4,393.4,No
CUST-000713,29,1,Month-to-month,DSL,No,No,No,Yes,Credit card,37.55,23.1,0,3,212.0,Yes
CUST-000714,45,22,Month-to-month,DSL,Yes,Yes,No,Yes,Electronic check,55.08,1222.12,0,3,228.1,Yes
CUST-000715,42,9,Month-to-month,Fiber optic,Yes,No,Yes,Yes,Mailed check,88.99,801.1,1,5,353.2,No
CUST-000716,27,44,Month-to-month,DSL,No,No,Yes,No,Bank transfer,54.99,2399.83,0,3,129.8,No
CUST-000717,22,72,Month-to-month,DSL,Yes,Yes,Yes,Yes,Mailed check,67.05,4835.18,1,4,81.4,No
CUST-000718,55,17,One year,Fiber optic,No,No,No,Yes,Bank transfer,65.23,1096.57,3,2,388.5,No
CUST-000719,40,21,Month-to-month,Fiber optic,Yes,Yes,No,No,Electronic check,81.44,1705.52,1,4,349.6,No
CUST-000720,30,7,One year,Fiber optic,Yes,No,No,Yes,Electronic check,76.25,534.57,1,2,300.1,Yes
CUST-000721,44,72,Month-to-month,DSL,No,No,No,Yes,Bank transfer,46.69,3321.13,0,5,198.9,No
CUST-000722,62,21,Two year,No internet service,No,Yes,No,No,Credit card,32.04,664.21,2,4,6.7,No
CUST-000723,18,15,One year,DSL,Yes,No,No,Yes,Bank transfer,53.25,817.23,0,3,200.9,No
CUST-000724,23,14,Two year,No internet service,Yes,Yes,Yes,Yes,Mailed check,44.82,623.63,1,4,1.5,No
CUST-000725,31,2,Month-to-month,Fiber optic,No,Yes,No,Yes,Credit card,75.37,112.7,3,2,346.3,No
CUST-000726,67,25,Month-to-month,DSL,No,Yes,No,Yes,Mailed check,47.46,1184.87,1,3,162.3,No
CUST-000727,49,4,One year,DSL,No,No,No,Yes,Mailed check,42.98,181.58,1,4,135.0,No
CUST-000728,57,4,Two year,DSL,Yes,No,No,No,Electronic check,45.03,174.16,1,4,48.0,No
CUST-000729,28,26,Month-to-month,No internet service,No,Yes,No,Yes,Credit card,35.07,906.51,0,3,0.0,No
CUST-000730,28,2,One year,DSL,Yes,No,No,No,Electronic check,63.43,117.93,1,4,69.2,No
CUST-000731,52,16,One year,DSL,Yes,No,No,No,Electronic check,52.12,846.33,2,4,51.0,No
CUST-000732,46,20,Month-to-month,No internet service,Yes,No,No,Yes,Electronic check,31.82,619.96,0,4,9.8,Yes
CUST-000733,53,2,One year,No internet service,Yes,Yes,Yes,Yes,Electronic check,49.5,109.93,0,2,3.6,No
CUST-000734,42,7,Month-to-month,No internet service,No,No,Yes,Yes,Mailed check,32.95,225.29,0,3,0.0,No
CUST-000735,49,33,Month-to-month,Fiber optic,Yes,No,No,Yes,Electronic check,79.08,2634.7,1,3,273.8,Yes
CUST-000736,47,18,Two year,Fiber optic,No,Yes,No,No,Mailed check,64.68,1154.53,0,2,358.3,No
CUST-000737,57,10,Month-to-month,Fiber optic,Yes,No,No,Yes,Mailed check,72.08,698.58,0,2,319.6,No
CUST-000738,57,5,One year,DSL,Yes,No,Yes,Yes,Electronic check,54.57,285.23,0,5,128.9,No
CUST-000739,21,19,One year,Fiber optic,No,No,No,Yes,Electronic check,59.94,1148.72,1,3,266.3,No
CUST-000740,18,9,Two year,Fiber optic,No,No,Yes,No,Electronic check,68.87,628.07,1,3,401.3,No
CUST-000741,60,13,Month-to-month,DSL,Yes,No,No,Yes,Bank transfer,43.81,586.46,0,3,61.2,No
CUST-000742,63,24,Month-to-month,Fiber optic,Yes,No,No,Yes,Bank transfer,70.52,1672.44,1,4,235.7,No
CUST-000743,30,42,Month-to-month,DSL,No,No,No,Yes,Electronic check,46.82,1950.67,0,4,201.0,No
CUST-000744,18,72,One year,Fiber optic,No,Yes,No,No,Electronic check,67.67,4898.63,1,5,330.9,No
CUST-000745,46,31,Month-to-month,No internet service,No,No,No,Yes,Electronic check,18.0,566.71,2,3,1.6,Yes
CUST-000746,59,24,One year,Fiber optic,No,No,Yes,Yes,Credit card,73.33,1750.81,0,4,361.8,No
CUST-000747,72,72,Month-to-month,DSL,Yes,No,No,No,Credit card,53.7,3831.13,0,2,104.6,No
CUST-000748,53,7,Month-to-month,DSL,No,No,Yes,No,Mailed check,53.98,352.98,0,2,85.8,No
CUST-000749,39,16,Two year,Fiber optic,Yes,No,Yes,Yes,Credit card,79.97,1260.37,0,5,298.1,No
CUST-000750,32,14,Two year,Fiber optic,Yes,No,No,No,Electronic check,77.66,1076.02,1,5,430.1,No
CUST-000751,45,23,Month-to-month,No internet service,No,No,Yes,Yes,Bank transfer,27.64,641.83,0,4,3.0,No
CUST-000752,41,25,One year,DSL,Yes,No,No,No,Bank transfer,46.64,1138.68,0,5,233.0,No
CUST-000753,30,69,Month-to-month,Fiber optic,No,No,No,No,Mailed check,68.7,4729.74,0,2,325.0,No
CUST-000754,76,4,One year,DSL,Yes,No,Yes,Yes,Bank transfer,56.58,201.05,0,5,131.7,No
CUST-000755,72,18,Month-to-month,Fiber optic,No,No,Yes,Yes,Mailed check,83.15,1488.27,0,2,333.7,No
CUST-000756,62,10,Month-to-month,DSL,No,No,Yes,Yes,Credit card,51.87,566.39,1,4,107.7,Yes
CUST-000757,31,4,Month-to-month,DSL,No,Yes,Yes,Yes,Electronic check,63.4,277.39,0,5,106.0,No
CUST-000758,58,4,Month-to-month,DSL,No,No,No,Yes,Electronic check,40.03,171.59,1,3,118.1,No
CUST-000759,55,8,One year,Fiber optic,Yes,Yes,No,No,Mailed check,79.06,622.03,0,5,314.9,No
CUST-000760,52,9,Month-to-month,Fiber optic,No,No,No,Yes,Electronic check,62.39,539.97,2,4,258.9,Yes
CUST-000761,64,51,Month-to-month,Fiber optic,No,No,No,Yes,Electronic check,60.09,3062.86,0,3,483.5,No
CUST-000762,55,10,Month-to-month,Fiber optic,No,Yes,No,Yes,Electronic check,62.98,598.73,1,5,166.4,No
CUST-000763,56,19,Month-to-month,DSL,Yes,Yes,No,Yes,Mailed check,56.3,1082.66,1,2,245.9,No
CUST-000764,55,24,One year,DSL,Yes,Yes,No,Yes,Bank transfer,61.38,1469.16,1,3,155.0,No
CUST-000765,50,20,Month-to-month,Fiber optic,Yes,No,No,No,Bank transfer,76.37,1526.85,0,4,394.1,No
CUST-000766,18,12,One year,Fiber optic,No,No,Yes,Yes,Mailed check,73.41,847.64,2,3,464.6,Yes
CUST-000767,46,52,Two year,DSL,No,No,Yes,Yes,Electronic check,53.42,2778.84,0,5,95.3,No
CUST-000768,37,47,Month-to-month,DSL,No,Yes,Yes,Yes,Mailed check,62.13,2915.33,3,2,139.4,No
CUST-000769,26,17,Two year,No internet service,No,Yes,No,Yes,Electronic check,26.01,423.04,2,5,7.2,No
CUST-000770,70,2,Month-to-month,Fiber optic,No,Yes,No,Yes,Electronic check,70.98,146.45,1,1,446.1,Yes
CUST-000771,71,13,Month-to-month,Fiber optic,No,No,No,Yes,Mailed check,62.83,808.82,0,1,202.1,Yes
CUST-000772,65,9,Month-to-month,Fiber optic,Yes,Yes,Yes,Yes,Electronic check,89.17,808.42,0,3,337.4,No
CUST-000773,49,16,Month-to-month,DSL,No,No,Yes,Yes,Electronic check,55.56,901.33,0,4,158.8,Yes
CUST-000774,65,13,Month-to-month,DSL,No,No,Yes,Yes,Credit card,44.92,562.26,1,5,192.0,No
CUST-000775,45,17,Month-to-month,Fiber optic,Yes,No,No,No,Bank transfer,70.97,1208.63,0,5,359.0,No
CUST-000776,48,23,Two year,Fiber optic,Yes,No,No,No,Credit card,76.91,1770.69,1,4,264.9,No
CUST-000777,29,25,Month-to-month,DSL,Yes,No,No,Yes,Bank transfer,59.97,1524.12,1,4,211.8,No
CUST-000778,51,23,Two year,Fiber optic,No,Yes,No,Yes,Electronic check,76.88,1785.06,0,4,161.3,No
CUST-000779,46,29,Month-to-month,DSL,Yes,No,Yes,Yes,Bank transfer,65.45,1891.08,1,5,108.7,No
CUST-000780,25,35,One year,Fiber optic,Yes,No,No,Yes,Credit card,67.06,2338.59,1,2,371.2,No
CUST-000781,44,12,Month-to-month,Fiber optic,Yes,Yes,No,Yes,Credit card,76.26,918.11,1,3,294.1,No
CUST-000782,44,60,Month-to-month,Fiber optic,No,No,No,No,Bank transfer,61.19,3648.93,2,4,396.9,Yes
CUST-000783,72,71,Month-to-month,No internet service,No,Yes,Yes,Yes,Electronic check,30.95,2177.98,1,4,6.5,Yes
CUST-000784,58,8,Two year,Fiber optic,No,Yes,No,Yes,Bank transfer,66.29,520.96,0,5,347.1,No
CUST-000785,45,51,Two year,Fiber optic,No,No,No,Yes,Electronic check,61.36,3081.73,0,3,370.8,No
CUST-000786,49,23,Month-to-month,No internet service,Yes,No,No,Yes,Electronic check,21.03,463.9,1,3,3.4,Yes
CUST-000787,46,20,One year,Fiber optic,Yes,Yes,Yes,Yes,Electronic check,95.66,1906.55,1,4,171.0,No
CUST-000788,42,4,One year,Fiber optic,No,No,No,No,Electronic check,68.05,327.32,1,2,477.7,Yes
CUST-000789,29,20,One year,Fiber optic,No,Yes,No,Yes,Mailed check,70.75,1402.12,0,5,443.1,No
CUST-000790,43,12,Month-to-month,DSL,No,No,Yes,No,Credit card,58.91,720.12,0,3,206.2,No
CUST-000791,34,72,One year,Fiber optic,Yes,Yes,No,No,Bank transfer,80.53,5794.2,0,3,287.4,No
CUST-000792,26,37,One year,No internet service,No,Yes,Yes,Yes,Bank transfer,34.33,1279.01,1,4,2.5,No
CUST-000793,53,17,Month-to-month,DSL,Yes,No,Yes,Yes,Credit card,73.99,1236.18,2,3,185.5,Yes
CUST-000794,51,37,Month-to-month,DSL,No,No,No,Yes,Electronic check,41.16,1492.01,2,2,216.7,Yes
CUST-000795,18,14,Month-to-month,Fiber optic,No,No,Yes,No,Bank transfer,68.66,988.79,0,5,536.9,No
CUST-000796,43,2,Two year,No internet service,No,Yes,Yes,No,Bank transfer,38.81,51.02,5,2,3.9,No
CUST-000797,60,53,Month-to-month,No internet service,No,Yes,No,No,Electronic check,28.82,1557.13,0,4,6.1,No
CUST-000798,61,20,Month-to-month,No internet service,No,No,No,Yes,Mailed check,18.49,362.38,1,3,3.2,No
CUST-000799,60,9,Month-to-month,Fiber optic,No,Yes,Yes,No,Bank transfer,89.22,786.44,0,2,351.0,Yes
CUST-000800,46,27,Two year,DSL,No,No,Yes,Yes,Credit card,57.9,1552.97,1,2,108.1,No
CUST-000801,32,46,One year,DSL,No,Yes,Yes,No,Mailed check,58.9,2741.44,1,4,198.8,No
CUST-000802,29,34,Month-to-month,No internet service,Yes,Yes,Yes,No,Bank transfer,43.03,1449.05,0,5,0.0,Yes
CUST-000803,50,12,Month-to-month,Fiber optic,No,Yes,No,No,Bank transfer,71.74,853.24,3,3,422.3,Yes
CUST-000804,51,2,One year,No internet service,No,Yes,No,Yes,Credit card,26.4,72.3,1,3,5.0,No
CUST-000805,64,45,Month-to-month,DSL,No,No,No,Yes,Credit card,51.07,2307.63,2,4,142.5,Yes
CUST-000806,61,15,Month-to-month,No internet service,No,No,Yes,No,Electronic check,36.17,584.1,0,4,4.4,No
CUST-000807,43,1,Two year,DSL,Yes,No,No,Yes,Bank transfer,45.16,68.47,1,4,88.4,No
CUST-000808,26,4,Month-to-month,No internet service,No,Yes,No,Yes,Credit card,25.16,86.71,0,4,4.7,No
CUST-000809,40,1,Month-to-month,Fiber optic,No,No,No,No,Mailed check,58.79,84.84,2,3,262.8,Yes
CUST-000810,48,26,Month-to-month,Fiber optic,Yes,No,No,No,Credit card,80.29,2049.1,2,4,485.7,Yes
CUST-000811,42,49,One year,Fiber optic,Yes,Yes,No,No,Bank transfer,74.13,3647.77,0,3,187.8,No
CUST-000812,36,29,One year,No internet service,Yes,Yes,No,Yes,Mailed check,35.01,1002.2,0,4,2.4,No
CUST-000813,49,5,Month-to-month,Fiber optic,No,Yes,No,No,Bank transfer,67.51,349.46,1,3,426.4,Yes
CUST-000814,37,59,One year,DSL,Yes,Yes,Yes,No,Mailed check,61.11,3644.76,1,3,153.2,No
CUST-000815,36,4,Two year,No internet service,No,No,No,Yes,Electronic check,18.0,38.59,0,4,0.4,No
CUST-000816,50,42,Two year,No internet service,Yes,Yes,No,Yes,Credit card,32.75,1393.96,2,1,12.5,No
CUST-000817,39,19,Month-to-month,DSL,Yes,No,No,No,Bank transfer,55.84,1077.76,1,5,232.2,No
CUST-000818,49,0,Month-to-month,No internet service,Yes,No,No,Yes,Credit card,30.65,43.85,1,3,2.3,Yes
CUST-000819,49,5,Two year,Fiber optic,Yes,No,Yes,Yes,Electronic check,78.35,372.15,2,1,407.0,No
CUST-000820,28,3,Month-to-month,DSL,No,Yes,No,Yes,Credit card,52.57,155.92,0,4,53.6,No
CUST-000821,38,19,Month-to-month,DSL,No,No,No,No,Electronic check,49.75,925.99,0,3,100.8,Yes
CUST-000822,67,32,Month-to-month,No internet service,No,No,Yes,Yes,Credit card,34.56,1114.52,0,2,3.5,No
CUST-000823,28,25,Two year,Fiber optic,No,No,No,Yes,Credit card,63.19,1553.66,0,5,326.5,No
CUST-000824,18,46,Month-to-month,Fiber optic,Yes,Yes,No,Yes,Credit card,79.24,3636.29,1,4,427.7,Yes
CUST-000825,18,24,Month-to-month,DSL,No,Yes,Yes,Yes,Bank transfer,63.76,1542.84,1,3,144.9,Yes
CUST-000826,45,4,One year,DSL,No,No,Yes,Yes,Electronic check,63.99,241.31,0,3,107.1,No
CUST-000827,45,29,Month-to-month,No internet service,No,Yes,No,Yes,Credit card,34.51,992.86,0,4,7.9,No
CUST-000828,43,20,Month-to-month,DSL,No,Yes,No,Yes,Electronic check,54.22,1066.27,1,2,130.9,No
CUST-000829,63,14,Month-to-month,No internet service,Yes,No,Yes,Yes,Electronic check,40.27,568.91,0,5,8.1,No
CUST-000830,18,43,Month-to-month,DSL,Yes,No,Yes,Yes,Electronic check,64.84,2785.37,0,3,222.1,No
CUST-000831,51,72,Two year,No internet service,Yes,No,No,Yes,Bank transfer,28.36,2027.27,1,5,7.7,No
CUST-000832,68,11,Month-to-month,DSL,No,Yes,Yes,Yes,Credit card,64.03,691.72,1,3,135.2,Yes
CUST-000833,28,16,Two year,Fiber optic,No,Yes,No,Yes,Credit card,68.42,1097.88,1,4,280.5,No
CUST-000834,39,22,Month-to-month,Fiber optic,No,Yes,No,Yes,Bank transfer,80.84,1757.32,4,2,196.8,No
CUST-000835,34,30,Month-to-month,No internet service,Yes,No,No,Yes,Bank transfer,24.04,720.31,4,1,0.0,Yes
CUST-000836,32,29,Month-to-month,Fiber optic,No,No,Yes,Yes,Credit card,83.48,2421.58,0,4,235.1,No
CUST-000837,40,2,Month-to-month,DSL,No,No,Yes,Yes,Bank transfer,46.01,95.14,0,4,163.6,No
CUST-000838,66,0,Month-to-month,Fiber optic,Yes,No,No,Yes,Mailed check,71.62,61.01,1,3,288.8,No
CUST-000839,73,22,Month-to-month,DSL,Yes,No,Yes,No,Credit card,63.31,1404.92,4,1,140.2,No
CUST-000840,40,4,Two year,Fiber optic,No,Yes,Yes,Yes,Credit card,84.14,355.79,2,3,524.7,No
CUST-000841,74,9,Month-to-month,DSL,No,No,Yes,No,Bank transfer,55.18,509.57,0,4,153.1,Yes
CUST-000842,46,20,Two year,DSL,Yes,No,No,Yes,Bank transfer,59.93,1202.8,1,2,105.0,No
CUST-000843,71,3,Month-to-month,Fiber optic,Yes,No,Yes,Yes,Credit card,83.79,222.84,2,4,416.8,No
CUST-000844,44,37,Month-to-month,DSL,Yes,No,Yes,Yes,Credit card,59.85,2247.96,1,3,203.2,No
CUST-000845,47,19,One year,No internet service,No,No,Yes,Yes,Electronic check,27.17,517.4,1,2,0.8,No
CUST-000846,50,1,Month-to-month,DSL,No,No,No,No,Credit card,42.64,48.88,2,3,114.6,No
CUST-000847,85,0,Month-to-month,No internet service,Yes,Yes,Yes,Yes,Bank transfer,49.62,35.52,0,1,1.7,No
CUST-000848,58,8,Month-to-month,No internet service,No,No,No,No,Bank transfer,24.53,191.94,0,4,3.7,No
CUST-000849,34,9,Month-to-month,DSL,No,No,No,Yes,Mailed check,38.99,374.5,1,3,96.1,No
CUST-000850,60,20,One year,DSL,Yes,No,No,No,Electronic check,49.0,995.65,0,4,132.7,No
CUST-000851,40,4,Month-to-month,No internet service,Yes,No,No,Yes,Electronic check,22.67,84.45,0,5,2.4,No
CUST-000852,38,17,Two year,DSL,Yes,No,No,Yes,Electronic check,51.57,907.24,1,3,52.0,No
CUST-000853,59,16,Month-to-month,Fiber optic,Yes,No,Yes,No,Mailed check,89.81,1416.77,1,1,265.4,Yes
CUST-000854,45,14,Month-to-month,No internet service,No,No,Yes,Yes,Bank transfer,32.86,426.42,1,3,0.0,Yes
CUST-000855,49,58,Month-to-month,No internet service,No,Yes,No,No,Mailed check,28.75,1628.92,0,2,9.1,No
CUST-000856,45,17,Month-to-month,DSL,No,No,No,Yes,Mailed check,48.73,844.31,0,5,138.0,No
CUST-000857,50,0,Two year,Fiber optic,Yes,No,Yes,No,Electronic check,82.07,68.15,0,3,251.0,Yes
CUST-000858,51,21,Two year,DSL,No,No,No,No,Credit card,38.6,807.79,1,4,154.0,No
CUST-000859,18,3,Month-to-month,DSL,Yes,No,No,Yes,Credit card,50.06,172.07,1,5,164.5,No
CUST-000860,55,9,Month-to-month,Fiber optic,Yes,No,No,No,Mailed check,77.11,700.56,0,3,313.5,Yes
CUST-000861,30,11,Two year,DSL,Yes,No,Yes,No,Electronic check,68.01,724.39,1,3,123.8,No
CUST-000862,23,11,Month-to-month,DSL,No,Yes,No,Yes,Electronic check,51.4,597.88,0,3,127.0,Yes
CUST-000863,44,5,Month-to-month,Fiber optic,No,No,No,Yes,Bank transfer,69.74,342.88,0,5,319.9,No
CUST-000864,46,31,Month-to-month,DSL,No,No,Yes,No,Credit card,57.73,1788.37,0,5,132.3,No
CUST-000865,35,19,Month-to-month,Fiber optic,No,Yes,Yes,No,Credit card,81.34,1531.2,2,2,337.3,No
CUST-000866,57,13,Month-to-month,No internet service,Yes,Yes,Yes,No,Credit card,38.16,473.77,2,3,7.8,No
CUST-000867,25,46,Month-to-month,Fiber optic,No,Yes,No,No,Credit card,77.36,3563.17,1,3,303.1,No
CUST-000868,39,17,Two year,No internet service,No,Yes,No,Yes,Mailed check,25.52,405.01,0,3,6.5,No
CUST-000869,36,16,Month-to-month,Fiber optic,No,Yes,No,Yes,Electronic check,68.74,1098.18,2,3,366.2,No
CUST-000870,44,9,Two year,No internet service,No,Yes,Yes,Yes,Mailed check,37.49,369.12,1,3,4.2,Yes
CUST-000871,49,18,One year,DSL,Yes,No,No,Yes,Electronic check,60.49,1103.85,0,3,232.8,No
CUST-000872,30,8,Month-to-month,Fiber optic,No,No,No,No,Electronic check,69.96,563.74,0,3,229.6,Yes
CUST-000873,56,23,Month-to-month,No internet service,No,No,No,No,Electronic check,18.2,396.63,1,5,7.5,Yes
CUST-000874,46,10,Month-to-month,DSL,Yes,No,Yes,No,Electronic check,67.35,672.29,0,3,88.5,Yes
CUST-000875,18,14,Two year,DSL,Yes,No,Yes,No,Electronic check,71.14,980.04,2,2,193.9,No
CUST-000876,18,31,Month-to-month,No internet service,Yes,No,No,No,Credit card,29.74,950.78,1,3,7.9,No
CUST-000877,45,1,Two year,No internet service,No,Yes,No,Yes,Bank transfer,26.6,17.12,1,3,7.5,No
CUST-000878,42,5,One year,DSL,No,No,No,Yes,Mailed check,34.55,157.03,1,5,134.4,No
CUST-000879,43,21,One year,No internet service,Yes,No,Yes,Yes,Electronic check,46.23,966.48,0,4,7.4,No
CUST-000880,45,3,Month-to-month,Fiber optic,Yes,No,Yes,No,Bank transfer,79.86,223.95,0,5,480.0,No
CUST-000881,48,17,One year,Fiber optic,No,No,Yes,Yes,Credit card,67.65,1154.76,1,4,257.5,No
CUST-000882,59,29,One year,Fiber optic,No,No,Yes,No,Mailed check,67.98,2007.85,0,1,312.5,No
CUST-000883,28,5,One year,Fiber optic,Yes,No,No,Yes,Credit card,68.72,343.74,1,3,337.2,Yes
CUST-000884,27,4,Month-to-month,DSL,Yes,Yes,No,Yes,Credit card,61.43,227.26,1,2,203.3,Yes
CUST-000885,29,21,One year,Fiber optic,No,Yes,No,Yes,Credit card,76.8,1609.64,0,5,386.4,No
CUST-000886,49,8,Month-to-month,DSL,No,No,Yes,Yes,Bank transfer,58.71,444.26,0,4,140.2,No
CUST-000887,64,1,One year,Fiber optic,Yes,Yes,Yes,Yes,Electronic check,99.68,157.15,1,4,281.2,No
CUST-000888,39,8,Month-to-month,Fiber optic,No,Yes,No,Yes,Electronic check,68.98,587.86,1,3,276.7,Yes
CUST-000889,18,7,Month-to-month,DSL,No,Yes,No,Yes,Bank transfer,49.84,373.82,1,3,175.1,No
CUST-000890,19,22,One year,Fiber optic,Yes,No,No,Yes,Credit card,63.67,1415.77,0,3,255.0,No
CUST-000891,33,59,Month-to-month,DSL,No,No,No,Yes,Bank transfer,42.12,2481.77,1,4,203.0,No
CUST-000892,37,12,One year,DSL,No,No,No,No,Electronic check,34.79,414.61,0,4,237.3,No
CUST-000893,39,13,One year,DSL,No,No,Yes,Yes,Electronic check,50.29,649.36,0,4,113.1,No
CUST-000894,46,9,One year,No internet service,No,No,No,Yes,Mailed check,23.15,255.89,2,4,11.4,No
CUST-000895,40,5,One year,No internet service,Yes,No,No,No,Credit card,19.56,93.96,0,4,6.6,No
CUST-000896,61,53,Month-to-month,Fiber optic,No,No,Yes,Yes,Electronic check,69.06,3648.9,0,4,327.9,No
CUST-000897,35,7,Month-to-month,DSL,No,No,Yes,No,Electronic check,48.21,335.38,0,5,71.3,Yes
CUST-000898,32,58,One year,Fiber optic,Yes,Yes,Yes,No,Bank transfer,94.88,5513.38,0,4,212.7,No
CUST-000899,52,9,Month-to-month,Fiber optic,No,No,No,No,Electronic check,73.19,589.06,0,3,283.3,No
CUST-000900,22,72,Month-to-month,DSL,No,No,No,Yes,Electronic check,44.63,3221.23,0,4,213.6,No
CUST-000901,51,8,Month-to-month,DSL,No,No,Yes,No,Electronic check,61.71,442.83,0,4,176.4,No
CUST-000902,47,4,Month-to-month,No internet service,No,Yes,Yes,Yes,Mailed check,32.18,158.16,1,3,6.1,Yes
CUST-000903,43,72,Two year,DSL,Yes,Yes,No,Yes,Electronic check,65.15,4656.32,0,3,230.1,No
CUST-000904,69,29,Month-to-month,DSL,Yes,No,No,Yes,Electronic check,49.42,1417.12,0,4,100.1,No
CUST-000905,36,31,Month-to-month,DSL,Yes,Yes,Yes,Yes,Mailed check,74.34,2266.2,0,4,146.1,No
CUST-000906,76,72,Two year,Fiber optic,No,No,No,Yes,Bank transfer,64.86,4705.94,1,4,217.1,No
CUST-000907,42,21,Two year,Fiber optic,No,No,Yes,No,Bank transfer,67.41,1415.36,3,3,164.7,Yes
CUST-000908,26,7,Month-to-month,DSL,No,No,Yes,Yes,Bank transfer,52.57,412.52,0,5,122.3,No
CUST-000909,46,14,Two year,DSL,Yes,No,Yes,Yes,Bank transfer,65.86,961.8,1,4,128.8,No
CUST-000910,29,4,Month-to-month,Fiber optic,No,No,Yes,Yes,Credit card,67.75,295.99,2,3,293.9,Yes
CUST-000911,34,21,One year,Fiber optic,No,Yes,Yes,Yes,Electronic check,84.48,1746.05,0,3,276.5,Yes
CUST-000912,51,13,Month-to-month,Fiber optic,No,No,Yes,No,Electronic check,69.92,912.27,2,3,397.5,Yes
CUST-000913,53,3,Month-to-month,DSL,No,Yes,Yes,No,Bank transfer,65.7,224.42,1,2,204.4,Yes
CUST-000914,36,13,Month-to-month,Fiber optic,No,No,No,No,Electronic check,58.2,764.38,0,5,255.5,No
CUST-000915,60,6,One year,Fiber optic,Yes,No,No,No,Electronic check,75.22,443.92,1,5,366.4,Yes
CUST-000916,62,33,Month-to-month,Fiber optic,Yes,Yes,Yes,No,Electronic check,95.08,3144.67,0,5,198.2,No
CUST-000917,67,13,Month-to-month,Fiber optic,Yes,No,No,Yes,Credit card,72.16,947.03,0,4,310.9,No
CUST-000918,53,25,One year,DSL,Yes,No,Yes,Yes,Credit card,64.6,1585.46,0,3,16.3,No
CUST-000919,65,20,Month-to-month,No internet service,No,No,No,Yes,Electronic check,27.43,537.26,0,2,4.8,No
CUST-000920,18,5,Two year,Fiber optic,Yes,No,Yes,Yes,Electronic check,81.08,418.46,0,3,281.8,No
CUST-000921,40,47,Month-to-month,DSL,Yes,No,Yes,No,Electronic check,62.33,2947.0,0,3,130.1,No
CUST-000922,32,4,Month-to-month,DSL,Yes,No,No,No,Electronic check,56.2,229.67,3,4,111.3,Yes
CUST-000923,47,8,Month-to-month,DSL,No,No,Yes,Yes,Electronic check,59.11,464.72,0,4,178.3,No
CUST-000924,36,1,Month-to-month,Fiber optic,No,Yes,Yes,Yes,Electronic check,81.79,77.95,0,4,256.4,No
CUST-000925,43,23,Month-to-month,Fiber optic,No,No,Yes,No,Bank transfer,70.92,1616.07,0,4,186.0,No
CUST-000926,73,3,Month-to-month,No internet service,No,No,No,No,Credit card,24.87,72.53,0,2,11.3,No
CUST-000927,42,31,One year,No internet service,No,No,Yes,No,Electronic check,25.81,817.11,1,3,8.8,No
CUST-000928,51,10,Month-to-month,Fiber optic,No,No,Yes,No,Electronic check,88.39,932.46,1,4,385.5,Yes
CUST-000929,42,9,Month-to-month,DSL,No,Yes,No,No,Bank transfer,45.02,381.1,0,4,108.4,No
CUST-000930,46,2,One year,Fiber optic,No,No,Yes,Yes,Electronic check,71.47,168.28,0,3,350.1,No
CUST-000931,45,43,Month-to-month,Fiber optic,No,No,Yes,Yes,Electronic check,78.71,3392.19,2,3,366.9,Yes
CUST-000932,52,72,One year,Fiber optic,Yes,No,No,Yes,Electronic check,75.75,5421.98,1,3,352.5,No
CUST-000933,62,8,Two year,DSL,No,No,Yes,Yes,Bank transfer,52.13,415.09,2,2,138.7,No
CUST-000934,70,9,Month-to-month,Fiber optic,No,Yes,No,No,Electronic check,79.46,711.5,2,3,368.3,Yes
CUST-000935,50,20,One year,Fiber optic,Yes,No,Yes,No,Electronic check,86.65,1732.97,0,4,378.1,No
CUST-000936,54,16,Two year,Fiber optic,No,No,Yes,Yes,Bank transfer,75.76,1233.12,0,3,410.2,No
CUST-000937,28,58,Month-to-month,Fiber optic,No,No,No,Yes,Mailed check,66.93,3921.44,0,2,525.2,No
CUST-000938,44,19,Two year,Fiber optic,No,No,No,Yes,Credit card,71.05,1375.85,1,4,230.1,No
CUST-000939,59,72,Month-to-month,DSL,No,No,No,Yes,Mailed check,53.05,3823.86,0,5,153.4,No
CUST-000940,58,44,One year,DSL,No,Yes,Yes,No,Electronic check,63.96,2820.72,4,3,198.0,No
CUST-000941,48,12,Month-to-month,DSL,No,No,No,No,Electronic check,38.63,505.14,0,2,101.4,Yes
CUST-000942,58,12,Month-to-month,DSL,No,No,No,No,Credit card,38.71,443.35,0,3,125.4,No
CUST-000943,52,31,Two year,DSL,Yes,No,No,Yes,Electronic check,45.93,1448.67,0,4,122.1,No
CUST-000944,63,38,Month-to-month,Fiber optic,Yes,Yes,No,No,Electronic check,75.79,2857.07,0,3,224.1,No
CUST-000945,49,17,Two year,Fiber optic,No,No,No,No,Electronic check,65.19,1077.72,3,2,273.1,Yes
CUST-000946,40,0,One year,No internet service,No,No,No,No,Credit card,21.07,33.69,2,4,2.9,Yes
CUST-000947,50,25,Two year,DSL,No,Yes,Yes,Yes,Credit card,68.63,1682.6,0,4,206.7,No
CUST-000948,18,38,Two year,DSL,No,Yes,No,Yes,Bank transfer,40.63,1536.08,0,5,148.4,No
CUST-000949,51,3,One year,Fiber optic,Yes,No,No,Yes,Electronic check,72.95,246.34,2,3,292.7,No
CUST-000950,18,35,Two year,Fiber optic,No,No,No,Yes,Electronic check,67.3,2337.22,1,5,189.9,No
CUST-000951,19,10,One year,Fiber optic,No,No,No,Yes,Electronic check,50.96,545.54,0,3,251.4,No
CUST-000952,52,8,Month-to-month,No internet service,No,No,No,No,Electronic check,22.27,133.01,2,3,4.8,Yes
CUST-000953,52,18,One year,DSL,Yes,No,No,Yes,Credit card,66.65,1220.59,0,3,117.8,No
CUST-000954,28,31,Month-to-month,Fiber optic,No,No,No,Yes,Bank transfer,68.87,2107.29,0,5,354.4,No
CUST-000955,34,11,Month-to-month,Fiber optic,No,No,No,Yes,Electronic check,66.54,728.05,1,3,245.7,No
CUST-000956,66,12,Month-to-month,Fiber optic,No,Yes,No,No,Credit card,69.63,839.87,0,5,376.6,Yes
CUST-000957,38,20,Month-to-month,Fiber optic,Yes,Yes,No,Yes,Electronic check,80.16,1597.55,1,3,296.4,No
CUST-000958,79,71,Month-to-month,DSL,Yes,No,No,Yes,Mailed check,60.69,4303.84,0,2,118.4,No
CUST-000959,45,8,Month-to-month,Fiber optic,Yes,Yes,No,No,Electronic check,77.27,589.14,0,4,290.9,No
CUST-000960,51,5,One year,No internet service,No,Yes,Yes,Yes,Mailed check,43.97,248.15,0,3,2.7,No
CUST-000961,69,20,One year,DSL,No,Yes,No,Yes,Electronic check,53.32,1041.8,2,4,143.5,No
CUST-000962,47,13,Two year,No internet service,No,Yes,No,No,Electronic check,34.13,419.08,1,4,4.1,No
CUST-000963,30,10,Two year,No internet service,No,Yes,No,Yes,Credit card,31.45,312.56,0,4,4.2,No
CUST-000964,43,31,Two year,No internet service,Yes,Yes,Yes,Yes,Credit card,46.95,1441.51,0,5,5.4,No
CUST-000965,44,21,One year,No internet service,Yes,No,No,No,Mailed check,28.63,618.0,1,4,0.0,No
CUST-000966,25,4,Month-to-month,Fiber optic,No,No,Yes,Yes,Credit card,75.43,291.05,3,4,192.8,Yes
CUST-000967,41,72,Two year,Fiber optic,No,No,No,Yes,Electronic check,69.88,5031.34,2,3,267.1,No
CUST-000968,34,33,Month-to-month,Fiber optic,No,Yes,No,Yes,Mailed check,68.05,2247.94,4,4,167.7,Yes
CUST-000969,59,3,Month-to-month,DSL,No,Yes,No,Yes,Electronic check,51.57,174.19,1,4,52.2,Yes
CUST-000970,46,33,Month-to-month,DSL,No,No,No,Yes,Electronic check,44.03,1442.44,0,3,170.9,No
CUST-000971,41,51,One year,Fiber optic,No,No,Yes,Yes,Mailed check,70.29,3551.35,0,4,372.6,No
CUST-000972,43,31,One year,No internet service,No,No,No,Yes,Bank transfer,21.1,637.91,0,3,7.6,No
CUST-000973,48,16,Month-to-month,No internet service,Yes,No,No,No,Bank transfer,20.37,348.67,0,4,2.3,No
CUST-000974,54,7,One year,DSL,Yes,No,No,Yes,Mailed check,50.76,362.28,0,2,45.0,Yes
CUST-000975,30,51,Month-to-month,Fiber optic,No,No,Yes,No,Mailed check,80.34,4089.93,0,4,338.3,No
CUST-000976,29,33,Month-to-month,Fiber optic,No,Yes,No,Yes,Bank transfer,71.84,2371.94,0,3,218.1,No
CUST-000977,62,46,Month-to-month,DSL,Yes,No,No,Yes,Credit card,53.76,2467.65,2,4,49.2,No
CUST-000978,39,12,Month-to-month,Fiber optic,Yes,Yes,No,Yes,Electronic check,74.68,911.91,0,5,371.9,No
CUST-000979,24,3,One year,DSL,No,No,No,Yes,Mailed check,50.24,157.47,1,4,223.3,No
CUST-000980,52,8,Month-to-month,Fiber optic,Yes,Yes,No,Yes,Credit card,74.57,590.98,0,5,323.5,No
CUST-000981,52,32,Month-to-month,Fiber optic,No,No,No,Yes,Bank transfer,68.53,2211.31,3,2,457.7,No
CUST-000982,22,15,Month-to-month,DSL,No,No,Yes,No,Credit card,63.49,975.89,1,3,131.3,No
CUST-000983,48,12,One year,DSL,No,No,No,Yes,Mailed check,37.35,429.81,1,3,130.3,No
CUST-000984,56,16,Two year,Fiber optic,Yes,No,No,Yes,Credit card,70.97,1117.5,0,3,289.6,No
CUST-000985,51,64,One year,No internet service,No,Yes,No,No,Credit card,23.51,1552.66,2,2,1.4,No
CUST-000986,54,14,One year,Fiber optic,No,No,Yes,Yes,Mailed check,78.36,1109.56,2,3,363.3,No
CUST-000987,24,38,Two year,No internet service,Yes,No,Yes,No,Electronic check,35.28,1374.03,0,4,8.5,No
CUST-000988,50,3,Month-to-month,Fiber optic,No,No,No,No,Bank transfer,59.17,195.36,2,5,341.7,Yes
CUST-000989,40,12,Month-to-month,Fiber optic,Yes,No,No,Yes,Electronic check,72.73,881.95,2,2,324.3,No
CUST-000990,38,0,Month-to-month,No internet service,No,No,Yes,Yes,Electronic check,29.19,0.0,1,3,4.9,No
CUST-000991,58,3,Month-to-month,DSL,No,No,No,No,Mailed check,44.27,108.39,2,3,216.6,Yes
CUST-000992,67,6,Month-to-month,DSL,No,No,Yes,No,Mailed check,61.46,381.77,1,3,144.7,No
CUST-000993,72,17,Month-to-month,DSL,No,No,Yes,No,Credit card,48.91,813.37,1,3,76.8,No
CUST-000994,65,64,Month-to-month,Fiber optic,No,No,Yes,Yes,Electronic check,76.43,4888.55,0,3,390.4,No
CUST-000995,43,32,Month-to-month,No internet service,No,No,Yes,Yes,Electronic check,29.05,947.81,1,3,8.7,No
CUST-000996,50,0,Month-to-month,Fiber optic,No,No,Yes,Yes,Bank transfer,77.12,79.83,2,2,306.7,No
CUST-000997,57,4,Month-to-month,No internet service,Yes,Yes,Yes,Yes,Bank transfer,43.06,180.22,0,4,5.2,Yes
CUST-000998,47,53,Two year,No internet service,No,Yes,Yes,Yes,Electronic check,32.1,1729.06,1,4,3.9,No
CUST-000999,47,72,One year,No internet service,No,No,No,No,Electronic check,21.97,1611.58,1,4,8.3,No
CUST-001000,57,29,Month-to-month,DSL,Yes,No,Yes,Yes,Electronic check,78.86,2285.81,2,4,91.9,No
CUST-001001,44,40,Month-to-month,DSL,No,No,No,No,Credit card,44.5,1805.48,1,4,138.0,No
CUST-001002,34,23,Month-to-month,DSL,Yes,No,No,Yes,Electronic check,49.37,1116.29,0,4,72.2,No
CUST-001003,39,28,Month-to-month,Fiber optic,Yes,Yes,No,No,Mailed check,75.35,2114.34,2,3,329.6,No
CUST-001004,55,39,Month-to-month,No internet service,Yes,Yes,Yes,Yes,Credit card,50.67,1987.45,0,5,5.5,No
CUST-001005,45,10,Month-to-month,DSL,No,Yes,Yes,No,Electronic check,58.62,584.09,0,4,78.7,No
CUST-001006,50,7,Two year,Fiber optic,Yes,Yes,No,No,Credit card,85.5,594.06,0,3,453.1,No
CUST-001007,55,9,Two year,No internet service,Yes,No,Yes,Yes,Bank transfer,31.82,263.99,0,3,0.0,No
CUST-001008,39,44,One year,Fiber optic,No,No,No,No,Mailed check,65.96,2901.53,0,5,226.1,No
CUST-001009,56,6,One year,No internet service,No,No,No,Yes,Credit card,23.32,107.75,1,3,6.6,No
CUST-001010,51,64,One year,No internet service,No,Yes,Yes,Yes,Electronic check,41.81,2673.18,0,3,7.6,No
CUST-001011,26,10,One year,Fiber optic,Yes,No,Yes,Yes,Credit card,88.46,885.81,2,3,203.9,No
CUST-001012,67,1,Two year,Fiber optic,Yes,No,No,No,Electronic check,74.33,89.23,1,4,517.8,No
CUST-001013,37,55,One year,DSL,No,Yes,No,No,Mailed check,56.77,3098.82,1,3,145.0,No
CUST-001014,20,33,One year,Fiber optic,Yes,No,No,Yes,Electronic check,68.05,2252.45,1,4,250.8,No
CUST-001015,29,52,Two year,No internet service,No,No,No,Yes,Mailed check,18.0,947.39,0,5,6.3,No
CUST-001016,30,15,One year,Fiber optic,No,No,No,Yes,Electronic check,62.98,944.26,1,2,417.2,Yes
CUST-001017,46,10,Month-to-month,Fiber optic,Yes,No,Yes,Yes,Electronic check,92.42,933.15,0,3,155.5,No
CUST-001018,41,37,Month-to-month,Fiber optic,No,Yes,No,No,Electronic check,73.33,2718.61,2,3,321.0,No
CUST-001019,40,18,Month-to-month,No internet service,No,Yes,Yes,Yes,Electronic check,41.41,693.37,0,2,9.8,No
CUST-001020,54,10,Month-to-month,DSL,Yes,Yes,No,Yes,Electronic check,58.1,562.56,0,4,181.0,No
CUST-001021,50,14,Month-to-month,No internet service,No,Yes,Yes,No,Bank transfer,42.08,631.98,0,4,3.7,No
CUST-001022,50,12,Month-to-month,No internet service,No,No,No,No,Bank transfer,18.0,229.12,1,2,5.0,Yes
CUST-001023,51,0,Month-to-month,DSL,Yes,Yes,No,Yes,Bank transfer,56.96,44.93,2,3,132.6,No
CUST-001024,54,9,Two year,Fiber optic,No,No,Yes,Yes,Bank transfer,75.91,690.52,2,4,405.1,No
CUST-001025,18,26,Month-to-month,Fiber optic,No,No,No,Yes,Electronic check,62.63,1642.6,1,4,370.9,Yes
CUST-001026,40,0,Month-to-month,No internet service,No,No,No,Yes,Electronic check,18.39,49.21,1,5,5.5,No
CUST-001027,18,14,Month-to-month,Fiber optic,No,Yes,No,Yes,Bank transfer,73.73,1024.43,2,3,309.7,Yes
CUST-001028,46,16,Month-to-month,No internet service,No,Yes,Yes,Yes,Mailed check,39.19,615.12,1,4,7.2,Yes
CUST-001029,45,1,One year,No internet service,No,No,No,Yes,Bank transfer,25.97,16.01,2,3,8.0,No
CUST-001030,61,25,One year,DSL,No,Yes,No,No,Electronic check,40.57,1002.82,2,3,118.6,Yes
CUST-001031,63,69,Month-to-month,DSL,No,No,Yes,Yes,Mailed check,64.44,4434.26,2,3,144.3,No
CUST-001032,48,58,Month-to-month,No internet service,Yes,No,No,No,Mailed check,24.75,1439.25,0,4,3.7,No
CUST-001033,37,4,Month-to-month,DSL,Yes,No,Yes,Yes,Bank transfer,71.58,277.9,2,3,102.2,No
CUST-001034,52,2,One year,DSL,Yes,Yes,No,No,Credit card,56.91,112.58,1,4,153.7,No
CUST-001035,37,30,Two year,Fiber optic,Yes,Yes,No,No,Bank transfer,80.85,2462.95,0,3,336.8,No
CUST-001036,45,72,Two year,DSL,No,No,Yes,No,Credit card,51.62,3697.48,3,2,140.6,No
CUST-001037,60,1,Month-to-month,Fiber optic,Yes,No,Yes,Yes,Bank transfer,78.92,85.66,0,4,406.2,No
CUST-001038,37,9,One year,No internet service,No,No,Yes,Yes,Credit card,34.91,291.48,0,4,8.1,Yes
CUST-001039,57,4,One year,DSL,No,No,No,No,Credit card,31.68,145.26,1,4,129.3,No
CUST-001040,55,9,Two year,No internet service,Yes,No,Yes,Yes,Electronic check,33.92,327.66,2,4,5.0,No
CUST-001041,31,30,Month-to-month,Fiber optic,No,Yes,No,Yes,Electronic check,74.83,2227.55,2,3,465.9,Yes
CUST-001042,60,1,Month-to-month,No internet service,No,No,No,Yes,Credit card,18.0,4.08,1,2,6.5,No
CUST-001043,55,18,Month-to-month,Fiber optic,Yes,Yes,Yes,No,Bank transfer,86.59,1571.95,0,4,255.4,No
CUST-001044,47,2,Month-to-month,DSL,Yes,No,No,Yes,Mailed check,60.61,115.73,0,2,127.0,No
CUST-001045,34,0,One year,Fiber optic,No,Yes,No,Yes,Bank transfer,80.37,108.71,3,3,303.7,No
CUST-001046,32,3,Month-to-month,No internet service,No,No,Yes,No,Electronic check,32.0,71.96,1,5,2.9,No
CUST-001047,37,1,Month-to-month,DSL,No,No,No,Yes,Credit card,51.37,72.91,2,4,170.4,Yes
CUST-001048,53,26,Two year,DSL,No,No,No,Yes,Mailed check,52.59,1412.09,1,4,98.2,No
CUST-001049,31,7,Month-to-month,Fiber optic,No,No,Yes,Yes,Credit card,76.92,546.28,0,2,597.2,No
CUST-001050,52,10,Two year,Fiber optic,No,No,No,Yes,Bank transfer,62.44,611.66,0,3,322.6,No
CUST-001051,26,8,One year,Fiber optic,No,No,No,Yes,Electronic check,65.44,507.98,0,4,431.9,No
CUST-001052,42,7,Two year,Fiber optic,No,No,No,Yes,Credit card,57.73,400.87,0,2,322.2,No
CUST-001053,47,48,One year,DSL,Yes,No,Yes,Yes,Mailed check,67.84,3269.84,1,4,153.4,No
CUST-001054,82,15,Month-to-month,DSL,No,No,No,No,Credit card,43.35,620.38,1,2,103.3,Yes
CUST-001055,24,15,Month-to-month,Fiber optic,No,No,Yes,Yes,Electronic check,77.28,1153.0,0,3,158.0,Yes
CUST-001056,67,18,Two year,DSL,No,Yes,No,Yes,Mailed check,51.21,924.41,2,2,225.7,No
CUST-001057,47,3,Month-to-month,Fiber optic,No,No,Yes,No,Bank transfer,72.76,249.36,1,3,264.7,Yes
CUST-001058,51,12,Month-to-month,Fiber optic,No,Yes,No,Yes,Bank transfer,70.82,887.07,2,2,451.6,Yes
CUST-001059,47,22,One year,No internet service,No,No,No,No,Credit card,18.0,393.37,2,3,4.9,Yes
CUST-001060,52,24,Month-to-month,Fiber optic,No,No,Yes,No,Credit card,74.59,1767.99,0,4,260.7,No
CUST-001061,43,8,Month-to-month,DSL,No,No,Yes,Yes,Electronic check,51.43,414.24,0,4,78.4,No
CUST-001062,67,2,Month-to-month,No internet service,No,Yes,No,Yes,Credit card,21.62,46.76,1,4,5.6,Yes
CUST-001063,38,12,Month-to-month,DSL,Yes,No,Yes,No,Credit card,53.71,668.24,0,4,118.4,No
CUST-001064,62,48,One year,DSL,No,Yes,Yes,No,Credit card,60.85,2911.93,1,3,223.2,Yes
CUST-001065,35,24,Month-to-month,DSL,No,No,No,No,Credit card,47.43,1118.54,1,3,151.6,No
CUST-001066,44,8,Month-to-month,No internet service,No,Yes,No,Yes,Bank transfer,26.89,214.89,1,4,3.4,No
CUST-001067,29,72,Month-to-month,No internet service,No,No,Yes,No,Credit card,37.42,2687.44,1,2,0.0,No
CUST-001068,52,21,One year,Fiber optic,No,Yes,No,Yes,Bank transfer,66.24,1383.71,0,3,299.5,No
CUST-001069,67,72,Month-to-month,DSL,No,No,Yes,No,Electronic check,54.61,3914.55,0,5,185.4,No
CUST-001070,44,14,Month-to-month,No internet service,No,Yes,No,No,Credit card,30.59,403.15,2,4,6.4,No
CUST-001071,42,4,Two year,No internet service,No,No,No,Yes,Electronic check,19.57,90.49,1,5,8.4,No
CUST-001072,28,8,Month-to-month,Fiber optic,No,Yes,Yes,Yes,Mailed check,83.92,676.64,0,4,262.5,No
CUST-001073,42,36,One year,Fiber optic,No,No,No,No,Mailed check,75.57,2704.45,0,3,320.9,No
CUST-001074,21,18,Month-to-month,DSL,No,Yes,No,No,Electronic check,49.73,911.54,1,3,123.9,No
CUST-001075,31,4,Month-to-month,Fiber optic,No,No,No,Yes,Credit card,62.58,213.47,0,2,331.4,No
CUST-001076,48,48,Month-to-month,DSL,No,Yes,No,No,Mailed check,46.04,2201.76,0,5,161.4,No
CUST-001077,65,6,Two year,DSL,No,No,Yes,Yes,Mailed check,55.55,337.61,1,4,123.9,No
CUST-001078,85,41,Month-to-month,Fiber optic,No,No,No,Yes,Mailed check,70.11,2896.67,0,3,288.5,No
CUST-001079,36,1,Month-to-month,Fiber optic,No,No,No,Yes,Bank transfer,67.87,56.76,1,4,207.4,Yes
CUST-001080,67,29,Month-to-month,No internet service,No,Yes,No,Yes,Electronic check,33.16,984.12,0,4,5.2,Yes
CUST-001081,49,1,Month-to-month,No internet service,Yes,Yes,No,Yes,Mailed check,35.8,22.77,3,3,9.2,No
CUST-001082,43,22,One year,No internet service,No,No,No,Yes,Electronic check,18.0,412.43,1,4,12.8,No
CUST-001083,51,10,Two year,No internet service,No,No,Yes,Yes,Credit card,35.15,385.14,1,4,7.9,No
CUST-001084,46,54,Month-to-month,No internet service,Yes,No,No,Yes,Electronic check,28.52,1520.08,0,4,0.0,No
CUST-001085,47,12,Month-to-month,DSL,Yes,No,Yes,No,Credit card,65.01,783.15,2,4,155.6,Yes
CUST-001086,39,53,Month-to-month,Fiber optic,Yes,Yes,Yes,Yes,Electronic check,97.09,5156.58,1,3,357.9,No
CUST-001087,24,16,Two year,No internet service,No,No,Yes,Yes,Electronic check,30.63,465.19,1,3,2.3,No
CUST-001088,22,2,Month-to-month,DSL,Yes,No,No,No,Credit card,55.9,120.45,0,4,124.6,No
CUST-001089,55,6,Month-to-month,Fiber optic,Yes,No,No,No,Bank transfer,67.62,394.39,0,5,349.6,Yes
CUST-001090,41,13,Two year,No internet service,Yes,No,No,No,Electronic check,20.41,248.47,1,2,3.9,No
CUST-001091,36,63,Two year,Fiber optic,Yes,Yes,No,Yes,Bank transfer,76.01,4780.16,1,3,268.9,No
CUST-001092,45,6,Month-to-month,No internet service,Yes,No,Yes,Yes,Electronic check,38.43,220.66,0,3,8.0,No
CUST-001093,57,44,Month-to-month,DSL,Yes,No,Yes,Yes,Electronic check,67.74,2996.57,0,4,167.3,No
CUST-001094,48,25,One year,Fiber optic,No,Yes,Yes,No,Electronic check,77.51,1937.73,0,4,302.8,Yes
CUST-001095,35,38,Two year,No internet service,No,No,No,Yes,Electronic check,27.53,1092.35,0,4,3.5,No
CUST-001096,63,16,Month-to-month,DSL,No,No,No,Yes,Electronic check,40.17,632.0,0,3,206.2,No
CUST-001097,69,6,Month-to-month,DSL,Yes,Yes,Yes,Yes,Mailed check,70.56,432.84,0,3,205.8,No
CUST-001098,52,7,Month-to-month,DSL,Yes,Yes,Yes,Yes,Credit card,71.06,494.41,0,3,147.7,Yes
CUST-001099,60,17,Month-to-month,Fiber optic,Yes,No,Yes,Yes,Mailed check,86.5,1444.98,0,2,195.3,No
CUST-001100,64,36,Month-to-month,Fiber optic,No,No,Yes,Yes,Mailed check,79.25,2884.81,0,5,384.7,No
CUST-001101,62,21,One year,Fiber optic,Yes,No,No,Yes,Electronic check,84.31,1772.9,1,4,304.0,No
CUST-001102,54,54,Month-to-month,Fiber optic,Yes,No,No,Yes,Credit card,69.99,3763.84,1,5,239.3,No
CUST-001103,54,0,Month-to-month,Fiber optic,No,Yes,Yes,Yes,Electronic check,84.56,92.56,1,3,278.4,No
CUST-001104,53,2,Two year,DSL,Yes,Yes,Yes,Yes,Electronic check,70.58,161.83,2,4,144.4,No
CUST-001105,29,15,Month-to-month,Fiber optic,No,Yes,No,No,Credit card,75.91,1121.67,0,3,349.6,No
CUST-001106,56,6,Month-to-month,DSL,No,No,No,Yes,Mailed check,47.24,284.45,2,3,91.1,Yes
CUST-001107,25,29,Two year,Fiber optic,No,No,No,Yes,Electronic check,66.1,1937.71,0,5,312.6,No
CUST-001108,33,12,Month-to-month,Fiber optic,No,Yes,No,No,Bank transfer,63.53,765.66,2,3,277.9,Yes
CUST-001109,65,41,Two year,No internet service,Yes,No,No,Yes,Electronic check,25.73,1066.01,0,4,7.0,No
CUST-001110,58,31,Month-to-month,No internet service,No,No,No,Yes,Electronic check,18.0,552.72,2,4,4.9,No
CUST-001111,67,56,Month-to-month,No internet service,Yes,No,Yes,Yes,Bank transfer,37.76,2083.1,0,2,3.9,No
CUST-001112,41,3,One year,Fiber optic,Yes,No,No,No,Credit card,68.87,201.57,0,3,559.4,No
CUST-001113,28,11,Month-to-month,DSL,No,No,No,Yes,Credit card,42.41,455.3,2,4,169.8,No
CUST-001114,41,4,Month-to-month,Fiber optic,Yes,No,No,Yes,Bank transfer,70.95,281.62,0,4,585.6,No
CUST-001115,47,26,Month-to-month,DSL,Yes,No,No,Yes,Mailed check,51.03,1315.79,3,2,130.5,Yes
CUST-001116,46,4,One year,No internet service,No,No,No,No,Bank transfer,18.53,77.53,2,2,9.4,No
CUST-001117,62,16,Month-to-month,Fiber optic,No,No,No,Yes,Credit card,60.36,958.83,2,4,293.5,Yes
CUST-001118,40,29,One year,No internet service,Yes,No,Yes,No,Bank transfer,40.19,1181.69,1,2,7.8,No
CUST-001119,50,17,One year,DSL,No,Yes,No,Yes,Electronic check,46.49,802.64,1,5,140.6,No
CUST-001120,30,23,Month-to-month,Fiber optic,No,No,Yes,Yes,Credit card,74.01,1683.74,1,3,198.5,No
CUST-001121,52,1,Month-to-month,Fiber optic,Yes,No,No,No,Credit card,72.75,97.88,0,4,224.4,Yes
CUST-001122,45,14,Month-to-month,No internet service,No,Yes,Yes,Yes,Electronic check,25.09,336.79,0,5,0.0,No
CUST-001123,34,9,One year,DSL,Yes,No,No,Yes,Bank transfer,65.46,566.65,0,2,101.7,No
CUST-001124,41,9,Month-to-month,Fiber optic,No,Yes,No,No,Credit card,73.62,683.69,0,4,333.2,Yes
CUST-001125,42,21,One year,Fiber optic,Yes,No,Yes,No,Electronic check,86.6,1806.75,2,4,328.9,No
CUST-001126,41,30,Month-to-month,No internet service,Yes,No,Yes,Yes,Credit card,37.39,1123.66,0,4,8.7,No
CUST-001127,72,7,Month-to-month,Fiber optic,No,No,No,No,Electronic check,65.47,432.53,1,3,209.8,Yes
CUST-001128,44,28,One year,No internet service,No,No,No,Yes,Mailed check,18.0,496.68,0,4,8.6,No
CUST-001129,41,31,Month-to-month,DSL,Yes,No,Yes,Yes,Credit card,67.45,2088.64,0,1,136.4,No
CUST-001130,18,3,Month-to-month,Fiber optic,No,No,Yes,No,Credit card,68.58,197.89,0,5,370.7,No
CUST-001131,32,68,One year,Fiber optic,No,Yes,Yes,No,Electronic check,76.66,5202.6,2,2,404.7,No
CUST-001132,41,36,One year,DSL,No,No,Yes,Yes,Credit card,53.45,1925.02,0,5,185.0,No
CUST-001133,35,54,Month-to-month,Fiber optic,Yes,Yes,No,Yes,Bank transfer,86.55,4693.5,1,2,324.1,No
CUST-001134,66,13,Month-to-month,Fiber optic,Yes,No,Yes,Yes,Credit card,79.49,1014.54,0,2,419.1,Yes
CUST-001135,43,6,Month-to-month,Fiber optic,No,Yes,No,No,Mailed check,72.67,385.47,0,4,207.3,Yes
CUST-001136,64,1,One year,No internet service,Yes,Yes,Yes,Yes,Credit card,35.69,60.48,1,4,7.0,Yes
CUST-001137,46,37,Month-to-month,DSL,Yes,Yes,No,Yes,Bank transfer,59.12,2174.27,0,4,112.6,No
CUST-001138,46,72,One year,DSL,Yes,No,No,Yes,Credit card,61.68,4429.5,0,4,90.0,No
CUST-001139,44,19,One year,Fiber optic,Yes,No,No,No,Mailed check,75.5,1423.59,3,3,370.0,No
CUST-001140,45,13,Two year,DSL,No,No,No,Yes,Mailed check,34.63,423.62,3,3,75.7,No
CUST-001141,71,23,Month-to-month,No internet service,No,No,Yes,No,Electronic check,32.22,733.16,0,4,6.0,Yes
CUST-001142,18,2,Month-to-month,Fiber optic,Yes,Yes,Yes,Yes,Electronic check,88.68,171.76,0,3,152.6,No
CUST-001143,18,5,Month-to-month,No internet service,Yes,No,No,No,Credit card,34.13,179.35,0,4,1.4,No
CUST-001144,37,18,Month-to-month,No internet service,Yes,No,No,Yes,Bank transfer,27.5,484.05,2,2,8.3,No
CUST-001145,45,15,Month-to-month,Fiber optic,Yes,No,Yes,Yes,Bank transfer,77.8,1118.17,0,4,211.0,No
CUST-001146,55,60,Two year,No internet service,Yes,No,Yes,No,Electronic check,39.32,2332.45,0,3,10.4,No
CUST-001147,52,16,Month-to-month,DSL,No,No,No,Yes,Bank transfer,41.52,686.63,1,3,83.3,No
CUST-001148,39,8,Month-to-month,DSL,Yes,Yes,No,Yes,Mailed check,48.2,368.8,0,5,155.5,No
CUST-001149,60,10,Month-to-month,Fiber optic,Yes,No,No,No,Credit card,72.13,732.22,1,5,464.5,No
CUST-001150,60,21,Two year,No internet service,No,No,No,Yes,Electronic check,20.02,406.15,0,4,6.8,No
CUST-001151,48,3,Month-to-month,DSL,No,No,No,No,Electronic check,46.91,156.99,1,4,121.9,No
CUST-001152,59,8,One year,No internet service,No,No,No,Yes,Electronic check,25.09,202.7,1,4,3.3,No
CUST-001153,49,7,Two year,Fiber optic,No,No,Yes,No,Electronic check,75.6,500.17,2,4,257.2,No
CUST-001154,37,56,Month-to-month,Fiber optic,Yes,Yes,No,No,Bank transfer,71.49,3980.02,1,4,266.1,No
CUST-001155,55,8,One year,No internet service,Yes,No,Yes,Yes,Bank transfer,35.82,256.76,0,4,4.4,No
CUST-001156,47,7,Month-to-month,DSL,Yes,No,No,Yes,Mailed check,52.91,388.62,0,3,90.8,No
CUST-001157,45,4,Month-to-month,Fiber optic,Yes,Yes,Yes,Yes,Credit card,97.08,363.14,0,4,290.7,Yes
CUST-001158,67,13,Month-to-month,No internet service,No,No,Yes,Yes,Credit card,32.02,408.87,1,3,0.0,No
CUST-001159,18,1,Month-to-month,Fiber optic,No,Yes,Yes,Yes,Bank transfer,82.34,80.73,2,4,242.7,Yes
CUST-001160,24,21,One year,No internet service,No,No,No,No,Bank transfer,18.82,399.66,0,4,5.4,No
CUST-001161,27,24,Two year,No internet service,No,No,Yes,Yes,Mailed check,31.96,757.82,1,3,4.8,No
CUST-001162,40,2,Month-to-month,Fiber optic,No,No,No,No,Bank transfer,74.55,117.59,0,4,255.1,Yes
CUST-001163,41,1,One year,DSL,No,No,Yes,No,Electronic check,56.58,32.44,1,3,162.1,No
CUST-001164,22,9,Month-to-month,No internet service,No,No,No,Yes,Electronic check,18.68,147.08,2,2,0.9,No
CUST-001165,30,72,Month-to-month,No internet service,No,Yes,No,Yes,Electronic check,26.19,1832.72,2,5,2.9,No
CUST-001166,32,43,One year,DSL,Yes,No,No,No,Mailed check,49.62,2142.29,0,3,168.8,No
CUST-001167,82,29,Month-to-month,DSL,No,No,Yes,Yes,Electronic check,49.19,1436.62,0,5,175.3,Yes
CUST-001168,72,37,One year,DSL,No,No,Yes,No,Mailed check,48.3,1765.66,1,2,101.4,No
CUST-001169,39,44,Month-to-month,Fiber optic,No,No,Yes,Yes,Credit card,73.37,3254.37,1,2,433.6,No
CUST-001170,40,8,Two year,DSL,No,No,No,Yes,Mailed check,50.91,405.15,2,3,46.7,No
CUST-001171,28,13,Month-to-month,Fiber optic,No,Yes,No,Yes,Electronic check,76.84,1015.87,1,4,295.9,No
CUST-001172,18,26,Month-to-month,Fiber optic,No,Yes,Yes,Yes,Mailed check,77.42,2028.44,2,4,304.5,No
CUST-001173,43,6,One year,Fiber optic,No,No,No,Yes,Mailed check,64.21,382.58,1,5,93.2,No
CUST-001174,30,52,Month-to-month,No internet service,Yes,Yes,Yes,Yes,Electronic check,46.66,2385.73,2,3,0.0,Yes
CUST-001175,44,21,Month-to-month,Fiber optic,Yes,Yes,No,Yes,Bank transfer,75.38,1586.96,0,4,121.4,No
CUST-001176,21,18,Two year,Fiber optic,Yes,Yes,No,Yes,Electronic check,85.54,1550.25,1,2,480.6,No
CUST-001177,34,9,Month-to-month,Fiber optic,No,No,No,Yes,Mailed check,68.81,606.24,1,2,255.4,Yes
CUST-001178,47,2,Month-to-month,Fiber optic,No,No,No,Yes,Bank transfer,66.8,136.82,1,3,357.3,No
CUST-001179,50,24,Month-to-month,No internet service,Yes,No,No,Yes,Mailed check,28.34,679.59,1,2,4.8,No
CUST-001180,51,27,One year,Fiber optic,Yes,No,Yes,Yes,Credit card,77.18,2064.79,0,4,263.3,No
CUST-001181,25,49,One year,Fiber optic,Yes,No,Yes,No,Electronic check,91.78,4495.22,1,3,268.4,No
CUST-001182,58,19,Two year,No internet service,No,No,No,Yes,Mailed check,22.9,424.92,0,4,0.0,No
CUST-001183,33,23,Month-to-month,Fiber optic,No,No,Yes,Yes,Electronic check,79.05,1825.65,2,4,284.4,No
CUST-001184,54,26,Month-to-month,DSL,No,No,No,No,Credit card,41.31,1062.26,2,3,67.9,No
CUST-001185,45,19,Month-to-month,No internet service,Yes,No,Yes,No,Electronic check,36.74,683.83,0,3,6.3,No
CUST-001186,24,9,Month-to-month,DSL,Yes,No,Yes,Yes,Mailed check,67.47,574.48,1,3,213.8,No
CUST-001187,40,18,One year,Fiber optic,No,No,No,No,Mailed check,70.51,1313.31,1,5,250.3,No
CUST-001188,50,4,Month-to-month,DSL,No,No,Yes,No,Credit card,65.62,253.43,0,2,236.6,No
CUST-001189,54,4,One year,DSL,Yes,Yes,No,No,Bank transfer,55.32,198.67,0,1,211.1,No
CUST-001190,43,62,One year,DSL,Yes,No,No,Yes,Mailed check,52.21,3249.09,2,3,66.2,No
CUST-001191,68,5,One year,Fiber optic,Yes,No,Yes,Yes,Bank transfer,74.53,376.39,2,2,237.3,Yes
CUST-001192,60,13,Month-to-month,No internet service,Yes,Yes,Yes,No,Bank transfer,33.69,448.93,1,2,4.3,Yes
CUST-001193,41,13,Month-to-month,DSL,Yes,No,Yes,Yes,Electronic check,67.62,892.14,1,3,135.2,Yes
CUST-001194,56,17,Two year,DSL,No,No,No,No,Electronic check,40.73,714.35,3,2,66.3,No
CUST-001195,74,72,One year,No internet service,Yes,Yes,No,Yes,Electronic check,24.13,1716.06,1,4,6.6,No
CUST-001196,74,6,Month-to-month,No internet service,No,Yes,No,No,Mailed check,20.19,124.07,3,2,6.8,No
CUST-001197,27,1,One year,No internet service,No,No,Yes,No,Bank transfer,33.71,2.13,0,5,11.9,No
CUST-001198,31,9,Two year,Fiber optic,Yes,No,Yes,Yes,Credit card,86.92,776.15,0,4,255.0,No
CUST-001199,67,10,Month-to-month,Fiber optic,No,Yes,Yes,Yes,Bank transfer,74.81,761.51,2,3,463.8,Yes
CUST-001200,29,3,Two year,DSL,No,Yes,Yes,No,Electronic check,69.18,189.64,0,3,166.1,Yes
CUST-001201,25,1,Month-to-month,Fiber optic,Yes,No,No,No,Mailed check,69.52,114.14,1,3,333.3,No
CUST-001202,38,7,Two year,DSL,No,No,No,No,Mailed check,46.37,324.95,0,4,195.8,No
CUST-001203,51,19,Month-to-month,DSL,Yes,No,Yes,No,Bank transfer,65.19,1202.4,1,3,129.3,No
CUST-001204,43,1,Month-to-month,DSL,Yes,No,No,Yes,Bank transfer,52.94,67.04,2,2,232.7,Yes
CUST-001205,35,11,Month-to-month,Fiber optic,Yes,Yes,No,No,Bank transfer,74.32,861.92,3,2,319.5,Yes
CUST-001206,35,13,Two year,No internet service,No,Yes,No,No,Credit card,25.88,291.71,1,3,2.5,Yes
CUST-001207,34,46,Two year,DSL,No,Yes,No,Yes,Electronic check,52.35,2422.39,0,3,85.9,No
CUST-001208,32,50,Month-to-month,DSL,No,No,No,Yes,Credit card,44.0,2180.21,1,4,176.3,No
CUST-001209,79,32,Month-to-month,DSL,Yes,Yes,Yes,No,Credit card,71.5,2286.92,1,1,235.1,No
CUST-001210,49,10,Month-to-month,Fiber optic,No,No,Yes,No,Electronic check,82.51,798.92,0,4,317.3,Yes
CUST-001211,58,6,Month-to-month,DSL,Yes,No,Yes,No,Credit card,62.64,392.91,0,3,144.3,No
CUST-001212,38,8,One year,Fiber optic,Yes,Yes,Yes,Yes,Electronic check,94.27,747.79,1,2,277.0,No
CUST-001213,42,12,Month-to-month,DSL,No,No,No,No,Bank transfer,43.95,550.61,0,4,107.3,No
CUST-001214,34,27,Two year,Fiber optic,Yes,No,No,Yes,Electronic check,80.12,2142.65,2,4,310.5,No
CUST-001215,18,19,Two year,Fiber optic,Yes,No,No,Yes,Electronic check,65.97,1249.3,1,3,89.2,No
CUST-001216,24,1,Month-to-month,Fiber optic,No,No,Yes,Yes,Bank transfer,83.52,37.24,0,4,263.4,No
CUST-001217,18,18,Month-to-month,Fiber optic,No,No,Yes,No,Mailed check,74.34,1390.07,2,2,320.8,Yes
CUST-001218,18,35,Two year,No internet service,No,No,No,No,Electronic check,30.56,1107.99,0,1,8.4,No
CUST-001219,27,54,Two year,No internet service,Yes,No,Yes,Yes,Bank transfer,42.18,2321.31,2,3,6.2,No
CUST-001220,65,2,One year,Fiber optic,Yes,Yes,Yes,No,Mailed check,95.25,221.16,1,3,476.6,Yes
CUST-001221,44,72,Month-to-month,Fiber optic,Yes,No,Yes,No,Electronic check,84.2,6050.58,3,2,231.6,Yes
CUST-001222,64,17,Month-to-month,No internet service,Yes,No,No,Yes,Credit card,31.4,532.92,0,4,7.8,No
CUST-001223,51,2,One year,Fiber optic,Yes,No,Yes,Yes,Credit card,88.4,182.63,0,4,399.5,No
CUST-001224,57,28,Month-to-month,DSL,Yes,No,No,No,Mailed check,52.29,1471.61,0,5,161.7,No
CUST-001225,31,44,One year,Fiber optic,No,No,No,Yes,Credit card,68.82,3006.17,0,4,296.5,No
CUST-001226,53,8,One year,DSL,No,No,No,No,Credit card,28.2,202.68,0,4,81.5,Yes
CUST-001227,56,6,Month-to-month,No internet service,Yes,Yes,No,Yes,Mailed check,30.78,157.94,2,3,5.2,No
CUST-001228,36,9,Month-to-month,Fiber optic,Yes,Yes,No,Yes,Credit card,79.11,703.46,0,1,248.2,Yes
CUST-001229,53,21,Month-to-month,No internet service,Yes,Yes,Yes,No,Credit card,48.51,1012.31,2,5,8.2,No
CUST-001230,53,8,Two year,No internet service,Yes,No,Yes,Yes,Credit card,44.86,349.83,1,4,8.0,No
CUST-001231,37,2,Month-to-month,No internet service,No,No,Yes,Yes,Electronic check,30.74,66.5,1,5,7.6,No
CUST-001232,28,10,Month-to-month,DSL,Yes,Yes,No,Yes,Credit card,57.05,542.84,1,2,105.4,No
CUST-001233,27,7,Two year,No internet service,Yes,No,Yes,No,Electronic check,44.36,293.43,0,4,6.6,No
CUST-001234,46,18,One year,DSL,No,No,No,Yes,Bank transfer,50.76,898.47,0,4,111.0,No
CUST-001235,50,37,Month-to-month,No internet service,No,Yes,Yes,No,Electronic check,41.7,1559.28,0,4,1.2,No
CUST-001236,33,12,Two year,Fiber optic,Yes,No,No,Yes,Credit card,72.23,870.71,0,4,365.3,No
CUST-001237,45,51,Month-to-month,DSL,No,No,No,Yes,Credit card,57.74,2951.5,1,3,49.6,Yes
CUST-001238,54,23,Two year,DSL,No,Yes,No,Yes,Mailed check,51.4,1163.52,0,4,155.3,No
CUST-001239,54,14,Two year,Fiber optic,No,No,No,Yes,Mailed check,66.08,925.93,0,3,384.5,No
CUST-001240,68,27,Month-to-month,Fiber optic,No,Yes,Yes,Yes,Electronic check,91.16,2445.83,1,4,354.7,No
CUST-001241,64,37,Month-to-month,Fiber optic,No,Yes,Yes,Yes,Electronic check,90.64,3338.88,0,3,196.2,Yes
CUST-001242,30,23,Month-to-month,Fiber optic,Yes,No,No,Yes,Credit card,76.54,1767.81,1,3,315.0,No
CUST-001243,70,2,One year,Fiber optic,No,Yes,No,Yes,Bank transfer,66.49,120.04,1,3,292.9,No
CUST-001244,37,1,One year,Fiber optic,Yes,No,Yes,Yes,Credit card,85.56,83.45,2,4,368.0,No
CUST-001245,61,35,Month-to-month,Fiber optic,No,Yes,No,Yes,Credit card,73.59,2570.25,1,3,375.8,Yes
CUST-001246,46,2,Two year,DSL,No,Yes,No,Yes,Bank transfer,60.76,98.04,1,3,182.7,No
CUST-001247,39,17,Month-to-month,Fiber optic,Yes,No,Yes,Yes,Mailed check,99.75,1684.2,0,4,348.3,No
CUST-001248,18,2,One year,Fiber optic,No,Yes,No,No,Mailed check,68.0,124.77,0,4,327.8,Yes
CUST-001249,42,54,One year,Fiber optic,No,No,No,No,Electronic check,69.26,3732.41,1,3,262.3,No
CUST-001250,22,9,Month-to-month,DSL,Yes,Yes,Yes,No,Credit card,66.93,566.31,3,2,225.9,No
CUST-001251,60,22,Month-to-month,Fiber optic,No,No,No,Yes,Credit card,64.38,1401.77,1,3,367.7,No
CUST-001252,68,6,One year,No internet service,No,Yes,Yes,No,Mailed check,33.66,220.2,1,3,2.3,No
CUST-001253,33,16,One year,Fiber optic,No,Yes,No,Yes,Mailed check,79.35,1278.35,1,3,299.0,No
CUST-001254,50,0,Month-to-month,Fiber optic,No,No,No,Yes,Bank transfer,66.19,58.2,1,4,263.8,Yes
CUST-001255,34,7,One year,DSL,Yes,Yes,Yes,Yes,Bank transfer,72.47,483.7,1,5,177.5,No
CUST-001256,36,30,Month-to-month,No internet service,Yes,No,No,No,Bank transfer,28.25,849.51,0,3,0.0,No
CUST-001257,57,11,Month-to-month,DSL,No,No,No,No,Electronic check,46.88,535.03,1,3,137.0,Yes
CUST-001258,44,14,Two year,Fiber optic,No,No,No,No,Bank transfer,67.05,969.04,0,3,388.1,No
CUST-001259,71,29,Month-to-month,DSL,No,Yes,Yes,Yes,Credit card,59.57,1717.05,3,2,136.4,Yes
CUST-001260,38,6,One year,DSL,No,No,Yes,No,Electronic check,48.56,270.16,1,4,99.0,No
CUST-001261,60,1,One year,Fiber optic,No,Yes,No,No,Bank transfer,64.36,74.0,5,2,254.7,Yes
CUST-001262,46,10,Month-to-month,No internet service,Yes,Yes,Yes,Yes,Mailed check,37.95,386.68,1,3,9.6,No
CUST-001263,57,23,Month-to-month,No internet service,No,No,Yes,Yes,Credit card,32.97,758.52,0,3,4.8,No
CUST-001264,38,19,Month-to-month,DSL,No,Yes,Yes,No,Credit card,58.92,1106.78,0,4,198.1,Yes
CUST-001265,44,36,Month-to-month,Fiber optic,Yes,No,No,Yes,Bank transfer,77.9,2778.22,0,3,455.2,Yes
CUST-001266,43,65,One year,DSL,No,No,Yes,Yes,Mailed check,58.2,3796.49,1,3,66.2,No
CUST-001267,32,41,Month-to-month,No internet service,No,Yes,Yes,No,Credit card,28.82,1199.55,0,5,9.7,Yes
CUST-001268,55,5,Two year,No internet service,No,Yes,No,No,Electronic check,23.95,112.55,0,5,5.1,No
CUST-001269,55,32,Month-to-month,Fiber optic,No,No,Yes,Yes,Mailed check,66.39,2158.69,0,4,137.6,No
CUST-001270,54,23,Month-to-month,Fiber optic,No,No,Yes,No,Mailed check,71.28,1644.16,2,4,326.9,No
CUST-001271,68,15,Two year,Fiber optic,No,No,Yes,No,Electronic check,74.55,1114.75,1,3,341.1,No
CUST-001272,67,7,Month-to-month,No internet service,No,No,Yes,Yes,Credit card,27.27,167.23,1,3,1.9,No
CUST-001273,39,30,One year,DSL,No,No,Yes,No,Electronic check,66.42,1958.59,0,2,188.1,No
CUST-001274,51,10,One year,Fiber optic,No,No,Yes,No,Credit card,80.74,797.16,0,4,383.8,Yes
CUST-001275,36,0,Two year,Fiber optic,No,Yes,No,No,Credit card,69.36,76.74,1,3,399.3,No
CUST-001276,45,27,Month-to-month,Fiber optic,No,Yes,Yes,Yes,Bank transfer,90.13,2480.18,1,3,450.4,No
CUST-001277,36,7,Month-to-month,No internet service,Yes,Yes,Yes,Yes,Electronic check,41.13,289.26,2,3,4.4,No
CUST-001278,69,41,Two year,Fiber optic,No,No,No,Yes,Mailed check,63.34,2608.79,1,4,228.8,No
CUST-001279,50,43,Month-to-month,Fiber optic,No,Yes,No,Yes,Credit card,75.27,3220.06,0,3,233.6,No
CUST-001280,42,3,One year,DSL,Yes,No,Yes,Yes,Mailed check,59.42,182.43,3,3,167.2,No
CUST-001281,63,36,One year,DSL,Yes,Yes,No,Yes,Electronic check,62.43,2249.04,2,1,101.0,Yes
CUST-001282,18,9,One year,DSL,No,Yes,No,Yes,Bank transfer,52.46,453.23,0,3,120.5,No
CUST-001283,18,7,One year,No internet service,Yes,Yes,No,Yes,Bank transfer,36.94,285.34,1,4,0.2,No
CUST-001284,57,13,Two year,Fiber optic,Yes,No,No,No,Bank transfer,81.99,1063.19,0,3,369.8,No
CUST-001285,46,6,Month-to-month,Fiber optic,No,No,Yes,Yes,Mailed check,79.28,497.79,0,3,459.8,Yes
CUST-001286,49,7,One year,Fiber optic,Yes,No,Yes,No,Electronic check,85.63,599.6,1,2,343.3,No
CUST-001287,25,18,One year,DSL,No,No,No,Yes,Electronic check,37.51,668.55,1,3,98.5,Yes
CUST-001288,45,12,Month-to-month,No internet service,No,No,No,No,Bank transfer,21.05,236.97,1,2,3.3,Yes
CUST-001289,75,44,Two year,Fiber optic,Yes,Yes,No,Yes,Credit card,76.6,3363.39,0,2,128.1,No
CUST-001290,57,22,Month-to-month,No internet service,No,No,Yes,Yes,Credit card,31.38,719.65,0,3,13.6,No
CUST-001291,48,34,Month-to-month,DSL,Yes,No,No,No,Bank transfer,50.63,1703.45,0,5,134.7,No
CUST-001292,38,9,Two year,No internet service,No,Yes,No,Yes,Bank transfer,28.46,269.47,1,5,0.4,No
CUST-001293,39,30,Two year,DSL,No,Yes,No,No,Bank transfer,46.05,1375.28,1,5,62.2,No
CUST-001294,18,31,Month-to-month,Fiber optic,No,No,No,Yes,Mailed check,66.06,2059.65,0,4,402.1,No
CUST-001295,49,42,One year,DSL,No,Yes,Yes,Yes,Credit card,57.79,2431.32,0,1,176.3,No
CUST-001296,58,8,Month-to-month,No internet service,No,No,Yes,Yes,Bank transfer,23.01,157.41,0,5,8.9,No
CUST-001297,21,2,Month-to-month,DSL,No,Yes,No,No,Electronic check,49.29,101.89,1,4,194.5,Yes
CUST-001298,35,16,Month-to-month,No internet service,No,No,Yes,Yes,Bank transfer,34.32,592.43,1,2,5.9,Yes
CUST-001299,28,1,Two year,Fiber optic,Yes,No,No,Yes,Electronic check,69.12,75.27,0,5,265.4,No
CUST-001300,31,56,Month-to-month,DSL,No,No,No,No,Bank transfer,45.68,2576.62,1,3,38.1,Yes
CUST-001301,46,2,Month-to-month,Fiber optic,No,Yes,No,Yes,Credit card,69.19,144.32,0,4,372.2,No
CUST-001302,18,15,One year,DSL,No,No,Yes,Yes,Bank transfer,51.82,793.06,1,3,238.0,No
CUST-001303,54,36,Month-to-month,Fiber optic,Yes,No,No,Yes,Electronic check,75.79,2714.08,0,4,268.3,No
CUST-001304,56,9,Month-to-month,Fiber optic,No,Yes,Yes,No,Bank transfer,79.74,715.23,0,4,300.5,Yes
CUST-001305,41,31,Month-to-month,Fiber optic,No,No,No,Yes,Electronic check,66.87,2090.57,1,4,421.2,Yes
CUST-001306,18,25,One year,DSL,No,Yes,No,Yes,Bank transfer,43.7,1085.5,0,5,177.5,No
CUST-001307,30,3,One year,No internet service,No,No,No,Yes,Electronic check,20.68,83.48,2,4,9.1,No
CUST-001308,63,25,One year,Fiber optic,Yes,No,No,No,Bank transfer,76.12,1882.93,0,4,274.5,No
CUST-001309,18,12,Month-to-month,Fiber optic,No,No,No,Yes,Credit card,66.76,802.3,0,3,355.4,No
CUST-001310,40,9,Month-to-month,Fiber optic,No,No,No,Yes,Electronic check,69.46,619.96,1,2,373.7,Yes
CUST-001311,27,24,One year,Fiber optic,No,Yes,No,No,Bank transfer,74.23,1834.29,2,2,437.3,No
CUST-001312,57,46,Month-to-month,Fiber optic,No,No,No,Yes,Bank transfer,66.5,3051.2,1,3,251.2,Yes
CUST-001313,35,43,Month-to-month,DSL,Yes,No,No,No,Credit card,57.23,2469.29,0,5,206.0,No
CUST-001314,51,31,Month-to-month,No internet service,Yes,Yes,No,No,Credit card,32.13,956.2,1,4,2.5,Yes
CUST-001315,53,22,Month-to-month,DSL,No,No,Yes,No,Mailed check,59.61,1288.06,0,3,227.9,No
CUST-001316,73,24,Month-to-month,DSL,No,Yes,Yes,Yes,Electronic check,63.11,1520.76,0,3,190.1,Yes
CUST-001317,42,25,Two year,DSL,Yes,Yes,No,Yes,Bank transfer,68.25,1700.97,1,2,140.2,No
CUST-001318,51,15,Month-to-month,Fiber optic,No,No,Yes,No,Bank transfer,78.37,1170.66,0,3,358.5,No
CUST-001319,23,23,One year,Fiber optic,Yes,Yes,No,Yes,Credit card,72.57,1662.61,0,4,241.2,No
CUST-001320,63,3,Month-to-month,Fiber optic,No,Yes,No,Yes,Credit card,72.27,213.11,1,3,328.2,No
CUST-001321,34,38,One year,DSL,Yes,Yes,Yes,Yes,Bank transfer,66.24,2482.89,1,4,212.5,No
CUST-001322,37,6,One year,No internet service,No,No,No,Yes,Mailed check,23.64,140.1,3,3,1.7,No
CUST-001323,45,11,Two year,DSL,No,Yes,Yes,Yes,Mailed check,66.73,729.64,1,4,263.2,No
CUST-001324,22,67,Month-to-month,DSL,No,No,No,Yes,Credit card,41.95,2831.98,0,2,155.0,No
CUST-001325,48,20,One year,Fiber optic,No,Yes,Yes,Yes,Mailed check,77.81,1572.9,0,2,403.4,No
CUST-001326,60,4,Month-to-month,Fiber optic,No,Yes,Yes,No,Bank transfer,83.66,278.07,0,4,269.5,Yes
CUST-001327,49,0,One year,No internet service,No,Yes,Yes,Yes,Bank transfer,33.48,18.79,0,3,1.8,No
CUST-001328,21,3,Two year,Fiber optic,No,No,No,Yes,Electronic check,60.81,218.47,1,4,318.3,No
CUST-001329,43,4,One year,DSL,No,No,No,Yes,Credit card,42.47,188.0,0,5,234.7,No
CUST-001330,56,15,One year,Fiber optic,No,No,No,No,Electronic check,68.12,1031.62,0,5,374.8,No
CUST-001331,18,16,Two year,Fiber optic,Yes,No,Yes,No,Credit card,77.58,1231.23,0,5,377.9,No
CUST-001332,29,10,Two year,Fiber optic,No,Yes,No,Yes,Bank transfer,67.23,687.1,0,5,313.2,No
CUST-001333,58,12,Month-to-month,No internet service,Yes,Yes,No,No,Electronic check,45.99,521.57,1,3,10.2,No
CUST-001334,49,61,Month-to-month,Fiber optic,No,No,No,Yes,Credit card,74.77,4549.65,0,5,316.0,No
CUST-001335,51,24,One year,DSL,Yes,No,Yes,Yes,Credit card,71.05,1712.1,2,5,124.9,No
CUST-001336,73,14,Two year,Fiber optic,No,No,No,Yes,Electronic check,65.22,925.23,2,2,408.3,No
CUST-001337,52,7,Month-to-month,DSL,No,Yes,No,No,Electronic check,54.76,387.65,3,3,130.6,Yes
CUST-001338,55,4,Month-to-month,DSL,No,No,No,No,Mailed check,43.08,180.19,0,4,140.4,No
CUST-001339,85,4,Month-to-month,DSL,No,Yes,Yes,No,Bank transfer,49.48,201.2,0,4,80.0,No
CUST-001340,42,23,Month-to-month,Fiber optic,Yes,No,Yes,Yes,Electronic check,82.15,1883.14,1,2,353.7,Yes
CUST-001341,33,2,Month-to-month,Fiber optic,Yes,No,Yes,Yes,Bank transfer,82.63,192.07,1,2,308.3,Yes
CUST-001342,51,21,Month-to-month,No internet service,Yes,Yes,No,Yes,Mailed check,34.14,753.97,0,4,4.3,No
CUST-001343,52,42,Month-to-month,DSL,No,Yes,No,Yes,Credit card,53.41,2242.2,1,3,165.2,No
CUST-001344,37,9,One year,Fiber optic,No,Yes,No,No,Credit card,79.25,689.74,0,4,246.6,No
CUST-001345,30,72,Month-to-month,Fiber optic,Yes,No,No,No,Electronic check,73.16,5262.82,0,5,247.1,No
CUST-001346,80,9,Month-to-month,Fiber optic,No,No,Yes,Yes,Bank transfer,71.98,649.56,1,2,295.6,Yes
CUST-001347,50,11,Month-to-month,DSL,No,No,Yes,No,Mailed check,56.02,572.02,0,5,97.7,No
CUST-001348,34,72,Month-to-month,Fiber optic,No,No,No,Yes,Mailed check,68.22,4938.61,1,5,368.3,No
CUST-001349,59,10,Month-to-month,Fiber optic,No,No,Yes,Yes,Electronic check,76.44,751.63,3,2,377.1,Yes
CUST-001350,43,12,Month-to-month,DSL,No,No,No,Yes,Bank transfer,40.98,475.22,2,2,160.2,Yes
CUST-001351,41,32,Month-to-month,DSL,No,Yes,Yes,No,Credit card,65.62,2093.05,0,3,132.9,No
CUST-001352,53,38,One year,No internet service,Yes,No,No,Yes,Electronic check,22.29,837.57,2,2,5.2,No
CUST-001353,26,28,Month-to-month,DSL,No,No,Yes,Yes,Electronic check,52.61,1474.21,1,4,91.3,Yes
CUST-001354,50,17,Month-to-month,DSL,No,Yes,No,Yes,Bank transfer,53.08,918.15,0,4,171.3,Yes
CUST-001355,74,5,Month-to-month,DSL,Yes,No,No,No,Credit card,49.07,270.86,0,4,162.5,No
CUST-001356,52,3,Month-to-month,Fiber optic,Yes,No,Yes,Yes,Bank transfer,83.24,265.53,0,4,455.3,No
CUST-001357,39,1,Month-to-month,DSL,No,Yes,No,No,Electronic check,51.08,32.22,0,3,141.6,No
CUST-001358,37,20,Month-to-month,Fiber optic,No,No,No,No,Credit card,64.79,1293.62,0,4,343.9,No
CUST-001359,39,33,Month-to-month,Fiber optic,No,Yes,No,No,Bank transfer,66.16,2185.37,0,5,175.6,No
CUST-001360,41,19,Month-to-month,DSL,No,Yes,Yes,Yes,Mailed check,64.64,1234.3,0,1,192.5,Yes
CUST-001361,39,2,Two year,Fiber optic,No,Yes,No,Yes,Electronic check,66.41,142.61,1,3,362.1,Yes
CUST-001362,59,5,Month-to-month,DSL,Yes,No,Yes,Yes,Electronic check,73.25,367.81,1,4,182.6,Yes
CUST-001363,19,10,Month-to-month,DSL,No,Yes,Yes,No,Bank transfer,60.99,608.17,1,3,156.1,No
CUST-001364,58,3,Month-to-month,Fiber optic,Yes,Yes,No,No,Credit card,82.04,264.33,2,4,280.5,Yes
CUST-001365,39,11,Month-to-month,Fiber optic,Yes,No,No,Yes,Credit card,76.67,840.71,0,5,403.7,No
CUST-001366,51,26,One year,DSL,No,Yes,Yes,Yes,Credit card,61.23,1611.12,2,3,112.1,No
CUST-001367,28,46,Month-to-month,DSL,Yes,No,Yes,Yes,Mailed check,60.16,2783.63,0,5,68.7,Yes
CUST-001368,65,52,Month-to-month,No internet service,Yes,No,Yes,Yes,Bank transfer,43.65,2298.85,0,2,1.9,No
CUST-001369,64,50,Two year,Fiber optic,Yes,Yes,No,Yes,Bank transfer,71.89,3598.86,5,4,389.9,No
CUST-001370,59,2,Month-to-month,No internet service,No,Yes,No,No,Mailed check,19.65,68.17,1,3,0.0,Yes
CUST-001371,22,63,Month-to-month,Fiber optic,No,Yes,No,Yes,Electronic check,74.03,4657.82,0,4,375.1,No
CUST-001372,57,24,One year,Fiber optic,Yes,No,Yes,Yes,Credit card,84.0,2022.91,0,4,297.1,No
CUST-001373,51,72,Two year,DSL,No,No,Yes,Yes,Electronic check,53.47,3865.14,1,3,130.6,No
CUST-001374,21,2,Month-to-month,Fiber optic,No,Yes,No,No,Credit card,68.51,116.81,1,5,165.4,Yes
CUST-001375,45,4,One year,Fiber optic,No,Yes,Yes,Yes,Credit card,79.02,308.22,1,5,268.8,No
CUST-001376,50,72,Month-to-month,Fiber optic,Yes,Yes,Yes,No,Electronic check,101.91,7324.16,1,3,333.9,No
CUST-001377,53,23,One year,No internet service,Yes,No,Yes,Yes,Electronic check,45.09,1035.92,0,3,5.5,No
CUST-001378,48,31,Month-to-month,No internet service,No,Yes,No,Yes,Bank transfer,21.88,667.63,1,5,1.1,No
CUST-001379,49,37,One year,No internet service,Yes,No,No,Yes,Bank transfer,26.44,980.41,2,4,4.7,No
CUST-001380,67,3,Month-to-month,Fiber optic,No,No,No,No,Bank transfer,67.98,202.38,2,2,383.2,Yes
CUST-001381,63,6,Month-to-month,DSL,Yes,Yes,Yes,Yes,Electronic check,66.12,391.13,0,4,178.2,No
CUST-001382,18,0,Month-to-month,No internet service,No,No,No,Yes,Credit card,18.0,21.02,0,4,2.1,No
CUST-001383,40,72,One year,Fiber optic,No,No,No,No,Bank transfer,63.51,4559.07,1,3,177.6,No
CUST-001384,43,12,One year,Fiber optic,No,Yes,Yes,Yes,Bank transfer,78.59,925.84,1,5,368.6,No
CUST-001385,19,1,Two year,Fiber optic,No,No,No,Yes,Credit card,70.48,46.62,0,2,342.2,No
CUST-001386,46,0,Two year,DSL,Yes,No,No,Yes,Credit card,49.43,13.67,2,1,194.2,No
CUST-001387,64,6,Month-to-month,DSL,Yes,Yes,Yes,Yes,Bank transfer,70.42,408.93,2,4,201.2,No
CUST-001388,29,5,One year,Fiber optic,No,No,No,No,Credit card,65.58,338.68,1,3,332.5,No
CUST-001389,50,50,Month-to-month,Fiber optic,No,Yes,No,Yes,Credit card,78.93,3942.55,0,3,442.9,No
CUST-001390,31,2,Two year,DSL,No,Yes,No,Yes,Credit card,50.57,101.38,2,2,33.3,Yes
CUST-001391,35,22,One year,DSL,No,No,No,Yes,Credit card,55.68,1216.87,0,4,58.4,No
CUST-001392,67,10,Month-to-month,Fiber optic,No,No,No,No,Electronic check,63.19,670.54,0,4,505.5,No
CUST-001393,37,2,Month-to-month,Fiber optic,Yes,Yes,No,Yes,Credit card,77.9,159.11,1,3,255.7,No
CUST-001394,52,6,One year,No internet service,Yes,No,Yes,Yes,Credit card,44.68,256.71,0,2,6.5,No
CUST-001395,18,47,Two year,DSL,Yes,Yes,No,No,Bank transfer,68.6,3203.06,1,3,169.9,No
CUST-001396,73,5,Two year,DSL,No,No,No,No,Bank transfer,43.68,252.66,1,4,151.6,No
CUST-001397,54,14,Month-to-month,DSL,No,No,No,Yes,Bank transfer,51.18,688.48,1,3,106.8,Yes
CUST-001398,42,48,Month-to-month,No internet service,No,No,No,Yes,Bank transfer,24.24,1147.62,0,3,5.7,No
CUST-001399,54,12,Two year,Fiber optic,No,No,No,No,Electronic check,61.2,718.52,0,3,319.9,No
CUST-001400,24,72,One year,Fiber optic,Yes,No,No,Yes,Bank transfer,72.91,5248.83,0,4,217.3,No
CUST-001401,63,24,Month-to-month,Fiber optic,Yes,Yes,No,No,Mailed check,78.8,1898.3,2,4,437.4,No
CUST-001402,40,13,One year,No internet service,Yes,No,Yes,Yes,Bank transfer,34.84,454.29,0,5,4.7,No
CUST-001403,42,36,One year,Fiber optic,Yes,Yes,No,Yes,Credit card,79.82,2866.23,3,3,253.6,No
CUST-001404,38,14,One year,Fiber optic,No,No,No,Yes,Electronic check,65.4,887.66,1,4,422.6,Yes
CUST-001405,36,14,One year,Fiber optic,Yes,No,No,Yes,Credit card,74.87,1085.31,0,2,344.7,No
CUST-001406,55,18,Two year,DSL,No,No,No,Yes,Bank transfer,45.35,821.6,0,4,175.6,No
CUST-001407,49,9,Two year,DSL,No,No,No,Yes,Credit card,41.66,386.29,0,4,133.1,No
CUST-001408,55,16,Month-to-month,Fiber optic,No,No,No,No,Electronic check,77.23,1222.16,0,5,419.0,No
CUST-001409,45,32,Month-to-month,Fiber optic,Yes,No,No,Yes,Electronic check,74.08,2364.62,1,3,226.1,Yes
CUST-001410,53,30,One year,DSL,No,No,No,Yes,Bank transfer,51.5,1568.46,1,2,172.2,No
CUST-001411,39,1,One year,Fiber optic,Yes,No,No,Yes,Mailed check,75.19,31.09,1,3,484.5,No
CUST-001412,78,12,Month-to-month,DSL,Yes,Yes,No,Yes,Bank transfer,66.53,813.63,1,3,93.8,No
CUST-001413,21,5,Two year,Fiber optic,No,Yes,Yes,No,Bank transfer,79.12,390.66,0,4,320.9,No
CUST-001414,64,6,Month-to-month,No internet service,No,No,No,Yes,Mailed check,19.56,125.68,2,2,3.6,Yes
CUST-001415,66,13,Month-to-month,Fiber optic,No,Yes,Yes,Yes,Credit card,80.76,1083.18,0,4,344.7,Yes
CUST-001416,32,27,Two year,DSL,No,No,No,No,Electronic check,42.14,1128.22,2,3,87.4,No
CUST-001417,78,6,Two year,Fiber optic,Yes,Yes,Yes,Yes,Electronic check,92.34,500.0,0,4,332.2,No
CUST-001418,60,6,Month-to-month,Fiber optic,No,No,No,No,Credit card,63.77,360.79,0,4,502.5,No
CUST-001419,60,36,Month-to-month,DSL,Yes,No,Yes,Yes,Mailed check,57.86,2083.22,1,4,52.9,No
CUST-001420,45,6,Month-to-month,DSL,No,No,No,Yes,Bank transfer,43.49,293.92,0,4,164.5,No
CUST-001421,42,9,Month-to-month,DSL,No,No,No,Yes,Bank transfer,43.07,379.87,0,5,135.2,No
CUST-001422,42,7,Month-to-month,DSL,Yes,Yes,Yes,Yes,Electronic check,75.4,558.76,0,2,132.7,No
CUST-001423,51,4,Month-to-month,DSL,No,Yes,Yes,No,Mailed check,55.77,176.59,2,2,182.0,Yes
CUST-001424,66,33,Month-to-month,No internet service,Yes,No,No,No,Electronic check,25.44,829.45,0,3,3.2,No
CUST-001425,48,72,One year,Fiber optic,No,No,Yes,No,Electronic check,73.25,5294.76,0,3,149.0,No
CUST-001426,31,3,One year,No internet service,Yes,No,No,No,Electronic check,31.72,114.04,2,2,4.2,No
CUST-001427,57,9,One year,Fiber optic,No,No,No,No,Electronic check,62.27,521.35,0,4,272.3,No
CUST-001428,59,8,Month-to-month,Fiber optic,Yes,No,No,Yes,Credit card,78.23,609.04,2,2,304.7,Yes
CUST-001429,55,4,Month-to-month,DSL,No,No,Yes,No,Credit card,56.76,224.27,0,3,142.7,No
CUST-001430,56,16,Month-to-month,Fiber optic,Yes,No,No,Yes,Electronic check,75.45,1193.92,0,3,382.2,No
CUST-001431,41,50,Two year,Fiber optic,No,Yes,No,No,Bank transfer,76.53,3849.89,0,4,280.8,No
CUST-001432,31,1,Month-to-month,Fiber optic,No,Yes,Yes,No,Mailed check,76.99,77.25,1,3,243.3,Yes
CUST-001433,32,44,One year,DSL,Yes,No,No,No,Electronic check,51.76,2248.55,0,5,187.6,No
CUST-001434,20,9,Month-to-month,DSL,Yes,No,Yes,No,Electronic check,67.11,613.2,1,5,196.6,No
CUST-001435,49,49,Two year,Fiber optic,No,Yes,No,No,Bank transfer,71.99,3537.78,1,5,209.7,No
CUST-001436,44,10,Month-to-month,Fiber optic,No,No,Yes,Yes,Electronic check,70.52,682.22,0,5,353.7,Yes
CUST-001437,38,6,Month-to-month,Fiber optic,No,Yes,Yes,Yes,Credit card,86.48,501.06,2,4,206.2,No
CUST-001438,18,1,Two year,Fiber optic,Yes,No,Yes,No,Credit card,85.24,71.01,1,4,378.7,No
CUST-001439,26,0,Month-to-month,Fiber optic,No,No,No,No,Bank transfer,65.64,92.97,1,3,272.6,Yes
CUST-001440,62,28,One year,Fiber optic,No,No,No,Yes,Credit card,63.89,1787.15,0,3,217.6,No
CUST-001441,35,52,Month-to-month,No internet service,No,No,Yes,Yes,Electronic check,18.0,891.81,1,4,6.3,No
CUST-001442,50,13,Two year,DSL,Yes,No,Yes,Yes,Bank transfer,67.73,856.42,2,2,168.0,No
CUST-001443,24,19,One year,Fiber optic,Yes,No,No,No,Electronic check,75.94,1457.18,1,5,415.1,No
CUST-001444,67,0,Month-to-month,Fiber optic,No,No,Yes,No,Mailed check,74.89,66.73,1,3,313.4,Yes
CUST-001445,43,35,Two year,Fiber optic,No,No,No,No,Mailed check,57.58,1990.75,2,3,438.1,No
CUST-001446,49,15,One year,Fiber optic,No,No,No,Yes,Electronic check,62.32,927.23,0,4,386.3,No
CUST-001447,80,59,One year,Fiber optic,No,No,No,Yes,Bank transfer,69.97,4147.86,1,4,295.2,No
CUST-001448,68,21,Month-to-month,No internet service,Yes,Yes,No,Yes,Electronic check,31.96,714.68,1,3,0.5,No
CUST-001449,40,13,Month-to-month,DSL,No,No,No,Yes,Electronic check,45.11,585.27,1,2,125.4,Yes
CUST-001450,36,0,One year,DSL,No,Yes,Yes,Yes,Credit card,61.33,71.12,4,2,47.1,Yes
CUST-001451,40,43,Month-to-month,Fiber optic,No,No,No,Yes,Electronic check,66.58,2860.94,3,1,318.7,No
CUST-001452,53,23,Two year,DSL,No,No,Yes,Yes,Electronic check,50.42,1164.04,1,5,164.8,No
CUST-001453,43,22,Month-to-month,No internet service,No,Yes,Yes,Yes,Electronic check,36.99,795.28,0,3,3.5,Yes
CUST-001454,39,48,One year,Fiber optic,Yes,No,No,No,Mailed check,78.48,3795.94,2,3,420.2,No
CUST-001455,67,4,Month-to-month,No internet service,No,No,No,Yes,Credit card,18.0,62.83,1,4,0.0,No
CUST-001456,43,38,One year,Fiber optic,No,No,No,Yes,Credit card,63.63,2395.95,1,3,418.3,No
CUST-001457,79,2,Month-to-month,DSL,Yes,Yes,No,No,Bank transfer,64.26,113.14,0,3,196.3,Yes
CUST-001458,46,1,Month-to-month,Fiber optic,No,Yes,Yes,Yes,Mailed check,86.73,100.03,0,5,74.7,No
CUST-001459,72,52,Month-to-month,DSL,Yes,No,No,No,Credit card,55.26,2859.54,1,4,81.0,No
CUST-001460,50,59,One year,Fiber optic,Yes,No,No,Yes,Credit card,74.94,4451.79,0,4,292.9,No
CUST-001461,59,3,Month-to-month,DSL,No,Yes,No,Yes,Credit card,52.87,171.4,0,3,208.4,Yes
CUST-001462,34,7,One year,DSL,No,No,Yes,Yes,Electronic check,55.85,408.18,1,4,101.2,No
CUST-001463,32,9,Month-to-month,DSL,No,No,No,No,Bank transfer,50.51,446.22,1,4,133.1,Yes
CUST-001464,52,43,One year,DSL,No,Yes,Yes,No,Electronic check,60.66,2595.95,0,4,66.1,No
CUST-001465,60,40,One year,Fiber optic,No,No,Yes,Yes,Mailed check,72.03,2881.86,0,5,138.3,No
CUST-001466,46,8,Month-to-month,DSL,Yes,Yes,No,No,Credit card,52.08,392.9,1,2,97.3,No
CUST-001467,26,33,Month-to-month,Fiber optic,No,No,Yes,Yes,Bank transfer,73.92,2448.81,0,3,281.4,No
CUST-001468,25,1,Month-to-month,DSL,No,No,Yes,Yes,Credit card,53.85,72.2,0,4,185.0,Yes
CUST-001469,24,6,One year,Fiber optic,No,No,No,Yes,Electronic check,61.44,354.8,1,3,400.9,Yes
CUST-001470,18,16,Two year,DSL,No,No,Yes,Yes,Mailed check,51.12,831.72,1,4,161.2,No
CUST-001471,47,14,Month-to-month,Fiber optic,Yes,Yes,Yes,Yes,Credit card,92.87,1305.27,0,5,457.3,No
CUST-001472,62,12,One year,No internet service,Yes,No,No,Yes,Electronic check,23.27,301.56,0,3,4.4,No
CUST-001473,45,3,One year,DSL,No,No,No,Yes,Electronic check,47.74,176.09,1,4,88.8,No
CUST-001474,18,36,One year,Fiber optic,No,No,No,Yes,Mailed check,68.61,2485.59,2,3,375.0,No
CUST-001475,42,5,Month-to-month,DSL,No,No,No,Yes,Credit card,57.87,288.22,2,3,131.0,No
CUST-001476,43,35,Two year,Fiber optic,Yes,Yes,Yes,Yes,Mailed check,88.73,3129.67,0,5,305.8,No
CUST-001477,76,30,Month-to-month,Fiber optic,No,Yes,Yes,Yes,Electronic check,82.2,2466.95,1,3,144.2,Yes
CUST-001478,23,11,Two year,Fiber optic,No,Yes,Yes,Yes,Bank transfer,79.27,866.66,2,4,389.3,No
CUST-001479,39,16,Month-to-month,DSL,Yes,No,No,Yes,Bank transfer,47.14,742.04,1,3,107.3,Yes
CUST-001480,71,13,Two year,No internet service,No,No,Yes,Yes,Bank transfer,29.9,390.66,1,3,6.3,No
CUST-001481,52,72,Two year,No internet service,No,No,No,Yes,Electronic check,18.0,1316.1,2,4,0.1,No
CUST-001482,53,12,Two year,Fiber optic,No,Yes,No,Yes,Electronic check,65.08,760.33,0,4,342.6,No
CUST-001483,47,51,Month-to-month,Fiber optic,No,No,No,Yes,Mailed check,66.18,3350.38,0,3,419.5,No
CUST-001484,50,34,Two year,No internet service,No,No,No,Yes,Mailed check,18.0,587.59,2,3,4.8,No
CUST-001485,57,24,Month-to-month,Fiber optic,Yes,No,No,Yes,Electronic check,75.83,1840.36,2,3,293.3,No
CUST-001486,33,1,One year,DSL,Yes,No,No,Yes,Credit card,57.28,65.24,1,4,104.1,No
CUST-001487,58,12,Month-to-month,No internet service,Yes,Yes,No,Yes,Credit card,29.68,385.65,2,3,5.2,No
CUST-001488,24,54,One year,Fiber optic,No,Yes,Yes,No,Electronic check,89.99,4849.08,0,5,47.8,No
CUST-001489,50,30,Month-to-month,Fiber optic,No,No,No,Yes,Bank transfer,67.01,1985.85,1,2,84.1,No
CUST-001490,48,47,Month-to-month,No internet service,No,No,Yes,Yes,Mailed check,31.64,1518.22,1,2,3.8,No
CUST-001491,36,11,Month-to-month,DSL,No,No,No,No,Mailed check,36.11,382.5,1,3,160.3,No
CUST-001492,45,0,Month-to-month,No internet service,No,No,No,Yes,Bank transfer,18.0,31.52,1,1,7.0,Yes
CUST-001493,36,42,Month-to-month,DSL,Yes,No,No,Yes,Mailed check,60.86,2529.44,1,3,184.7,No
CUST-001494,29,15,Two year,Fiber optic,Yes,No,Yes,Yes,Mailed check,91.6,1377.62,0,3,93.9,No
CUST-001495,40,7,One year,No internet service,No,No,Yes,No,Electronic check,40.0,276.74,0,3,5.4,No
CUST-001496,28,13,One year,DSL,No,Yes,No,Yes,Bank transfer,60.29,755.29,0,3,166.3,No
CUST-001497,50,9,Two year,No internet service,No,Yes,Yes,Yes,Bank transfer,44.87,441.67,0,4,7.0,No
CUST-001498,28,5,Month-to-month,DSL,No,No,No,Yes,Electronic check,46.19,213.18,0,3,194.3,No
CUST-001499,56,13,Month-to-month,DSL,No,No,No,Yes,Mailed check,47.8,602.7,0,3,112.5,No
CUST-001500,27,4,Month-to-month,Fiber optic,Yes,Yes,Yes,Yes,Electronic check,87.58,337.23,1,4,375.3,Yes
CUST-001501,37,66,Month-to-month,Fiber optic,No,No,No,No,Mailed check,66.19,4324.96,1,1,315.4,Yes
CUST-001502,36,4,One year,No internet service,No,Yes,Yes,Yes,Electronic check,41.73,160.38,0,4,0.0,No
CUST-001503,65,20,One year,No internet service,No,No,No,No,Bank transfer,23.82,463.32,2,1,7.0,No
CUST-001504,50,42,One year,DSL,Yes,No,Yes,No,Bank transfer,64.37,2723.39,0,3,147.9,No
CUST-001505,42,31,One year,No internet service,No,Yes,Yes,Yes,Bank transfer,27.85,869.67,0,4,11.7,No
CUST-001506,52,11,Month-to-month,Fiber optic,Yes,Yes,Yes,Yes,Mailed check,83.43,892.37,0,4,373.9,No
CUST-001507,18,29,One year,No internet service,Yes,No,No,Yes,Bank transfer,30.38,867.95,1,3,5.3,No
CUST-001508,44,11,Month-to-month,DSL,No,No,No,No,Credit card,42.47,510.28,1,4,81.8,No
CUST-001509,75,9,Two year,DSL,No,No,No,Yes,Mailed check,48.33,416.73,1,2,163.6,Yes
CUST-001510,47,8,Month-to-month,DSL,No,No,No,Yes,Mailed check,38.91,327.75,0,5,191.0,No
CUST-001511,46,4,Month-to-month,DSL,Yes,Yes,No,Yes,Credit card,65.81,249.64,0,4,138.6,Yes
CUST-001512,53,17,Month-to-month,No internet service,Yes,Yes,No,Yes,Bank transfer,29.31,478.21,1,2,0.6,No
CUST-001513,58,21,Month-to-month,Fiber optic,No,No,No,Yes,Mailed check,72.38,1509.14,2,5,449.8,No
CUST-001514,18,13,Month-to-month,No internet service,No,No,No,Yes,Bank transfer,18.0,263.41,2,4,5.0,No
CUST-001515,20,6,Month-to-month,Fiber optic,No,Yes,Yes,No,Electronic check,86.02,486.77,2,2,186.8,Yes
CUST-001516,48,5,One year,Fiber optic,Yes,Yes,No,No,Electronic check,74.34,384.83,0,5,239.8,Yes
CUST-001517,34,0,Two year,DSL,No,Yes,No,No,Bank transfer,50.96,75.35,1,5,133.7,No
CUST-001518,65,23,Month-to-month,DSL,Yes,Yes,Yes,Yes,Bank transfer,76.38,1745.7,0,3,140.7,No
CUST-001519,40,64,Month-to-month,No internet service,Yes,No,No,Yes,Mailed check,32.51,2100.58,1,4,2.9,No
CUST-001520,18,27,Two year,Fiber optic,No,No,Yes,Yes,Electronic check,72.88,1984.59,1,3,316.2,Yes
CUST-001521,26,40,Month-to-month,Fiber optic,Yes,Yes,No,Yes,Credit card,75.94,3021.47,1,4,253.5,No
CUST-001522,18,7,Two year,DSL,No,No,No,No,Bank transfer,37.14,240.98,1,4,130.1,No
CUST-001523,41,22,Month-to-month,No internet service,No,No,Yes,No,Mailed check,23.04,503.8,0,4,9.5,No
CUST-001524,42,0,Month-to-month,No internet service,No,No,Yes,Yes,Electronic check,27.83,29.99,0,2,6.2,No
CUST-001525,39,18,Month-to-month,No internet service,Yes,Yes,No,No,Bank transfer,29.73,527.75,0,3,8.1,No
CUST-001526,61,67,Month-to-month,DSL,No,Yes,No,Yes,Electronic check,43.47,2923.79,1,4,102.5,No
CUST-001527,63,11,One year,No internet service,No,Yes,No,No,Mailed check,24.97,259.19,1,3,1.6,No
CUST-001528,42,11,Two year,Fiber optic,No,No,No,Yes,Credit card,64.84,695.01,0,4,420.8,No
CUST-001529,18,14,Month-to-month,No internet service,No,No,Yes,No,Bank transfer,31.93,447.1,1,2,7.2,No
CUST-001530,54,30,Two year,DSL,No,No,Yes,No,Credit card,53.01,1594.87,0,4,112.9,No
CUST-001531,53,3,Month-to-month,Fiber optic,No,No,No,Yes,Mailed check,62.1,212.54,0,3,374.8,No
CUST-001532,50,22,Month-to-month,DSL,Yes,Yes,No,Yes,Electronic check,57.42,1272.33,0,4,211.4,No
CUST-001533,60,39,Two year,No internet service,Yes,Yes,No,Yes,Credit card,38.09,1499.7,0,4,6.1,No
CUST-001534,28,12,Two year,Fiber optic,No,Yes,Yes,No,Credit card,79.62,948.54,2,2,347.6,No
CUST-001535,75,17,Month-to-month,Fiber optic,No,Yes,No,Yes,Bank transfer,62.61,1057.61,0,5,509.6,No
CUST-001536,31,49,Month-to-month,DSL,Yes,Yes,Yes,No,Electronic check,69.39,3387.4,2,2,160.0,No
CUST-001537,56,20,Month-to-month,No internet service,No,No,Yes,No,Bank transfer,29.82,600.06,1,5,5.0,No
CUST-001538,20,3,Month-to-month,DSL,Yes,No,Yes,Yes,Electronic check,56.92,173.67,1,1,158.3,Yes
CUST-001539,31,27,One year,Fiber optic,No,No,No,Yes,Credit card,63.0,1702.94,1,3,385.9,No
CUST-001540,68,5,Month-to-month,DSL,No,No,Yes,No,Bank transfer,52.58,258.85,1,2,112.9,No
CUST-001541,41,18,One year,Fiber optic,No,No,Yes,Yes,Electronic check,76.61,1378.13,0,5,243.1,No
CUST-001542,58,22,Month-to-month,Fiber optic,No,No,No,Yes,Electronic check,67.1,1509.34,2,2,359.2,No
CUST-001543,49,10,Month-to-month,Fiber optic,Yes,No,No,Yes,Electronic check,70.32,708.69,0,2,186.1,Yes
CUST-001544,43,6,Month-to-month,DSL,No,Yes,Yes,Yes,Credit card,65.56,405.03,0,3,160.5,No
CUST-001545,65,54,Month-to-month,Fiber optic,No,No,No,Yes,Electronic check,63.47,3436.76,0,5,383.2,No
CUST-001546,41,23,One year,Fiber optic,Yes,No,Yes,Yes,Mailed check,83.68,1921.16,0,5,432.3,No
CUST-001547,18,16,Two year,Fiber optic,Yes,Yes,Yes,Yes,Mailed check,89.45,1441.94,0,3,320.4,No
CUST-001548,33,9,Two year,DSL,No,No,Yes,Yes,Bank transfer,56.03,504.69,1,3,77.2,No
CUST-001549,53,49,One year,Fiber optic,Yes,No,No,No,Bank transfer,66.12,3214.87,0,4,351.5,No
CUST-001550,51,19,Month-to-month,Fiber optic,No,No,No,Yes,Electronic check,55.85,1049.54,1,3,424.0,Yes
CUST-001551,21,72,Two year,DSL,No,No,Yes,Yes,Electronic check,62.59,4546.35,2,3,119.4,No
CUST-001552,34,12,Two year,DSL,Yes,No,Yes,No,Electronic check,66.06,816.06,0,3,133.2,No
CUST-001553,36,38,Two year,No internet service,No,Yes,Yes,No,Credit card,35.29,1335.04,1,4,3.5,No
CUST-001554,40,32,Month-to-month,DSL,No,No,No,Yes,Mailed check,50.32,1623.74,0,4,116.4,No
CUST-001555,24,16,Month-to-month,DSL,No,Yes,No,No,Electronic check,65.32,1049.49,0,5,182.9,Yes
CUST-001556,36,23,One year,No internet service,No,Yes,Yes,Yes,Mailed check,30.5,736.36,1,3,4.3,No
CUST-001557,34,56,Month-to-month,DSL,Yes,No,No,No,Electronic check,52.81,2954.77,1,3,99.7,No
CUST-001558,57,5,Month-to-month,DSL,No,No,Yes,Yes,Credit card,60.34,306.19,1,3,111.1,Yes
CUST-001559,57,0,Month-to-month,Fiber optic,Yes,No,Yes,Yes,Electronic check,76.85,60.91,1,3,396.3,No
CUST-001560,43,13,One year,Fiber optic,No,No,Yes,No,Credit card,69.37,899.12,0,4,325.5,No
CUST-001561,39,4,Month-to-month,Fiber optic,No,Yes,Yes,Yes,Bank transfer,87.76,296.22,0,2,303.4,Yes
CUST-001562,47,5,One year,Fiber optic,Yes,No,No,Yes,Bank transfer,72.73,368.84,2,5,423.5,No
CUST-001563,33,58,One year,No internet service,No,No,No,No,Electronic check,18.0,1064.07,2,3,7.3,No
CUST-001564,28,12,Month-to-month,Fiber optic,No,No,No,Yes,Electronic check,56.8,715.44,0,5,343.2,No
CUST-001565,31,4,Month-to-month,DSL,No,No,Yes,Yes,Electronic check,58.63,244.14,0,5,178.7,No
CUST-001566,35,20,Two year,No internet service,No,Yes,Yes,Yes,Credit card,30.99,612.49,0,4,9.7,Yes
CUST-001567,28,0,Month-to-month,DSL,Yes,Yes,Yes,No,Credit card,65.91,49.48,0,4,142.9,No
CUST-001568,47,6,Month-to-month,Fiber optic,Yes,No,No,No,Electronic check,68.22,399.81,1,5,175.2,No
CUST-001569,56,11,Month-to-month,No internet service,Yes,Yes,Yes,Yes,Credit card,44.31,455.44,1,3,6.3,No
CUST-001570,21,23,Month-to-month,Fiber optic,No,Yes,Yes,Yes,Bank transfer,77.49,1777.23,0,4,137.9,No
CUST-001571,45,49,One year,Fiber optic,No,Yes,No,Yes,Credit card,66.25,3221.74,2,3,356.1,No
CUST-001572,42,0,Month-to-month,Fiber optic,No,No,No,Yes,Credit card,69.72,57.78,0,3,262.3,Yes
CUST-001573,50,13,Two year,Fiber optic,No,No,Yes,Yes,Credit card,77.84,1007.83,0,4,332.9,No
CUST-001574,45,4,Month-to-month,No internet service,No,No,No,Yes,Bank transfer,20.08,86.91,2,3,4.6,No
CUST-001575,23,28,Two year,Fiber optic,Yes,No,Yes,No,Mailed check,87.18,2408.02,0,4,246.3,No
CUST-001576,26,17,One year,No internet service,Yes,Yes,No,No,Bank transfer,28.7,481.04,1,4,6.6,No
CUST-001577,45,8,Month-to-month,Fiber optic,No,Yes,No,Yes,Electronic check,72.82,596.28,3,3,327.4,No
CUST-001578,60,4,One year,No internet service,Yes,No,Yes,Yes,Mailed check,42.13,196.51,1,4,4.9,No
CUST-001579,18,23,Month-to-month,Fiber optic,No,No,No,No,Credit card,59.88,1375.75,0,3,253.7,Yes
CUST-001580,50,11,Two year,No internet service,Yes,No,Yes,Yes,Electronic check,42.98,516.72,1,4,3.9,No
CUST-001581,63,30,One year,Fiber optic,No,No,Yes,Yes,Mailed check,78.18,2359.41,0,5,356.5,No
CUST-001582,43,17,Month-to-month,No internet service,No,Yes,No,Yes,Electronic check,27.31,465.5,4,4,2.6,No
CUST-001583,53,9,Month-to-month,No internet service,No,No,No,Yes,Bank transfer,28.33,279.84,1,3,8.4,No
CUST-001584,34,44,Two year,DSL,No,Yes,Yes,Yes,Electronic check,63.61,2788.7,2,2,105.9,No
CUST-001585,43,23,One year,Fiber optic,No,No,Yes,No,Credit card,72.38,1643.78,1,3,238.7,No
CUST-001586,21,30,Month-to-month,DSL,Yes,Yes,Yes,Yes,Credit card,71.65,2168.08,0,5,185.4,No
CUST-001587,18,16,Month-to-month,DSL,No,No,Yes,Yes,Electronic check,57.07,923.73,2,3,145.5,No
CUST-001588,59,20,Month-to-month,DSL,Yes,No,Yes,Yes,Electronic check,59.46,1210.08,0,3,144.7,No
CUST-001589,30,19,One year,DSL,Yes,Yes,Yes,No,Electronic check,60.88,1177.14,0,4,183.8,No
CUST-001590,38,12,One year,No internet service,No,No,No,No,Electronic check,19.67,276.25,1,4,9.4,No
CUST-001591,24,8,Two year,No internet service,Yes,Yes,No,Yes,Mailed check,38.72,280.73,1,3,11.3,No
CUST-001592,24,46,One year,DSL,Yes,No,No,Yes,Electronic check,57.76,2649.87,1,4,94.5,No
CUST-001593,42,9,One year,Fiber optic,No,Yes,Yes,Yes,Mailed check,84.41,753.93,0,4,285.8,No
CUST-001594,34,3,Month-to-month,Fiber optic,No,No,Yes,Yes,Electronic check,84.85,277.88,1,2,243.7,No
CUST-001595,51,11,One year,DSL,No,No,No,Yes,Electronic check,45.87,512.02,4,1,117.1,No
CUST-001596,52,22,Month-to-month,No internet service,Yes,No,No,Yes,Credit card,27.01,617.63,1,3,1.2,No
CUST-001597,50,37,Two year,Fiber optic,No,No,No,Yes,Credit card,66.02,2448.4,2,2,346.4,No
CUST-001598,49,18,Month-to-month,Fiber optic,No,No,Yes,No,Electronic check,73.33,1319.57,0,4,313.7,No
CUST-001599,69,31,One year,Fiber optic,No,No,No,No,Bank transfer,58.66,1832.07,0,3,266.2,No
CUST-001600,29,47,Two year,Fiber optic,Yes,No,No,Yes,Electronic check,68.11,3206.4,0,4,315.5,No
CUST-001601,44,37,One year,No internet service,No,Yes,Yes,No,Credit card,35.6,1325.0,0,4,6.3,No
CUST-001602,62,9,Month-to-month,DSL,No,No,No,No,Credit card,49.33,457.01,0,2,194.7,Yes
CUST-001603,64,40,One year,Fiber optic,Yes,Yes,Yes,Yes,Bank transfer,83.76,3359.07,1,3,240.8,No
CUST-001604,24,38,Month-to-month,Fiber optic,Yes,Yes,Yes,Yes,Bank transfer,86.13,3292.59,0,3,207.4,No
CUST-001605,40,7,Month-to-month,Fiber optic,No,No,No,No,Credit card,69.03,484.25,1,4,587.7,Yes
CUST-001606,65,6,One year,DSL,Yes,No,No,Yes,Electronic check,51.22,310.71,0,3,126.1,No
CUST-001607,53,48,Two year,DSL,Yes,No,Yes,No,Bank transfer,64.0,3051.98,0,5,87.0,No
CUST-001608,48,23,Month-to-month,Fiber optic,No,No,Yes,Yes,Electronic check,75.13,1747.65,0,5,388.9,No
CUST-001609,42,15,Two year,Fiber optic,Yes,No,Yes,No,Electronic check,94.66,1454.13,1,3,199.8,No
CUST-001610,39,38,Month-to-month,No internet service,Yes,No,No,Yes,Bank transfer,30.8,1134.36,1,3,6.1,No
CUST-001611,49,1,Two year,No internet service,No,Yes,No,No,Electronic check,27.26,40.08,1,3,5.1,No
CUST-001612,41,3,One year,DSL,No,No,No,Yes,Electronic check,45.99,135.05,1,4,84.0,No
CUST-001613,44,35,Two year,DSL,No,Yes,No,Yes,Electronic check,53.05,1853.06,1,3,124.2,No
CUST-001614,46,22,Two year,No internet service,Yes,Yes,Yes,Yes,Credit card,55.24,1227.83,0,3,2.9,No
CUST-001615,35,1,Two year,DSL,Yes,No,No,Yes,Electronic check,51.13,50.54,0,4,105.0,No
CUST-001616,53,1,One year,No internet service,No,Yes,No,Yes,Mailed check,26.84,34.69,0,4,9.4,No
CUST-001617,85,19,Month-to-month,Fiber optic,No,Yes,No,Yes,Electronic check,71.15,1344.66,0,2,188.2,Yes
CUST-001618,18,7,Month-to-month,Fiber optic,No,No,No,No,Credit card,69.52,516.74,0,4,257.0,Yes
CUST-001619,50,10,One year,Fiber optic,Yes,Yes,No,Yes,Electronic check,87.52,870.54,0,4,443.7,No
CUST-001620,34,39,Month-to-month,No internet service,Yes,No,Yes,Yes,Bank transfer,37.06,1430.12,0,5,7.0,No
CUST-001621,54,27,Two year,DSL,Yes,No,Yes,Yes,Mailed check,67.27,1823.23,0,3,182.2,No
CUST-001622,46,22,Month-to-month,Fiber optic,No,No,Yes,No,Bank transfer,77.88,1696.66,1,3,324.2,Yes
CUST-001623,56,27,Two year,No internet service,No,No,Yes,No,Credit card,25.04,680.78,1,4,2.1,No
CUST-001624,63,14,Month-to-month,No internet service,Yes,No,Yes,Yes,Electronic check,44.85,660.84,0,5,3.4,No
CUST-001625,48,14,Two year,Fiber optic,No,No,No,No,Electronic check,72.82,1018.58,1,4,378.9,No
CUST-001626,62,43,Two year,DSL,No,Yes,Yes,No,Mailed check,67.1,2858.21,0,4,113.1,No
CUST-001627,18,1,Month-to-month,DSL,No,No,No,Yes,Mailed check,41.84,33.54,0,3,74.9,No
CUST-001628,69,25,One year,Fiber optic,No,No,Yes,Yes,Credit card,70.22,1771.75,2,3,450.5,No
CUST-001629,51,4,Month-to-month,DSL,Yes,No,Yes,Yes,Electronic check,68.21,274.98,1,3,167.5,No
CUST-001630,61,24,Two year,Fiber optic,No,Yes,Yes,No,Credit card,77.6,1876.43,0,4,500.3,No
CUST-001631,27,2,Two year,No internet service,Yes,No,No,No,Electronic check,23.1,33.55,0,4,6.7,No
CUST-001632,33,72,Month-to-month,No internet service,Yes,No,Yes,Yes,Electronic check,41.05,2947.36,2,3,12.3,No
CUST-001633,47,36,Month-to-month,No internet service,Yes,No,Yes,Yes,Bank transfer,43.68,1585.15,0,4,6.8,No
CUST-001634,45,3,Month-to-month,DSL,No,Yes,Yes,Yes,Credit card,61.32,216.18,0,3,75.3,No
CUST-001635,49,19,Month-to-month,Fiber optic,Yes,Yes,Yes,Yes,Electronic check,89.97,1701.68,1,3,370.1,Yes
CUST-001636,61,72,Two year,Fiber optic,No,No,No,No,Credit card,64.44,4640.43,0,4,436.3,No
CUST-001637,19,9,Month-to-month,DSL,No,No,No,No,Electronic check,40.42,385.78,0,4,112.6,No
CUST-001638,60,26,Two year,Fiber optic,No,No,Yes,No,Credit card,75.1,1955.22,0,4,316.3,No
CUST-001639,45,72,Two year,DSL,No,No,Yes,Yes,Electronic check,48.91,3534.28,0,5,196.7,No
CUST-001640,42,27,Two year,Fiber optic,No,Yes,Yes,No,Electronic check,86.68,2325.56,0,2,246.7,No
CUST-001641,23,7,One year,Fiber optic,No,No,No,No,Credit card,78.94,552.65,0,4,161.3,No
CUST-001642,53,30,Month-to-month,DSL,No,No,No,No,Electronic check,45.3,1346.57,2,2,213.8,No
CUST-001643,18,21,Two year,DSL,No,No,No,No,Mailed check,50.96,1036.45,3,3,142.2,No
CUST-001644,55,3,One year,DSL,No,No,Yes,Yes,Credit card,55.69,149.38,1,3,107.7,Yes
CUST-001645,23,8,Two year,DSL,Yes,Yes,Yes,Yes,Electronic check,64.27,523.12,1,3,193.0,No
CUST-001646,46,2,Month-to-month,Fiber optic,No,Yes,No,Yes,Bank transfer,82.26,175.56,0,2,289.1,No
CUST-001647,43,5,Month-to-month,DSL,No,Yes,No,No,Bank transfer,46.77,249.22,0,2,169.4,Yes
CUST-001648,63,11,Two year,DSL,No,Yes,No,Yes,Electronic check,55.74,623.32,0,1,152.4,No
CUST-001649,42,1,Two year,DSL,No,No,No,No,Electronic check,46.08,41.64,1,3,84.1,Yes
CUST-001650,35,19,Month-to-month,Fiber optic,Yes,Yes,No,Yes,Electronic check,84.94,1577.2,2,4,158.7,No
CUST-001651,37,6,One year,DSL,No,No,No,No,Mailed check,44.66,245.08,2,4,119.9,No
CUST-001652,64,18,Month-to-month,Fiber optic,No,Yes,Yes,No,Mailed check,77.18,1411.33,1,5,203.1,Yes
CUST-001653,53,26,One year,DSL,No,No,No,Yes,Bank transfer,41.68,1066.84,0,4,154.2,No
CUST-001654,39,17,Month-to-month,Fiber optic,No,No,No,Yes,Mailed check,76.76,1303.43,0,4,443.9,No
CUST-001655,41,19,Month-to-month,No internet service,No,Yes,No,No,Mailed check,27.6,525.66,2,2,0.4,No
CUST-001656,21,4,Month-to-month,No internet service,Yes,No,No,No,Credit card,38.89,127.86,1,5,8.2,No
CUST-001657,51,72,Month-to-month,DSL,No,No,Yes,Yes,Mailed check,55.16,3978.16,0,4,82.7,No
CUST-001658,19,8,Month-to-month,No internet service,Yes,No,No,Yes,Credit card,31.57,283.12,1,2,2.4,No
CUST-001659,56,7,Month-to-month,DSL,No,Yes,No,No,Bank transfer,44.58,311.68,0,4,83.1,No
CUST-001660,47,50,Month-to-month,Fiber optic,Yes,No,No,Yes,Credit card,73.15,3652.11,0,3,179.7,Yes
CUST-001661,81,30,One year,DSL,Yes,Yes,No,Yes,Credit card,70.12,2080.43,1,2,88.5,No
CUST-001662,28,3,One year,No internet service,No,No,No,No,Mailed check,18.0,48.52,0,5,5.6,No
CUST-001663,43,1,One year,Fiber optic,Yes,Yes,Yes,No,Bank transfer,87.55,98.38,0,4,233.9,No
CUST-001664,72,8,Month-to-month,Fiber optic,No,No,No,Yes,Electronic check,69.14,552.99,1,2,272.0,Yes
CUST-001665,63,72,Month-to-month,DSL,No,No,No,No,Mailed check,45.57,3272.25,2,3,165.5,Yes
CUST-001666,35,34,Two year,Fiber optic,Yes,Yes,No,No,Mailed check,88.48,3028.44,0,4,375.3,No
CUST-001667,48,16,Two year,DSL,No,No,No,Yes,Mailed check,43.8,695.57,0,2,86.4,No
CUST-001668,45,0,Two year,DSL,Yes,No,No,Yes,Electronic check,53.34,44.78,2,3,80.6,No
CUST-001669,49,9,Two year,No internet service,No,Yes,Yes,No,Credit card,39.58,359.04,1,3,4.6,No
CUST-001670,35,8,One year,Fiber optic,No,No,Yes,No,Electronic check,71.62,599.1,0,5,249.8,No
CUST-001671,44,64,Two year,DSL,No,No,No,Yes,Credit card,38.51,2461.55,1,2,140.3,No
CUST-001672,21,0,Month-to-month,No internet service,Yes,No,Yes,Yes,Credit card,33.05,15.34,1,2,5.0,Yes
CUST-001673,47,0,One year,Fiber optic,No,Yes,No,Yes,Electronic check,54.46,65.38,0,3,333.2,No
CUST-001674,52,24,Two year,DSL,No,Yes,No,No,Mailed check,50.57,1207.04,0,3,127.3,No
CUST-001675,42,3,One year,Fiber optic,No,Yes,No,Yes,Bank transfer,64.5,204.6,0,3,423.4,No
CUST-001676,21,11,Month-to-month,Fiber optic,No,No,No,No,Credit card,62.3,644.33,2,3,345.9,Yes
CUST-001677,60,2,Month-to-month,DSL,Yes,Yes,Yes,Yes,Credit card,76.1,152.94,3,4,169.4,Yes
CUST-001678,50,4,Month-to-month,Fiber optic,Yes,No,No,Yes,Mailed check,68.27,268.11,1,3,300.2,No
CUST-001679,34,9,Month-to-month,DSL,No,No,No,Yes,Credit card,48.45,416.86,0,2,110.7,Yes
CUST-001680,41,20,Two year,DSL,Yes,No,No,No,Electronic check,45.1,877.74,0,3,116.8,No
CUST-001681,22,30,One year,No internet service,No,No,Yes,Yes,Electronic check,28.57,851.5,2,3,5.8,No
CUST-001682,30,18,Month-to-month,No internet service,Yes,No,Yes,Yes,Mailed check,48.71,855.39,0,5,6.0,No
CUST-001683,37,1,One year,Fiber optic,Yes,No,No,Yes,Credit card,70.86,11.54,0,4,263.6,No
CUST-001684,63,11,Month-to-month,Fiber optic,No,No,Yes,Yes,Electronic check,83.44,894.33,0,4,222.2,Yes
CUST-001685,35,4,One year,No internet service,Yes,No,No,No,Bank transfer,39.78,134.75,1,3,5.2,No
CUST-001686,55,4,Month-to-month,Fiber optic,No,Yes,Yes,Yes,Electronic check,80.91,324.23,2,4,275.3,No
CUST-001687,37,14,Month-to-month,Fiber optic,No,Yes,No,Yes,Electronic check,67.67,923.6,0,2,296.1,Yes
CUST-001688,49,29,One year,Fiber optic,Yes,No,No,No,Credit card,62.2,1803.79,0,4,357.5,No
CUST-001689,43,5,One year,DSL,Yes,Yes,No,Yes,Bank transfer,60.46,283.24,1,5,61.1,No
CUST-001690,58,34,One year,Fiber optic,Yes,Yes,No,Yes,Mailed check,80.9,2766.25,3,1,322.8,No
CUST-001691,37,30,Month-to-month,Fiber optic,No,Yes,No,Yes,Bank transfer,74.85,2252.99,0,3,405.5,No
CUST-001692,21,57,One year,DSL,Yes,No,No,No,Mailed check,59.96,3411.72,0,3,145.8,No
CUST-001693,24,43,Month-to-month,DSL,No,No,No,No,Electronic check,39.87,1717.29,0,4,136.6,No
CUST-001694,37,16,Month-to-month,Fiber optic,No,Yes,No,Yes,Mailed check,80.36,1297.26,0,3,232.2,No
CUST-001695,26,5,One year,DSL,Yes,No,No,Yes,Credit card,51.59,259.17,2,3,133.5,No
CUST-001696,51,25,One year,DSL,Yes,Yes,No,Yes,Electronic check,60.82,1523.32,1,4,202.6,No
CUST-001697,38,67,Two year,Fiber optic,Yes,No,No,Yes,Electronic check,72.66,4826.07,2,4,327.4,No
CUST-001698,81,45,Month-to-month,Fiber optic,Yes,Yes,No,Yes,Bank transfer,75.14,3370.93,0,4,299.8,No
CUST-001699,19,8,Two year,Fiber optic,Yes,No,Yes,Yes,Mailed check,79.01,616.51,0,4,466.8,No
CUST-001700,48,72,Month-to-month,Fiber optic,No,No,No,Yes,Electronic check,66.05,4776.62,2,4,419.1,No
CUST-001701,28,6,One year,No internet service,Yes,Yes,No,Yes,Mailed check,29.18,167.27,1,3,0.7,No
CUST-001702,38,17,Two year,Fiber optic,Yes,No,Yes,Yes,Credit card,83.9,1412.81,1,3,408.1,No
CUST-001703,47,14,One year,No internet service,No,No,Yes,No,Electronic check,29.94,430.78,0,4,3.6,No
CUST-001704,18,43,Two year,Fiber optic,No,No,No,Yes,Electronic check,63.19,2686.79,1,3,362.5,No
CUST-001705,49,13,Two year,Fiber optic,No,No,Yes,No,Bank transfer,68.0,882.28,1,3,146.3,No
CUST-001706,74,29,Month-to-month,DSL,No,No,No,Yes,Mailed check,29.16,806.11,0,2,150.8,No
CUST-001707,38,11,Two year,No internet service,Yes,Yes,No,Yes,Electronic check,38.2,405.79,0,5,0.0,No
CUST-001708,49,5,Two year,Fiber optic,No,Yes,No,Yes,Bank transfer,76.63,373.89,1,5,296.2,No
CUST-001709,60,35,Month-to-month,Fiber optic,No,Yes,Yes,No,Bank transfer,70.19,2485.79,0,3,436.6,Yes
CUST-001710,43,16,Month-to-month,DSL,No,No,Yes,No,Bank transfer,59.09,942.46,1,4,64.6,No
CUST-001711,36,36,Month-to-month,Fiber optic,Yes,No,No,Yes,Mailed check,74.09,2649.43,1,5,375.3,No
CUST-001712,18,17,Two year,DSL,No,Yes,Yes,Yes,Electronic check,56.38,955.79,5,2,167.0,No
CUST-001713,55,9,Two year,No internet service,No,No,No,Yes,Electronic check,24.49,249.22,0,4,1.9,No
CUST-001714,43,11,Two year,Fiber optic,Yes,No,No,Yes,Credit card,78.69,824.5,1,5,403.1,No
CUST-001715,30,72,Month-to-month,No internet service,No,Yes,No,Yes,Bank transfer,31.3,2269.05,1,3,5.1,No
CUST-001716,47,47,Month-to-month,Fiber optic,Yes,Yes,Yes,No,Mailed check,99.72,4694.43,0,3,132.0,No
CUST-001717,36,42,Month-to-month,No internet service,No,Yes,No,No,Bank transfer,31.0,1299.67,0,5,7.4,No
CUST-001718,37,32,Month-to-month,No internet service,Yes,Yes,Yes,No,Mailed check,41.84,1332.67,0,3,6.5,No
CUST-001719,54,4,Month-to-month,DSL,No,No,No,Yes,Credit card,45.09,209.1,0,3,236.2,No
CUST-001720,25,23,Month-to-month,No internet service,No,No,No,Yes,Bank transfer,21.93,518.76,2,3,6.6,No
CUST-001721,61,15,Month-to-month,No internet service,No,No,No,Yes,Electronic check,27.59,393.1,0,5,6.1,Yes
CUST-001722,24,21,Month-to-month,Fiber optic,Yes,Yes,No,No,Electronic check,77.74,1632.99,0,4,284.9,No
CUST-001723,35,12,One year,Fiber optic,No,No,Yes,Yes,Electronic check,73.84,910.98,0,4,387.8,Yes
CUST-001724,74,44,Month-to-month,Fiber optic,Yes,Yes,Yes,Yes,Electronic check,82.73,3650.88,0,4,266.2,No
CUST-001725,62,30,Month-to-month,DSL,Yes,No,No,Yes,Mailed check,57.37,1726.35,0,2,183.2,No
CUST-001726,46,22,One year,DSL,Yes,Yes,No,Yes,Electronic check,60.05,1295.04,2,4,158.5,No
CUST-001727,31,10,Two year,DSL,Yes,No,Yes,Yes,Bank transfer,60.67,652.97,1,3,168.4,Yes
CUST-001728,37,14,One year,DSL,No,No,No,Yes,Mailed check,48.85,698.33,0,3,177.8,No
CUST-001729,46,21,One year,DSL,Yes,Yes,Yes,No,Electronic check,69.3,1490.97,0,3,43.7,No
CUST-001730,46,0,One year,Fiber optic,No,No,No,No,Electronic check,58.38,64.41,1,4,481.9,No
CUST-001731,44,16,One year,Fiber optic,No,No,No,No,Electronic check,71.65,1146.04,0,5,491.7,Yes
CUST-001732,45,30,One year,No internet service,No,No,No,No,Bank transfer,18.0,527.11,1,3,5.5,No
CUST-001733,42,36,Month-to-month,Fiber optic,Yes,No,Yes,Yes,Bank transfer,85.72,3105.42,0,5,299.4,Yes
CUST-001734,23,12,One year,Fiber optic,No,Yes,No,Yes,Mailed check,70.45,875.35,2,3,173.2,Yes
CUST-001735,37,11,Month-to-month,Fiber optic,No,No,No,Yes,Electronic check,56.81,645.74,0,4,128.2,No
CUST-001736,59,72,Month-to-month,No internet service,Yes,Yes,Yes,Yes,Credit card,47.63,3474.47,1,4,4.2,No
CUST-001737,24,4,Month-to-month,Fiber optic,Yes,No,No,No,Mailed check,69.53,280.74,0,3,483.1,Yes
CUST-001738,42,14,Month-to-month,DSL,Yes,Yes,Yes,No,Mailed check,79.42,1099.46,0,3,62.4,No
CUST-001739,33,14,Month-to-month,Fiber optic,No,No,No,Yes,Mailed check,70.02,985.43,1,3,460.6,Yes
CUST-001740,47,23,One year,Fiber optic,Yes,No,No,Yes,Electronic check,74.11,1720.61,1,4,260.4,No
CUST-001741,39,19,Month-to-month,DSL,Yes,No,No,Yes,Bank transfer,40.54,765.0,0,4,181.0,Yes
CUST-001742,67,19,Month-to-month,DSL,No,No,Yes,Yes,Bank transfer,54.22,1029.31,0,5,120.9,No
CUST-001743,53,10,Month-to-month,DSL,No,Yes,No,Yes,Electronic check,47.84,482.68,1,4,136.8,No
CUST-001744,25,31,Month-to-month,Fiber optic,Yes,No,No,No,Electronic check,79.05,2460.42,2,2,358.6,Yes
CUST-001745,55,36,One year,No internet service,No,No,No,Yes,Bank transfer,20.89,754.74,0,5,6.9,No
CUST-001746,33,35,Month-to-month,DSL,Yes,No,No,No,Mailed check,54.58,1914.52,0,4,245.0,No
CUST-001747,36,14,Month-to-month,No internet service,Yes,Yes,Yes,Yes,Credit card,51.09,727.98,2,3,3.6,No
CUST-001748,50,20,Month-to-month,Fiber optic,Yes,No,Yes,Yes,Mailed check,93.15,1878.37,1,2,399.1,Yes
CUST-001749,38,6,Month-to-month,Fiber optic,Yes,No,No,Yes,Credit card,80.29,471.84,0,3,288.5,No
CUST-001750,58,20,Month-to-month,Fiber optic,No,Yes,No,Yes,Electronic check,73.73,1437.87,0,5,390.1,No
CUST-001751,33,20,Month-to-month,DSL,Yes,No,Yes,Yes,Bank transfer,63.64,1252.04,0,4,185.0,No
CUST-001752,36,13,One year,DSL,No,No,No,Yes,Electronic check,47.17,622.43,0,5,148.2,No
CUST-001753,35,72,Two year,DSL,No,No,Yes,Yes,Credit card,56.84,4077.86,0,5,171.8,No
CUST-001754,37,7,One year,Fiber optic,Yes,Yes,Yes,Yes,Bank transfer,94.93,669.82,0,4,393.9,No
CUST-001755,61,1,Month-to-month,Fiber optic,No,No,No,Yes,Bank transfer,62.16,61.02,1,1,445.3,No
CUST-001756,54,70,Month-to-month,Fiber optic,No,Yes,Yes,Yes,Electronic check,87.52,6127.74,1,3,301.2,Yes
CUST-001757,71,43,One year,No internet service,No,Yes,Yes,No,Mailed check,38.23,1653.72,2,2,5.5,No
CUST-001758,79,3,Month-to-month,Fiber optic,Yes,Yes,No,No,Bank transfer,80.93,266.59,0,5,360.1,No
CUST-001759,30,12,Two year,Fiber optic,No,Yes,Yes,Yes,Electronic check,77.02,923.91,1,4,356.5,No
CUST-001760,46,4,Month-to-month,Fiber optic,Yes,No,Yes,No,Bank transfer,83.63,313.68,1,3,243.1,Yes
CUST-001761,27,19,Month-to-month,Fiber optic,Yes,Yes,No,Yes,Mailed check,81.23,1549.59,0,3,379.5,Yes
CUST-001762,33,4,Month-to-month,No internet service,No,Yes,Yes,No,Bank transfer,37.09,162.62,0,5,7.2,No
CUST-001763,36,21,Two year,Fiber optic,Yes,No,Yes,Yes,Mailed check,73.27,1493.6,0,3,487.5,No
CUST-001764,29,8,Two year,No internet service,No,No,No,No,Bank transfer,18.0,129.55,0,2,5.3,No
CUST-001765,29,58,Two year,DSL,Yes,No,No,Yes,Electronic check,54.71,3173.76,4,2,219.4,No
CUST-001766,43,13,Month-to-month,DSL,No,No,No,No,Mailed check,52.52,673.15,0,4,98.8,No
CUST-001767,27,22,One year,DSL,No,Yes,Yes,No,Credit card,61.84,1363.17,4,3,115.1,Yes
CUST-001768,58,8,Month-to-month,DSL,Yes,No,No,Yes,Electronic check,50.56,392.0,0,5,129.9,No
CUST-001769,31,14,Month-to-month,DSL,No,No,No,Yes,Credit card,50.26,722.38,1,3,119.5,No
CUST-001770,85,1,One year,Fiber optic,Yes,Yes,Yes,No,Credit card,91.05,92.08,1,2,239.5,No
CUST-001771,38,7,Two year,No internet service,Yes,Yes,Yes,Yes,Electronic check,49.72,312.04,1,3,6.4,No
CUST-001772,46,18,Month-to-month,Fiber optic,No,No,No,No,Electronic check,63.52,1157.99,0,3,311.5,No
CUST-001773,26,6,Month-to-month,Fiber optic,No,Yes,Yes,Yes,Credit card,80.97,501.72,0,3,397.3,Yes
CUST-001774,71,4,Month-to-month,Fiber optic,No,Yes,No,Yes,Credit card,75.11,299.69,0,5,268.8,Yes
CUST-001775,62,1,Month-to-month,DSL,Yes,Yes,Yes,No,Electronic check,74.36,37.57,2,3,178.4,No
CUST-001776,49,11,Month-to-month,Fiber optic,Yes,No,Yes,Yes,Credit card,83.4,935.44,1,3,192.4,No
CUST-001777,25,45,Two year,Fiber optic,No,No,No,Yes,Electronic check,59.38,2651.66,0,4,367.7,No
CUST-001778,48,27,Month-to-month,Fiber optic,Yes,No,No,Yes,Mailed check,64.65,1738.32,2,3,359.2,Yes
CUST-001779,28,72,One year,Fiber optic,No,No,Yes,No,Credit card,69.31,4978.84,1,4,281.9,No
CUST-001780,67,27,Month-to-month,Fiber optic,No,No,No,Yes,Electronic check,61.83,1640.62,0,4,306.0,No
CUST-001781,57,10,Month-to-month,No internet service,No,Yes,No,Yes,Credit card,27.58,275.92,4,2,6.9,Yes
CUST-001782,46,42,Month-to-month,Fiber optic,Yes,Yes,Yes,Yes,Electronic check,82.67,3476.19,2,2,416.6,Yes
CUST-001783,18,31,Month-to-month,No internet service,No,No,No,Yes,Mailed check,18.0,560.27,1,3,3.1,No
CUST-001784,30,14,Month-to-month,DSL,No,No,No,Yes,Credit card,46.89,652.27,1,4,154.1,No
CUST-001785,55,72,One year,DSL,No,No,Yes,Yes,Electronic check,64.84,4653.58,2,5,165.0,No
CUST-001786,63,67,Two year,No internet service,Yes,No,No,Yes,Bank transfer,33.44,2269.86,0,2,2.2,No
CUST-001787,62,3,Month-to-month,Fiber optic,No,No,No,No,Credit card,55.79,171.08,0,2,397.9,No
CUST-001788,21,69,One year,DSL,Yes,No,No,No,Credit card,54.96,3773.53,2,4,184.8,No
CUST-001789,50,18,Two year,Fiber optic,Yes,No,Yes,No,Credit card,89.78,1624.85,1,4,350.7,No
CUST-001790,60,22,Month-to-month,Fiber optic,No,No,No,No,Credit card,62.52,1382.73,2,3,349.8,Yes
CUST-001791,20,32,Two year,Fiber optic,Yes,Yes,No,Yes,Electronic check,77.82,2502.55,0,4,420.8,No
CUST-001792,45,4,Two year,DSL,No,Yes,Yes,No,Bank transfer,64.67,258.04,0,5,180.6,No
CUST-001793,49,16,Two year,No internet service,No,Yes,No,Yes,Mailed check,28.44,442.59,2,4,6.7,No
CUST-001794,40,4,One year,Fiber optic,No,Yes,No,No,Bank transfer,72.89,264.17,0,3,234.6,Yes
CUST-001795,18,12,One year,DSL,No,Yes,Yes,No,Bank transfer,66.62,788.83,2,4,201.6,No
CUST-001796,40,2,Month-to-month,Fiber optic,Yes,No,Yes,Yes,Electronic check,86.08,139.03,0,5,424.6,No
CUST-001797,40,14,One year,Fiber optic,Yes,No,No,No,Credit card,69.87,984.2,2,3,287.1,Yes
CUST-001798,43,5,Two year,Fiber optic,Yes,No,No,Yes,Mailed check,70.77,321.73,0,4,346.4,No
CUST-001799,37,16,Month-to-month,DSL,No,No,Yes,No,Bank transfer,53.1,842.49,0,3,159.3,No
CUST-001800,38,23,One year,DSL,No,No,Yes,Yes,Mailed check,54.69,1272.45,2,2,63.8,No
CUST-001801,44,63,Month-to-month,Fiber optic,Yes,No,Yes,Yes,Mailed check,87.81,5527.19,1,4,362.8,No
CUST-001802,52,20,Month-to-month,Fiber optic,Yes,No,No,No,Bank transfer,69.14,1381.62,2,4,361.2,No
CUST-001803,40,24,One year,DSL,Yes,Yes,Yes,Yes,Bank transfer,76.35,1841.27,1,4,128.8,No
CUST-001804,39,0,One year,No internet service,No,No,No,Yes,Credit card,18.0,28.27,0,2,6.5,No
CUST-001805,46,21,One year,Fiber optic,Yes,No,Yes,Yes,Credit card,86.02,1827.18,2,5,450.9,No
CUST-001806,18,12,Two year,DSL,No,Yes,No,Yes,Credit card,55.18,673.43,1,4,141.5,No
CUST-001807,52,20,Month-to-month,DSL,Yes,No,No,Yes,Credit card,55.24,1111.96,0,5,219.8,No
CUST-001808,45,6,Two year,DSL,Yes,Yes,No,Yes,Credit card,49.76,259.33,0,3,145.7,No
CUST-001809,46,12,One year,Fiber optic,No,No,Yes,Yes,Electronic check,77.67,936.87,2,4,327.4,No
CUST-001810,59,47,Two year,No internet service,No,No,No,Yes,Bank transfer,18.0,879.17,0,4,8.5,No
CUST-001811,18,21,Month-to-month,DSL,Yes,No,Yes,No,Electronic check,58.39,1239.14,0,2,145.4,Yes
CUST-001812,18,37,Month-to-month,Fiber optic,Yes,No,Yes,No,Mailed check,86.11,3205.46,1,4,458.8,No
CUST-001813,49,15,Two year,No internet service,Yes,No,No,Yes,Credit card,21.76,312.91,1,2,2.4,No
CUST-001814,45,3,Month-to-month,No internet service,No,Yes,No,Yes,Bank transfer,27.22,80.28,1,3,6.3,Yes
CUST-001815,48,0,Month-to-month,DSL,No,No,No,No,Bank transfer,52.28,63.57,1,5,96.8,Yes
CUST-001816,38,15,One year,No internet service,No,No,Yes,Yes,Bank transfer,33.51,511.51,0,4,0.0,No
CUST-001817,55,18,One year,Fiber optic,No,Yes,No,No,Electronic check,69.84,1272.92,1,3,199.0,No
CUST-001818,59,8,Two year,DSL,No,Yes,Yes,No,Credit card,62.2,474.91,0,2,143.9,No
CUST-001819,52,17,One year,Fiber optic,Yes,No,No,No,Electronic check,77.57,1302.83,0,4,336.6,No
CUST-001820,41,34,Two year,No internet service,Yes,Yes,Yes,Yes,Electronic check,44.47,1486.1,0,3,0.9,No
CUST-001821,18,12,Month-to-month,Fiber optic,No,No,No,Yes,Electronic check,62.67,757.21,2,1,343.1,Yes
CUST-001822,57,27,One year,Fiber optic,No,Yes,No,No,Credit card,66.34,1787.43,2,2,254.4,No
CUST-001823,63,69,Two year,Fiber optic,Yes,No,Yes,Yes,Mailed check,80.53,5552.68,0,4,279.0,No
CUST-001824,55,39,One year,DSL,No,No,No,Yes,Bank transfer,49.47,1915.72,0,5,156.8,No
CUST-001825,32,11,Month-to-month,DSL,No,No,No,Yes,Mailed check,42.57,451.4,0,4,111.0,No
CUST-001826,55,6,Month-to-month,DSL,No,No,No,No,Electronic check,47.78,286.72,0,4,180.4,No
CUST-001827,58,18,One year,Fiber optic,No,Yes,No,Yes,Electronic check,74.18,1357.39,0,4,286.6,No
CUST-001828,68,44,One year,Fiber optic,No,No,Yes,Yes,Electronic check,72.22,3209.03,1,3,412.6,Yes
CUST-001829,32,24,Month-to-month,DSL,No,No,Yes,No,Bank transfer,53.02,1303.9,0,5,92.5,Yes
CUST-001830,42,59,One year,Fiber optic,No,No,Yes,Yes,Electronic check,79.89,4704.14,1,2,376.4,Yes
CUST-001831,56,63,Two year,DSL,Yes,No,No,No,Mailed check,53.7,3359.44,0,4,148.9,No
CUST-001832,46,15,Month-to-month,No internet service,No,No,Yes,No,Mailed check,31.11,484.32,0,3,6.2,No
CUST-001833,28,34,One year,DSL,No,Yes,No,No,Bank transfer,53.31,1838.03,1,3,113.7,No
CUST-001834,51,15,One year,Fiber optic,No,Yes,No,No,Credit card,76.06,1149.25,0,5,338.8,No
CUST-001835,54,0,Month-to-month,DSL,No,Yes,No,Yes,Electronic check,50.81,50.35,0,4,169.0,Yes
CUST-001836,46,72,Month-to-month,No internet service,Yes,No,Yes,No,Mailed check,37.16,2662.98,3,3,3.4,No
CUST-001837,48,20,Month-to-month,DSL,No,No,No,Yes,Electronic check,45.59,923.91,1,3,139.6,Yes
CUST-001838,41,14,Two year,No internet service,No,Yes,Yes,No,Credit card,33.98,487.23,1,4,5.7,No
CUST-001839,67,2,Month-to-month,Fiber optic,No,Yes,No,Yes,Credit card,71.71,149.08,0,3,229.8,Yes
CUST-001840,31,7,Month-to-month,DSL,No,No,Yes,No,Electronic check,57.01,376.94,0,4,155.7,No
CUST-001841,36,7,Month-to-month,Fiber optic,No,Yes,Yes,Yes,Electronic check,78.92,532.57,0,3,334.2,No
CUST-001842,45,27,Two year,DSL,Yes,No,No,Yes,Electronic check,50.98,1374.58,1,3,159.6,No
CUST-001843,58,47,One year,No internet service,No,No,Yes,Yes,Electronic check,30.38,1448.7,2,2,6.9,No
CUST-001844,23,2,Month-to-month,No internet service,Yes,No,Yes,Yes,Electronic check,43.67,105.53,0,4,1.0,No
CUST-001845,25,22,Two year,Fiber optic,Yes,No,Yes,Yes,Electronic check,80.62,1765.66,1,3,307.1,No
CUST-001846,18,2,Month-to-month,No internet service,Yes,No,Yes,No,Electronic check,35.95,35.36,0,4,4.0,No
CUST-001847,45,9,Month-to-month,Fiber optic,No,No,No,Yes,Electronic check,63.13,594.88,1,1,412.4,Yes
CUST-001848,28,72,Month-to-month,DSL,Yes,No,Yes,No,Mailed check,67.82,4907.86,0,3,37.3,No
CUST-001849,39,22,One year,DSL,Yes,Yes,Yes,No,Electronic check,74.64,1644.56,0,4,172.7,No
CUST-001850,55,15,Two year,DSL,No,Yes,No,Yes,Mailed check,52.31,776.05,2,2,211.9,Yes
CUST-001851,35,48,Month-to-month,Fiber optic,No,No,Yes,No,Credit card,80.57,3861.22,0,5,376.1,No
CUST-001852,48,27,One year,DSL,No,No,Yes,Yes,Mailed check,62.81,1714.49,0,4,128.1,No
CUST-001853,41,6,One year,DSL,No,No,Yes,Yes,Electronic check,57.79,357.48,2,3,187.8,No
CUST-001854,55,18,Two year,DSL,Yes,Yes,No,Yes,Credit card,54.99,981.26,1,4,98.9,No
CUST-001855,52,19,Two year,DSL,No,No,No,No,Electronic check,44.61,891.62,0,3,163.4,No
CUST-001856,35,19,One year,DSL,Yes,Yes,No,Yes,Electronic check,52.19,961.01,0,5,102.5,No
CUST-001857,42,9,Month-to-month,Fiber optic,No,No,No,Yes,Bank transfer,66.97,590.7,1,4,327.2,No
CUST-001858,61,24,Month-to-month,Fiber optic,Yes,No,No,Yes,Electronic check,70.54,1681.38,1,4,255.8,No
CUST-001859,51,12,Two year,DSL,No,No,No,No,Mailed check,45.56,548.84,0,4,2.3,No
CUST-001860,24,55,One year,DSL,No,No,No,No,Credit card,44.58,2474.55,1,4,87.5,No
CUST-001861,55,7,Month-to-month,Fiber optic,No,No,No,Yes,Bank transfer,63.08,458.13,0,3,241.8,Yes
CUST-001862,29,25,Two year,Fiber optic,Yes,No,No,Yes,Credit card,74.13,1855.78,1,3,288.8,No
CUST-001863,66,23,Two year,No internet service,No,Yes,Yes,No,Mailed check,37.38,833.2,1,4,8.4,No
CUST-001864,60,10,One year,No internet service,Yes,Yes,No,No,Electronic check,30.85,327.6,2,4,6.2,No
CUST-001865,49,5,Two year,DSL,No,No,No,Yes,Mailed check,39.51,174.85,0,2,155.6,No
CUST-001866,47,2,Month-to-month,No internet service,Yes,Yes,Yes,No,Mailed check,47.78,87.52,1,5,5.5,Yes
CUST-001867,42,22,One year,No internet service,No,Yes,Yes,Yes,Bank transfer,31.97,701.83,0,4,5.7,No
CUST-001868,55,12,Two year,DSL,No,Yes,Yes,Yes,Bank transfer,71.97,847.49,1,3,170.8,No
CUST-001869,39,14,Month-to-month,Fiber optic,No,Yes,Yes,Yes,Electronic check,89.44,1235.62,2,4,132.2,Yes
CUST-001870,49,11,Month-to-month,DSL,No,No,No,No,Credit card,37.05,425.29,2,3,176.1,No
CUST-001871,58,3,One year,No internet service,No,No,Yes,No,Electronic check,35.14,134.5,1,2,4.9,No
CUST-001872,37,13,Month-to-month,DSL,Yes,No,No,Yes,Credit card,58.69,761.49,2,3,133.3,Yes
CUST-001873,36,0,Month-to-month,Fiber optic,No,No,Yes,No,Electronic check,74.07,38.49,1,4,296.1,No
CUST-001874,27,10,Month-to-month,No internet service,No,Yes,No,Yes,Bank transfer,27.76,283.21,0,3,7.8,No
CUST-001875,29,16,Month-to-month,DSL,No,No,Yes,Yes,Bank transfer,56.37,888.0,3,3,148.5,Yes
CUST-001876,18,52,Month-to-month,Fiber optic,Yes,No,Yes,No,Bank transfer,88.41,4604.53,1,3,276.3,Yes
CUST-001877,56,3,Two year,No internet service,No,No,No,Yes,Credit card,18.0,59.91,1,3,8.8,No
CUST-001878,72,20,One year,DSL,No,No,Yes,No,Bank transfer,62.07,1203.77,0,4,133.7,No
CUST-001879,66,10,One year,No internet service,No,No,Yes,No,Bank transfer,31.28,304.99,1,4,6.8,No
CUST-001880,21,36,Month-to-month,No internet service,No,Yes,No,No,Credit card,24.41,891.09,1,4,4.8,No
CUST-001881,56,6,Month-to-month,Fiber optic,No,No,No,Yes,Electronic check,68.24,407.58,0,5,457.0,No
CUST-001882,66,12,Month-to-month,DSL,Yes,No,No,No,Bank transfer,57.5,668.07,0,5,158.2,Yes
CUST-001883,38,27,Two year,Fiber optic,No,No,No,Yes,Bank transfer,53.32,1452.77,1,3,331.7,No
CUST-001884,47,9,Two year,No internet service,Yes,No,No,Yes,Electronic check,18.0,128.69,0,3,8.7,No
CUST-001885,18,35,Month-to-month,No internet service,No,Yes,No,Yes,Electronic check,27.71,974.53,0,4,7.8,No
CUST-001886,49,1,Two year,No internet service,Yes,Yes,No,No,Electronic check,30.69,19.91,2,2,3.3,No
CUST-001887,29,6,Month-to-month,DSL,No,No,No,No,Electronic check,38.39,239.02,0,4,149.2,No
CUST-001888,48,1,Month-to-month,No internet service,Yes,No,No,Yes,Bank transfer,26.13,21.57,2,3,1.4,No
CUST-001889,22,29,One year,Fiber optic,Yes,Yes,No,Yes,Bank transfer,93.56,2722.96,1,3,215.9,No
CUST-001890,53,11,Month-to-month,Fiber optic,No,Yes,Yes,Yes,Electronic check,76.35,867.07,2,3,311.3,Yes
CUST-001891,60,19,Two year,Fiber optic,Yes,Yes,Yes,No,Mailed check,95.43,1827.05,2,2,332.5,Yes
CUST-001892,33,2,Month-to-month,No internet service,Yes,Yes,No,No,Electronic check,30.19,73.9,0,5,6.0,No
CUST-001893,28,19,One year,DSL,No,No,No,Yes,Credit card,37.74,728.72,1,3,66.9,No
CUST-001894,18,7,Month-to-month,DSL,No,Yes,No,No,Bank transfer,47.94,301.24,1,5,206.8,No
CUST-001895,41,23,Month-to-month,Fiber optic,Yes,No,Yes,No,Electronic check,77.89,1793.08,3,2,299.5,Yes
CUST-001896,36,8,Month-to-month,DSL,No,No,No,No,Electronic check,37.16,302.67,0,3,196.2,No
CUST-001897,22,11,Two year,DSL,Yes,No,No,Yes,Credit card,49.38,554.24,0,4,45.8,No
CUST-001898,52,11,One year,No internet service,No,No,Yes,Yes,Bank transfer,26.55,290.36,1,3,3.9,Yes
CUST-001899,38,72,One year,No internet service,Yes,Yes,No,Yes,Mailed check,33.27,2409.75,1,4,5.0,No
CUST-001900,29,43,Month-to-month,DSL,No,Yes,Yes,No,Bank transfer,63.84,2725.94,0,4,31.5,No
CUST-001901,37,0,Month-to-month,No internet service,No,Yes,No,Yes,Mailed check,22.05,61.91,0,3,7.9,No
CUST-001902,61,9,Month-to-month,Fiber optic,No,Yes,Yes,No,Credit card,86.15,786.51,1,5,393.3,Yes
CUST-001903,54,48,Two year,Fiber optic,No,No,No,No,Credit card,61.68,2942.23,0,4,408.6,No
CUST-001904,43,19,Month-to-month,DSL,No,Yes,Yes,Yes,Electronic check,62.23,1209.48,1,2,202.6,Yes
CUST-001905,54,28,Month-to-month,DSL,No,No,Yes,Yes,Bank transfer,46.15,1269.88,0,4,127.1,No
CUST-001906,28,5,One year,Fiber optic,Yes,No,Yes,Yes,Credit card,85.41,427.24,0,4,257.4,No
CUST-001907,45,2,One year,Fiber optic,Yes,Yes,Yes,No,Electronic check,102.26,206.83,1,3,278.3,No
CUST-001908,47,6,Month-to-month,DSL,No,Yes,No,Yes,Credit card,54.97,321.62,1,3,205.9,Yes
CUST-001909,38,70,Month-to-month,Fiber optic,Yes,No,Yes,Yes,Mailed check,84.14,5887.36,2,4,421.6,No
CUST-001910,52,18,Month-to-month,Fiber optic,Yes,No,Yes,Yes,Electronic check,79.21,1427.05,2,2,352.7,Yes
CUST-001911,33,12,One year,DSL,Yes,Yes,No,Yes,Credit card,67.16,784.45,2,3,146.0,No
CUST-001912,53,22,Month-to-month,No internet service,Yes,No,Yes,Yes,Bank transfer,39.2,867.87,0,3,4.1,No
CUST-001913,53,25,One year,Fiber optic,Yes,Yes,No,Yes,Electronic check,75.63,1890.81,0,4,266.1,No
CUST-001914,18,25,Month-to-month,Fiber optic,No,No,Yes,No,Mailed check,73.76,1882.88,3,3,472.4,Yes
CUST-001915,63,9,Two year,Fiber optic,No,No,No,Yes,Bank transfer,75.36,707.92,1,5,247.2,No
CUST-001916,18,72,Two year,Fiber optic,Yes,Yes,No,Yes,Bank transfer,78.41,5630.86,2,3,318.5,No
CUST-001917,36,6,Month-to-month,DSL,No,Yes,Yes,No,Electronic check,65.25,388.68,2,2,107.9,No
CUST-001918,60,46,Month-to-month,DSL,Yes,No,No,Yes,Bank transfer,51.98,2377.21,0,5,154.0,No
CUST-001919,40,12,Month-to-month,Fiber optic,No,No,Yes,Yes,Credit card,76.67,914.94,0,4,489.4,No
CUST-001920,23,19,Two year,No internet service,No,No,Yes,Yes,Credit card,29.88,584.91,4,4,4.2,Yes
CUST-001921,29,22,Month-to-month,No internet service,No,No,Yes,Yes,Electronic check,39.11,858.37,0,3,0.3,Yes
CUST-001922,60,4,One year,Fiber optic,No,No,No,No,Credit card,65.22,250.9,0,3,301.5,No
CUST-001923,18,7,Month-to-month,Fiber optic,No,No,No,No,Electronic check,57.96,417.83,1,4,318.2,No
CUST-001924,62,24,Month-to-month,No internet service,No,No,Yes,No,Credit card,33.97,776.55,1,3,4.7,No
CUST-001925,44,37,One year,DSL,Yes,Yes,No,No,Electronic check,58.43,2154.18,0,5,136.8,No
CUST-001926,27,19,One year,No internet service,No,Yes,Yes,No,Credit card,39.91,785.69,0,4,11.8,No
CUST-001927,36,53,Two year,Fiber optic,No,No,No,Yes,Credit card,63.34,3385.37,0,3,238.5,No
CUST-001928,30,13,Two year,DSL,No,Yes,Yes,No,Credit card,60.29,809.88,3,3,54.6,Yes
CUST-001929,58,10,One year,Fiber optic,No,Yes,No,No,Electronic check,75.47,730.07,2,2,414.9,No
CUST-001930,56,39,Month-to-month,Fiber optic,Yes,Yes,No,No,Credit card,88.3,3418.92,1,4,408.9,No
CUST-001931,19,1,Two year,DSL,No,No,No,Yes,Electronic check,35.71,25.84,1,3,137.5,No
CUST-001932,39,37,Two year,DSL,No,No,No,No,Mailed check,45.41,1680.42,4,3,183.0,No
CUST-001933,32,6,Two year,Fiber optic,Yes,No,No,Yes,Credit card,70.3,407.14,1,5,173.9,No
CUST-001934,64,21,Two year,Fiber optic,No,No,No,No,Bank transfer,60.44,1235.63,0,2,266.3,No
CUST-001935,25,0,Month-to-month,DSL,No,No,No,Yes,Bank transfer,34.22,52.78,0,3,124.4,No
CUST-001936,69,9,One year,Fiber optic,No,No,No,No,Electronic check,66.8,616.42,0,2,331.9,No
CUST-001937,45,63,One year,Fiber optic,No,No,Yes,Yes,Bank transfer,74.58,4686.73,2,3,228.5,No
CUST-001938,28,26,Month-to-month,Fiber optic,Yes,No,Yes,Yes,Electronic check,82.28,2153.52,1,3,195.3,Yes
CUST-001939,35,7,One year,Fiber optic,No,No,No,Yes,Electronic check,71.01,515.94,1,2,225.2,No
CUST-001940,33,4,Month-to-month,No internet service,Yes,No,Yes,Yes,Credit card,37.8,103.6,0,4,3.0,Yes
CUST-001941,26,11,Month-to-month,Fiber optic,No,No,No,Yes,Bank transfer,62.59,701.36,0,5,286.9,No
CUST-001942,46,5,Month-to-month,DSL,Yes,No,Yes,No,Electronic check,58.32,290.38,0,4,105.4,No
CUST-001943,27,47,One year,DSL,No,No,No,No,Mailed check,40.46,1851.36,0,4,130.8,No
CUST-001944,18,23,One year,Fiber optic,No,No,Yes,No,Electronic check,84.33,1959.95,0,5,429.7,No
CUST-001945,39,22,Month-to-month,DSL,Yes,Yes,No,Yes,Electronic check,62.06,1366.91,1,4,81.3,Yes
CUST-001946,18,50,Month-to-month,Fiber optic,Yes,Yes,No,Yes,Credit card,85.44,4240.08,1,1,292.0,No
CUST-001947,34,22,One year,No internet service,No,Yes,Yes,No,Electronic check,33.8,751.55,1,4,8.5,No
CUST-001948,31,72,Month-to-month,No internet service,Yes,No,No,No,Electronic check,29.81,2149.94,3,1,14.0,No
CUST-001949,32,10,Month-to-month,No internet service,No,Yes,No,Yes,Electronic check,31.24,323.22,0,3,12.5,Yes
CUST-001950,75,21,Month-to-month,Fiber optic,Yes,No,No,Yes,Bank transfer,75.9,1555.22,3,2,325.3,Yes
CUST-001951,46,6,Two year,No internet service,No,Yes,No,Yes,Electronic check,33.9,197.39,1,4,2.1,No
CUST-001952,49,17,Month-to-month,DSL,Yes,Yes,No,Yes,Electronic check,61.01,1017.55,0,3,157.3,No
CUST-001953,18,12,One year,Fiber optic,Yes,No,Yes,No,Credit card,84.99,1016.62,0,4,518.5,No
CUST-001954,35,4,Two year,Fiber optic,Yes,Yes,No,Yes,Bank transfer,67.23,234.96,1,4,434.6,Yes
CUST-001955,48,7,Month-to-month,Fiber optic,No,Yes,Yes,No,Electronic check,85.08,573.22,0,2,230.2,Yes
CUST-001956,30,10,Two year,Fiber optic,No,Yes,No,Yes,Credit card,73.99,770.69,1,4,176.4,No
CUST-001957,59,16,Month-to-month,Fiber optic,No,No,No,Yes,Mailed check,70.74,1155.07,1,1,436.4,Yes
CUST-001958,27,27,Month-to-month,No internet service,No,Yes,No,Yes,Credit card,22.03,614.24,2,2,6.6,Yes
CUST-001959,41,9,Month-to-month,No internet service,Yes,No,No,Yes,Electronic check,27.83,279.88,1,5,3.3,No
CUST-001960,36,6,One year,Fiber optic,Yes,Yes,Yes,Yes,Electronic check,83.05,460.91,1,3,466.8,Yes
CUST-001961,47,44,Two year,No internet service,No,Yes,Yes,Yes,Electronic check,29.93,1315.79,1,3,6.8,No
CUST-001962,35,61,One year,DSL,Yes,Yes,Yes,Yes,Mailed check,73.56,4492.04,1,3,91.1,No
CUST-001963,41,13,One year,DSL,Yes,Yes,Yes,No,Mailed check,77.33,997.54,1,2,108.4,No
CUST-001964,41,13,Month-to-month,No internet service,No,No,Yes,No,Mailed check,38.51,463.41,2,2,9.1,No
CUST-001965,34,1,Two year,DSL,Yes,No,No,Yes,Mailed check,55.19,72.86,1,3,117.6,No
CUST-001966,52,7,Month-to-month,DSL,No,No,No,No,Mailed check,55.23,398.97,3,3,133.6,Yes
CUST-001967,49,6,Month-to-month,Fiber optic,No,No,No,Yes,Mailed check,63.04,365.83,0,4,172.4,Yes
CUST-001968,44,18,Two year,Fiber optic,No,Yes,No,Yes,Electronic check,75.49,1375.73,3,3,327.2,No
CUST-001969,39,3,Month-to-month,No internet service,No,No,Yes,Yes,Bank transfer,25.41,78.72,1,3,6.2,No
CUST-001970,57,9,Month-to-month,Fiber optic,No,No,No,No,Credit card,49.28,456.2,2,3,401.9,No
CUST-001971,41,28,Month-to-month,Fiber optic,Yes,No,Yes,No,Credit card,82.59,2294.23,0,4,251.9,No
CUST-001972,40,25,Month-to-month,Fiber optic,Yes,No,No,No,Electronic check,72.4,1814.77,1,2,151.5,No
CUST-001973,47,8,Two year,DSL,Yes,Yes,No,Yes,Mailed check,60.17,486.34,0,4,44.4,No
CUST-001974,70,3,Month-to-month,Fiber optic,Yes,No,Yes,No,Electronic check,84.07,247.58,0,4,207.4,No
CUST-001975,25,9,Two year,No internet service,No,No,No,No,Bank transfer,21.81,142.81,1,3,0.0,No
CUST-001976,57,16,Month-to-month,Fiber optic,No,No,No,No,Mailed check,73.7,1182.64,0,3,398.1,Yes
CUST-001977,18,17,One year,No internet service,No,Yes,Yes,No,Credit card,41.69,713.53,0,4,3.3,No
CUST-001978,48,2,One year,DSL,Yes,Yes,Yes,Yes,Credit card,67.17,115.43,1,3,161.3,Yes
CUST-001979,69,10,One year,DSL,Yes,No,Yes,No,Electronic check,52.44,535.85,0,3,179.8,No
CUST-001980,52,41,Month-to-month,Fiber optic,Yes,No,No,Yes,Mailed check,67.62,2777.31,2,2,285.0,No
CUST-001981,48,64,One year,Fiber optic,No,Yes,No,No,Bank transfer,77.72,4982.27,1,5,464.4,No
CUST-001982,37,65,One year,No internet service,Yes,Yes,No,Yes,Bank transfer,31.48,2038.65,0,3,0.0,No
CUST-001983,45,2,Two year,DSL,No,No,Yes,Yes,Credit card,60.39,86.6,2,2,112.5,No
CUST-001984,41,58,Month-to-month,DSL,Yes,Yes,Yes,Yes,Electronic check,74.2,4269.87,0,2,110.0,Yes
CUST-001985,33,35,Month-to-month,No internet service,No,Yes,Yes,Yes,Electronic check,37.72,1333.95,1,3,5.2,No
CUST-001986,41,23,One year,No internet service,No,No,Yes,Yes,Bank transfer,31.57,704.23,0,4,1.3,No
CUST-001987,48,15,Month-to-month,Fiber optic,Yes,Yes,No,Yes,Mailed check,75.68,1119.24,1,3,250.9,No
CUST-001988,33,6,Month-to-month,DSL,No,Yes,Yes,No,Bank transfer,74.14,461.63,1,4,135.2,No
CUST-001989,33,20,Two year,No internet service,No,No,Yes,Yes,Electronic check,27.22,501.67,0,4,5.1,No
CUST-001990,25,3,Month-to-month,No internet service,No,Yes,No,No,Electronic check,31.6,62.67,1,3,7.0,Yes
CUST-001991,51,1,Month-to-month,Fiber optic,No,Yes,Yes,Yes,Electronic check,87.15,102.93,0,3,242.9,Yes
CUST-001992,53,55,One year,Fiber optic,No,No,No,Yes,Credit card,68.08,3746.09,0,5,377.1,No
CUST-001993,48,6,Month-to-month,Fiber optic,No,No,No,No,Mailed check,64.4,346.53,0,4,351.4,No
CUST-001994,59,51,Month-to-month,Fiber optic,No,No,No,No,Electronic check,57.6,2928.81,1,4,361.6,No
CUST-001995,46,4,Month-to-month,Fiber optic,No,No,No,Yes,Electronic check,59.26,240.56,2,3,296.7,No
CUST-001996,51,7,Month-to-month,DSL,Yes,No,No,No,Credit card,49.13,321.87,1,4,196.0,Yes
CUST-001997,50,5,Month-to-month,DSL,No,No,No,Yes,Mailed check,46.85,205.33,3,4,177.4,No
CUST-001998,44,12,Two year,Fiber optic,No,No,No,Yes,Credit card,69.45,799.63,1,4,469.4,No
CUST-001999,37,43,Month-to-month,DSL,No,No,No,No,Credit card,46.57,2019.44,0,4,76.0,No
CUST-002000,78,52,Month-to-month,Fiber optic,No,Yes,Yes,No,Electronic check,84.3,4404.47,0,4,331.1,No
CUST-002001,38,15,One year,Fiber optic,No,No,No,No,Credit card,70.21,1068.24,2,2,299.2,Yes
CUST-002002,35,24,Month-to-month,No internet service,No,Yes,Yes,Yes,Mailed check,27.55,685.85,1,3,9.0,No
CUST-002003,52,2,Month-to-month,No internet service,Yes,Yes,No,Yes,Bank transfer,22.97,71.55,3,2,7.7,No
CUST-002004,49,2,Month-to-month,Fiber optic,No,No,Yes,Yes,Mailed check,69.26,108.2,0,4,476.9,No
CUST-002005,24,37,Month-to-month,No internet service,No,Yes,No,Yes,Bank transfer,30.63,1153.34,0,2,9.9,No
CUST-002006,62,11,Month-to-month,No internet service,No,Yes,No,Yes,Bank transfer,18.0,200.24,1,3,6.3,No
CUST-002007,44,31,Month-to-month,DSL,No,Yes,Yes,No,Electronic check,62.95,1989.44,1,3,162.1,No
CUST-002008,28,12,Two year,No internet service,Yes,No,No,No,Mailed check,23.45,349.12,0,2,2.6,No
CUST-002009,63,17,Two year,Fiber optic,Yes,No,No,No,Electronic check,73.78,1250.35,1,3,321.6,Yes
CUST-002010,54,21,Two year,Fiber optic,Yes,No,No,No,Electronic check,72.29,1511.99,0,4,455.4,No
CUST-002011,26,13,Month-to-month,No internet service,Yes,No,No,Yes,Bank transfer,29.25,372.58,0,3,8.8,Yes
CUST-002012,72,11,One year,DSL,Yes,No,Yes,Yes,Bank transfer,63.0,694.44,2,4,122.1,No
CUST-002013,55,11,One year,Fiber optic,Yes,No,No,No,Electronic check,76.54,846.58,2,4,293.6,Yes
CUST-002014,45,3,Month-to-month,Fiber optic,No,No,No,Yes,Electronic check,72.32,269.72,0,2,423.7,Yes
CUST-002015,69,27,Two year,Fiber optic,Yes,Yes,No,Yes,Credit card,85.32,2306.5,1,3,267.4,No
CUST-002016,47,4,One year,Fiber optic,Yes,No,No,Yes,Mailed check,71.19,276.17,0,3,332.2,No
CUST-002017,45,5,Month-to-month,Fiber optic,No,Yes,Yes,No,Bank transfer,78.67,393.61,2,3,356.8,Yes
CUST-002018,35,12,Two year,No internet service,Yes,No,No,No,Electronic check,28.98,331.26,2,2,3.3,No
CUST-002019,54,12,Month-to-month,Fiber optic,No,Yes,Yes,Yes,Bank transfer,92.88,1081.0,2,2,237.8,Yes
CUST-002020,52,11,Month-to-month,No internet service,No,No,Yes,Yes,Credit card,31.73,346.07,0,5,3.3,No
CUST-002021,45,38,Month-to-month,Fiber optic,Yes,No,No,No,Electronic check,77.19,2979.89,2,4,527.5,No
CUST-002022,33,8,Month-to-month,Fiber optic,No,No,No,No,Mailed check,68.92,569.13,0,4,278.1,No
CUST-002023,47,46,Two year,No internet service,Yes,No,No,Yes,Electronic check,31.86,1455.97,0,4,9.9,No
CUST-002024,44,20,One year,Fiber optic,No,No,No,No,Electronic check,71.36,1434.22,1,2,386.7,No
CUST-002025,25,18,Month-to-month,Fiber optic,No,No,Yes,No,Bank transfer,70.42,1317.84,1,3,534.5,Yes
CUST-002026,23,21,One year,No internet service,Yes,Yes,No,No,Bank transfer,29.18,616.76,2,3,6.6,No
CUST-002027,53,5,Two year,Fiber optic,No,No,No,Yes,Bank transfer,65.24,308.4,0,3,213.6,No
CUST-002028,18,20,Two year,Fiber optic,No,Yes,No,Yes,Mailed check,77.15,1544.37,0,2,391.7,Yes
CUST-002029,48,36,Two year,No internet service,Yes,No,Yes,No,Mailed check,46.14,1673.88,1,5,5.0,No
CUST-002030,38,25,Two year,Fiber optic,Yes,Yes,Yes,No,Mailed check,90.77,2277.58,0,3,232.1,No
CUST-002031,65,2,One year,DSL,No,Yes,Yes,Yes,Electronic check,67.99,165.04,0,4,100.1,No
CUST-002032,38,10,Month-to-month,Fiber optic,Yes,No,No,Yes,Electronic check,70.89,710.9,2,4,215.8,Yes
CUST-002033,55,1,Two year,Fiber optic,No,Yes,No,Yes,Electronic check,66.87,20.01,0,4,287.0,No
CUST-002034,39,10,Month-to-month,DSL,No,Yes,No,No,Credit card,44.36,453.04,2,4,117.1,No
CUST-002035,47,3,Month-to-month,DSL,No,Yes,Yes,Yes,Electronic check,62.31,195.01,1,3,204.0,No
CUST-002036,56,14,Month-to-month,Fiber optic,Yes,Yes,No,Yes,Mailed check,77.27,1088.55,2,2,430.2,No
CUST-002037,38,1,Month-to-month,No internet service,No,No,No,No,Mailed check,25.02,8.05,0,4,8.1,No
CUST-002038,60,60,One year,No internet service,No,No,No,Yes,Bank transfer,22.81,1408.47,0,5,8.1,No
CUST-002039,30,9,Two year,DSL,No,Yes,Yes,No,Credit card,63.27,547.68,0,5,128.9,No
CUST-002040,49,32,Month-to-month,DSL,No,Yes,No,Yes,Bank transfer,51.29,1621.66,0,4,99.3,No
CUST-002041,59,5,One year,DSL,No,Yes,No,Yes,Electronic check,48.9,239.92,0,3,83.8,No
CUST-002042,55,28,Month-to-month,DSL,Yes,No,No,No,Electronic check,44.1,1261.33,0,3,169.2,No
CUST-002043,74,9,One year,Fiber optic,Yes,No,No,Yes,Credit card,67.09,631.2,3,1,493.0,Yes
CUST-002044,34,21,Month-to-month,No internet service,No,Yes,Yes,Yes,Credit card,41.93,893.33,0,3,4.6,No
CUST-002045,24,60,Month-to-month,DSL,No,No,Yes,Yes,Credit card,56.31,3396.47,0,2,190.5,Yes
CUST-002046,30,24,One year,No internet service,No,Yes,Yes,Yes,Credit card,31.44,728.51,1,4,7.0,No
CUST-002047,55,3,Month-to-month,No internet service,No,No,Yes,Yes,Mailed check,38.84,82.52,0,4,3.9,No
CUST-002048,52,49,Month-to-month,Fiber optic,No,No,Yes,No,Electronic check,85.49,4181.57,1,5,141.7,No
CUST-002049,47,29,Month-to-month,Fiber optic,No,Yes,No,No,Bank transfer,77.02,2251.29,0,5,292.3,No
CUST-002050,28,43,Month-to-month,DSL,No,Yes,Yes,Yes,Bank transfer,65.12,2818.39,3,4,138.4,No
CUST-002051,57,50,One year,DSL,No,No,No,Yes,Electronic check,46.43,2304.12,0,3,104.8,No
CUST-002052,27,7,Month-to-month,No internet service,No,No,Yes,Yes,Bank transfer,31.88,203.62,1,3,2.8,No
CUST-002053,62,9,Month-to-month,Fiber optic,No,No,Yes,No,Credit card,77.82,723.75,0,3,543.0,Yes
CUST-002054,85,32,Two year,DSL,No,No,Yes,Yes,Electronic check,60.14,1928.28,0,5,107.0,No
CUST-002055,50,1,One year,No internet service,No,No,Yes,Yes,Mailed check,35.54,0.0,2,1,2.0,No
CUST-002056,54,8,Month-to-month,No internet service,No,No,No,Yes,Mailed check,22.27,155.68,0,5,7.5,No
CUST-002057,38,10,One year,Fiber optic,No,No,No,No,Electronic check,48.62,495.9,2,2,353.5,No
CUST-002058,18,44,Month-to-month,No internet service,No,Yes,No,Yes,Credit card,31.76,1373.71,1,3,3.7,No
CUST-002059,36,63,Month-to-month,Fiber optic,No,No,No,Yes,Bank transfer,66.0,4138.31,2,1,289.3,No
CUST-002060,29,3,One year,DSL,No,Yes,Yes,Yes,Electronic check,56.21,149.67,0,4,121.9,No
CUST-002061,23,15,Month-to-month,Fiber optic,No,Yes,No,No,Credit card,71.99,1097.35,0,4,190.2,Yes
CUST-002062,71,29,Month-to-month,DSL,No,No,Yes,Yes,Mailed check,58.51,1696.6,1,2,145.6,No
CUST-002063,49,9,Two year,Fiber optic,No,No,Yes,Yes,Bank transfer,69.15,655.88,2,5,292.5,No
CUST-002064,51,17,One year,Fiber optic,No,Yes,Yes,Yes,Bank transfer,79.79,1347.85,1,4,544.0,No
CUST-002065,40,6,Two year,Fiber optic,No,Yes,No,Yes,Credit card,65.47,388.6,0,3,223.1,No
CUST-002066,42,32,Two year,No internet service,No,No,No,Yes,Electronic check,18.0,582.69,2,1,7.9,No
CUST-002067,59,31,Month-to-month,DSL,No,No,Yes,No,Bank transfer,59.85,1842.86,2,3,212.4,No
CUST-002068,45,12,One year,DSL,No,No,Yes,No,Bank transfer,53.89,614.71,0,4,164.9,No
CUST-002069,53,9,Month-to-month,DSL,No,No,No,Yes,Credit card,45.47,402.18,1,2,147.4,Yes
CUST-002070,42,7,One year,Fiber optic,No,No,No,Yes,Credit card,68.69,465.86,1,4,274.4,No
CUST-002071,40,2,Month-to-month,Fiber optic,Yes,No,No,Yes,Credit card,70.83,139.12,1,3,281.0,Yes
CUST-002072,24,18,Month-to-month,Fiber optic,Yes,Yes,Yes,Yes,Electronic check,94.89,1696.06,0,3,472.1,No
CUST-002073,18,46,Month-to-month,DSL,No,No,Yes,No,Mailed check,63.78,2942.89,1,3,266.3,No
CUST-002074,41,3,One year,No internet service,No,No,No,Yes,Electronic check,24.23,65.65,0,4,3.8,No
CUST-002075,46,12,Month-to-month,Fiber optic,No,No,Yes,No,Mailed check,80.0,927.68,0,4,132.5,No
CUST-002076,26,47,One year,DSL,No,No,No,No,Credit card,49.27,2303.24,0,5,123.7,No
CUST-002077,44,37,Two year,No internet service,No,Yes,Yes,No,Mailed check,39.97,1454.84,0,4,0.0,No
CUST-002078,46,29,One year,No internet service,Yes,No,No,No,Electronic check,32.24,973.39,0,2,1.6,No
CUST-002079,18,0,Month-to-month,Fiber optic,No,No,No,Yes,Bank transfer,59.13,60.05,3,4,307.0,Yes
CUST-002080,31,25,Month-to-month,No internet service,Yes,No,Yes,Yes,Electronic check,39.63,1004.09,1,3,6.7,No
CUST-002081,51,8,Two year,DSL,Yes,Yes,Yes,Yes,Electronic check,72.96,581.76,1,3,96.4,No
CUST-002082,51,32,One year,DSL,No,Yes,Yes,Yes,Bank transfer,62.63,2040.84,1,4,108.4,No
CUST-002083,28,6,Month-to-month,DSL,No,No,No,Yes,Credit card,57.51,319.84,0,4,109.4,No
CUST-002084,47,0,Two year,Fiber optic,Yes,No,No,No,Electronic check,72.04,56.21,2,3,369.4,No
CUST-002085,60,15,Month-to-month,No internet service,No,Yes,Yes,Yes,Bank transfer,29.09,458.61,0,4,6.1,No
CUST-002086,57,7,Month-to-month,DSL,No,Yes,Yes,No,Bank transfer,63.28,432.61,0,4,136.5,No
CUST-002087,44,19,Month-to-month,No internet service,No,Yes,No,Yes,Electronic check,30.14,557.7,3,4,5.2,No
CUST-002088,38,7,Month-to-month,No internet service,Yes,Yes,No,Yes,Bank transfer,29.64,196.25,2,4,7.8,No
CUST-002089,36,33,Month-to-month,DSL,No,Yes,No,Yes,Electronic check,50.82,1715.7,2,1,155.0,Yes
CUST-002090,52,15,One year,Fiber optic,No,No,Yes,Yes,Credit card,76.63,1190.34,0,3,479.6,No
CUST-002091,48,6,Month-to-month,Fiber optic,No,No,Yes,Yes,Bank transfer,76.7,468.39,0,3,292.2,Yes
CUST-002092,54,28,One year,No internet service,No,Yes,No,No,Electronic check,23.01,648.21,3,3,8.9,Yes
CUST-002093,47,52,Two year,DSL,No,No,No,No,Electronic check,50.48,2640.63,1,3,198.6,No
CUST-002094,57,50,Two year,No internet service,No,No,Yes,Yes,Electronic check,42.84,2149.85,0,3,0.7,No
CUST-002095,46,72,Month-to-month,Fiber optic,No,No,No,Yes,Credit card,60.8,4381.11,0,4,380.5,No
CUST-002096,57,26,One year,DSL,Yes,No,No,No,Credit card,46.47,1199.21,1,4,118.1,No
CUST-002097,58,21,Month-to-month,No internet service,Yes,Yes,Yes,Yes,Credit card,43.81,907.7,1,3,0.1,No
CUST-002098,33,2,One year,DSL,No,No,No,Yes,Mailed check,52.04,114.0,2,2,59.5,No
CUST-002099,18,6,Month-to-month,Fiber optic,No,Yes,No,No,Credit card,69.71,421.04,1,4,240.7,No
CUST-002100,68,8,One year,Fiber optic,Yes,No,Yes,Yes,Bank transfer,86.83,724.01,3,4,288.4,Yes
CUST-002101,49,17,Month-to-month,No internet service,Yes,No,Yes,Yes,Electronic check,35.44,597.3,1,5,8.7,No
CUST-002102,19,38,One year,No internet service,No,No,No,No,Mailed check,28.92,1080.46,1,3,4.1,No
CUST-002103,34,13,Month-to-month,DSL,No,Yes,No,Yes,Mailed check,49.52,614.54,0,5,156.0,No
CUST-002104,57,6,Month-to-month,DSL,Yes,Yes,Yes,Yes,Mailed check,72.25,418.14,0,4,146.5,No
CUST-002105,41,11,One year,Fiber optic,Yes,Yes,No,Yes,Electronic check,75.02,796.46,1,3,236.9,No
CUST-002106,37,1,Month-to-month,Fiber optic,Yes,Yes,No,No,Mailed check,74.54,97.49,0,5,399.0,Yes
CUST-002107,66,7,One year,Fiber optic,No,Yes,No,Yes,Bank transfer,70.98,488.36,2,4,286.6,No
CUST-002108,29,1,One year,Fiber optic,No,Yes,No,Yes,Electronic check,71.52,56.16,0,4,301.6,No
CUST-002109,33,16,One year,No internet service,No,No,Yes,Yes,Electronic check,36.31,590.56,0,4,11.1,No
CUST-002110,48,58,One year,Fiber optic,No,Yes,No,Yes,Bank transfer,62.56,3667.46,0,5,272.7,No
CUST-002111,51,12,One year,No internet service,No,No,Yes,No,Mailed check,27.25,318.46,0,4,4.6,No
CUST-002112,52,31,Two year,DSL,No,No,Yes,Yes,Mailed check,53.56,1637.68,0,2,83.9,No
CUST-002113,59,26,Month-to-month,Fiber optic,Yes,Yes,Yes,Yes,Credit card,91.6,2373.69,1,3,403.3,Yes
CUST-002114,48,21,One year,Fiber optic,Yes,No,No,No,Mailed check,67.35,1377.17,1,4,201.5,No
CUST-002115,52,40,One year,Fiber optic,No,No,Yes,Yes,Electronic check,76.52,3071.09,1,3,344.0,No
CUST-002116,41,19,Month-to-month,DSL,Yes,No,Yes,Yes,Electronic check,61.78,1185.36,1,2,211.8,No
CUST-002117,46,21,Month-to-month,No internet service,No,No,Yes,No,Electronic check,31.32,648.93,1,3,10.2,No
CUST-002118,47,9,Month-to-month,DSL,No,No,No,No,Electronic check,41.13,347.76,0,4,105.7,Yes
CUST-002119,48,30,One year,DSL,Yes,No,Yes,Yes,Credit card,59.94,1846.21,0,5,217.9,No
CUST-002120,57,5,Month-to-month,No internet service,No,No,Yes,Yes,Credit card,33.43,142.56,1,2,1.2,No
CUST-002121,53,28,One year,DSL,No,No,No,Yes,Mailed check,50.56,1400.68,1,2,130.0,No
CUST-002122,46,72,One year,DSL,No,No,No,No,Electronic check,49.07,3533.72,0,3,144.8,No
CUST-002123,33,7,One year,DSL,Yes,No,No,No,Electronic check,58.56,427.14,2,3,43.4,No
CUST-002124,46,30,Month-to-month,Fiber optic,No,No,No,Yes,Bank transfer,71.15,2131.49,0,3,363.9,Yes
CUST-002125,45,31,One year,Fiber optic,No,No,Yes,No,Credit card,76.2,2362.91,1,3,259.6,No
CUST-002126,48,2,One year,DSL,No,No,Yes,Yes,Mailed check,66.35,144.94,0,4,151.1,No
CUST-002127,78,25,Month-to-month,DSL,No,No,Yes,Yes,Credit card,60.78,1583.61,1,3,213.3,Yes
CUST-002128,37,16,Month-to-month,Fiber optic,No,Yes,No,No,Electronic check,66.25,1048.42,2,2,254.2,Yes
CUST-002129,51,14,Month-to-month,No internet service,Yes,Yes,No,Yes,Bank transfer,30.66,419.04,0,3,5.7,Yes
CUST-002130,61,46,Two year,Fiber optic,No,No,No,Yes,Electronic check,65.75,3022.35,0,2,303.8,No
CUST-002131,46,8,Month-to-month,DSL,Yes,No,No,Yes,Bank transfer,57.4,472.78,0,3,99.2,No
CUST-002132,80,72,Month-to-month,No internet service,No,Yes,No,No,Bank transfer,24.86,1840.42,0,4,2.3,No
CUST-002133,39,16,Month-to-month,Fiber optic,Yes,No,No,No,Bank transfer,68.14,1088.03,1,4,210.7,No
CUST-002134,50,2,Month-to-month,No internet service,Yes,No,Yes,No,Credit card,43.95,98.99,1,2,2.2,No
CUST-002135,33,2,Month-to-month,No internet service,No,No,No,Yes,Electronic check,18.0,0.0,0,4,5.2,No
CUST-002136,40,38,One year,DSL,No,No,Yes,No,Electronic check,58.52,2225.05,2,4,203.1,No
CUST-002137,49,32,Month-to-month,No internet service,No,Yes,Yes,Yes,Bank transfer,38.22,1222.76,3,2,2.1,Yes
CUST-002138,58,26,Two year,DSL,No,Yes,Yes,No,Bank transfer,56.29,1483.92,0,4,119.0,No
CUST-002139,50,2,Month-to-month,DSL,No,Yes,No,Yes,Credit card,59.89,109.43,1,4,70.7,Yes
CUST-002140,64,22,Month-to-month,DSL,No,No,No,Yes,Credit card,45.08,967.31,0,3,171.6,No
CUST-002141,44,72,One year,Fiber optic,No,Yes,No,No,Mailed check,65.07,4689.63,4,2,313.8,No
CUST-002142,40,32,One year,Fiber optic,No,No,No,Yes,Bank transfer,65.24,2056.5,3,3,378.6,No
CUST-002143,85,6,Two year,Fiber optic,No,No,Yes,Yes,Bank transfer,68.35,394.03,3,1,259.9,No
CUST-002144,51,33,Month-to-month,Fiber optic,Yes,Yes,Yes,Yes,Electronic check,92.81,3063.83,0,4,272.4,No
CUST-002145,34,2,Month-to-month,No internet service,Yes,No,Yes,Yes,Mailed check,44.31,40.69,1,4,4.0,No
CUST-002146,35,8,One year,No internet service,Yes,No,Yes,No,Electronic check,53.51,422.97,1,3,4.8,No
CUST-002147,31,52,Month-to-month,No internet service,No,No,No,Yes,Electronic check,20.49,1097.09,0,5,6.5,No
CUST-002148,59,34,Two year,Fiber optic,No,No,Yes,Yes,Credit card,73.71,2473.92,0,3,354.6,No
CUST-002149,40,33,Month-to-month,DSL,Yes,Yes,No,Yes,Bank transfer,60.03,1967.32,2,3,99.0,No
CUST-002150,47,23,Month-to-month,DSL,Yes,Yes,No,No,Credit card,66.2,1534.37,0,3,96.3,No
CUST-002151,44,45,One year,Fiber optic,Yes,No,Yes,Yes,Credit card,87.5,3953.81,1,5,293.0,No
CUST-002152,56,8,One year,DSL,No,Yes,No,No,Credit card,55.16,442.44,2,3,126.4,No
CUST-002153,32,61,Two year,Fiber optic,Yes,No,No,Yes,Credit card,76.8,4681.07,0,5,124.1,No
CUST-002154,29,34,Two year,No internet service,No,Yes,No,Yes,Electronic check,28.53,1003.09,0,3,7.2,No
CUST-002155,48,2,Month-to-month,Fiber optic,No,No,Yes,No,Electronic check,69.99,144.23,0,3,312.5,No
CUST-002156,54,37,One year,No internet service,No,No,Yes,Yes,Bank transfer,24.72,893.49,4,5,8.2,No
CUST-002157,50,18,Two year,No internet service,No,No,No,Yes,Electronic check,18.0,326.4,1,4,2.3,No
CUST-002158,33,18,Month-to-month,DSL,No,Yes,No,No,Mailed check,45.01,807.48,0,3,132.2,No
CUST-002159,55,37,Month-to-month,Fiber optic,No,No,Yes,Yes,Credit card,71.59,2640.06,0,4,345.7,No
CUST-002160,34,10,Two year,Fiber optic,No,No,No,Yes,Bank transfer,74.3,709.38,0,5,318.1,No
CUST-002161,37,2,Month-to-month,No internet service,No,No,Yes,Yes,Electronic check,28.47,56.8,3,3,7.9,No
CUST-002162,31,71,Two year,Fiber optic,No,No,No,Yes,Bank transfer,65.5,4662.15,0,4,273.7,No
CUST-002163,65,71,Month-to-month,Fiber optic,No,No,Yes,No,Credit card,75.78,5395.39,0,3,434.7,No
CUST-002164,55,33,Two year,No internet service,Yes,No,No,Yes,Credit card,28.97,956.23,3,2,6.0,No
CUST-002165,54,34,One year,DSL,No,No,Yes,No,Bank transfer,57.35,1950.61,1,3,129.3,Yes
CUST-002166,64,36,One year,DSL,No,No,No,Yes,Electronic check,38.72,1382.72,2,2,137.8,No
CUST-002167,85,72,One year,Fiber optic,No,No,No,Yes,Credit card,67.99,4914.64,1,3,396.7,No
CUST-002168,19,2,Month-to-month,DSL,No,No,Yes,Yes,Bank transfer,53.6,83.42,1,3,148.4,Yes
CUST-002169,34,1,One year,No internet service,No,Yes,Yes,No,Mailed check,34.43,24.01,1,5,9.8,No
CUST-002170,36,7,Two year,Fiber optic,No,Yes,No,Yes,Credit card,69.47,470.17,0,4,369.1,No
CUST-002171,32,20,Two year,Fiber optic,No,No,No,Yes,Mailed check,69.04,1378.57,2,3,331.5,Yes
CUST-002172,29,32,Two year,Fiber optic,No,No,No,Yes,Credit card,61.88,2006.42,1,3,373.5,No
CUST-002173,41,16,One year,DSL,Yes,Yes,Yes,Yes,Credit card,71.46,1119.61,0,3,103.9,No
CUST-002174,27,25,One year,Fiber optic,No,No,Yes,Yes,Electronic check,79.01,1980.84,2,4,217.2,No
CUST-002175,50,13,One year,No internet service,No,Yes,Yes,No,Mailed check,39.28,516.67,1,3,3.0,No
CUST-002176,46,14,One year,Fiber optic,Yes,No,No,Yes,Electronic check,74.01,1016.86,2,3,270.4,No
CUST-002177,52,10,One year,Fiber optic,No,No,Yes,Yes,Electronic check,69.98,695.95,0,5,280.4,No
CUST-002178,53,20,Month-to-month,No internet service,Yes,No,Yes,Yes,Electronic check,40.63,794.66,1,5,7.4,Yes
CUST-002179,54,3,Month-to-month,No internet service,No,No,No,Yes,Mailed check,18.0,56.01,0,3,3.7,Yes
CUST-002180,39,2,One year,DSL,No,No,No,No,Electronic check,36.2,70.04,0,4,104.1,No
CUST-002181,77,15,Month-to-month,No internet service,No,No,No,No,Credit card,18.0,300.1,0,4,4.4,No
CUST-002182,49,10,Month-to-month,Fiber optic,No,No,No,No,Electronic check,62.41,608.79,1,3,340.0,Yes
CUST-002183,18,10,Month-to-month,DSL,No,No,No,No,Electronic check,59.8,594.56,0,5,111.2,No
CUST-002184,30,51,Two year,Fiber optic,No,No,Yes,No,Electronic check,81.88,4168.41,1,2,129.5,No
CUST-002185,19,72,Two year,DSL,Yes,Yes,No,Yes,Mailed check,62.92,4557.37,0,4,132.3,No
CUST-002186,45,21,One year,No internet service,Yes,Yes,No,Yes,Electronic check,31.96,661.31,4,3,1.6,No
CUST-002187,43,4,Two year,No internet service,Yes,Yes,Yes,No,Credit card,45.07,162.46,1,2,2.3,No
CUST-002188,38,34,Two year,Fiber optic,No,Yes,Yes,No,Mailed check,95.86,3243.72,3,3,422.1,No
CUST-002189,75,18,Month-to-month,Fiber optic,No,Yes,Yes,No,Credit card,79.82,1420.91,1,5,269.0,No
CUST-002190,53,31,Month-to-month,No internet service,Yes,Yes,Yes,No,Electronic check,47.27,1453.75,0,5,2.8,No
CUST-002191,56,22,Month-to-month,DSL,No,No,Yes,Yes,Electronic check,66.21,1439.5,2,3,211.4,Yes
CUST-002192,31,3,Month-to-month,Fiber optic,Yes,Yes,Yes,No,Credit card,87.38,262.45,0,3,94.4,Yes
CUST-002193,30,23,One year,Fiber optic,Yes,Yes,No,No,Mailed check,79.75,1808.28,2,3,242.7,No
CUST-002194,46,23,Month-to-month,Fiber optic,No,Yes,Yes,No,Electronic check,82.91,1918.46,1,3,308.1,Yes
CUST-002195,48,72,Two year,DSL,No,Yes,No,No,Electronic check,46.56,3353.14,0,5,115.9,No
CUST-002196,18,53,One year,DSL,Yes,No,No,Yes,Credit card,56.87,3046.55,1,3,209.9,No
CUST-002197,42,72,Month-to-month,DSL,No,No,Yes,No,Electronic check,51.42,3711.58,1,3,121.9,No
CUST-002198,45,63,Two year,DSL,No,No,No,Yes,Mailed check,48.88,3086.76,1,3,92.2,No
CUST-002199,42,3,Two year,DSL,No,No,No,Yes,Credit card,47.15,181.64,1,3,49.3,No
CUST-002200,33,1,One year,Fiber optic,Yes,No,No,No,Bank transfer,77.49,86.18,2,4,330.5,No
CUST-002201,37,46,One year,Fiber optic,No,No,No,No,Credit card,64.03,2941.08,0,4,328.1,No
CUST-002202,42,33,Two year,Fiber optic,No,Yes,No,No,Mailed check,72.95,2389.97,2,4,367.4,No
CUST-002203,46,2,One year,No internet service,No,Yes,No,Yes,Bank transfer,31.13,91.32,1,4,4.1,No
CUST-002204,54,3,Two year,No internet service,Yes,No,No,Yes,Bank transfer,20.96,42.71,2,3,7.9,No
CUST-002205,61,28,Month-to-month,Fiber optic,No,No,Yes,Yes,Electronic check,70.96,1964.09,1,3,498.0,No
CUST-002206,41,13,One year,DSL,No,No,No,No,Bank transfer,47.91,600.13,1,4,100.9,No
CUST-002207,38,30,Month-to-month,DSL,Yes,Yes,No,No,Credit card,63.11,1878.25,0,3,202.6,No
CUST-002208,52,9,Month-to-month,DSL,No,No,No,Yes,Mailed check,45.68,411.99,0,3,193.0,No
CUST-002209,54,6,Month-to-month,DSL,Yes,No,No,Yes,Mailed check,57.6,340.36,0,4,207.1,Yes
CUST-002210,38,72,Month-to-month,No internet service,No,No,Yes,No,Mailed check,30.19,2184.19,0,4,4.2,No
CUST-002211,57,9,Month-to-month,Fiber optic,No,No,No,Yes,Bank transfer,71.34,620.26,0,5,348.8,Yes
CUST-002212,60,53,Month-to-month,DSL,No,Yes,Yes,Yes,Bank transfer,62.64,3302.48,1,2,87.7,No
CUST-002213,64,9,Month-to-month,DSL,No,No,No,No,Mailed check,41.11,373.06,1,4,180.5,No
CUST-002214,72,0,Two year,DSL,No,Yes,No,Yes,Electronic check,58.12,38.84,1,4,145.6,No
CUST-002215,32,0,One year,Fiber optic,Yes,Yes,No,Yes,Electronic check,83.13,55.89,1,4,322.8,No
CUST-002216,45,16,One year,DSL,No,No,Yes,No,Electronic check,54.75,845.4,1,3,122.5,No
CUST-002217,45,26,Month-to-month,Fiber optic,No,No,No,Yes,Bank transfer,62.85,1633.13,3,2,436.8,No
CUST-002218,44,2,Two year,DSL,No,Yes,No,Yes,Mailed check,54.0,106.62,0,5,75.2,No
CUST-002219,35,10,Month-to-month,DSL,No,No,Yes,No,Mailed check,52.0,517.68,2,2,238.0,Yes
CUST-002220,23,12,Month-to-month,Fiber optic,No,No,Yes,Yes,Mailed check,78.6,967.54,2,2,190.2,Yes
CUST-002221,46,12,Month-to-month,No internet service,No,Yes,No,No,Mailed check,25.16,307.96,0,4,7.1,No
CUST-002222,33,34,Two year,No internet service,Yes,Yes,No,Yes,Bank transfer,35.07,1192.39,0,3,11.5,No
CUST-002223,46,11,Two year,DSL,Yes,No,Yes,Yes,Bank transfer,54.89,630.75,2,4,53.2,No
CUST-002224,33,19,One year,No internet service,Yes,Yes,No,Yes,Credit card,29.46,579.24,1,2,1.3,No
CUST-002225,29,18,One year,No internet service,No,No,Yes,No,Electronic check,33.27,584.26,1,4,10.2,No
CUST-002226,49,11,Month-to-month,Fiber optic,Yes,Yes,No,No,Bank transfer,84.26,943.55,0,4,384.7,No
CUST-002227,47,3,One year,DSL,Yes,No,Yes,Yes,Electronic check,64.34,228.48,0,2,77.5,No
CUST-002228,54,8,Month-to-month,DSL,No,No,Yes,No,Electronic check,60.61,520.41,1,4,160.4,No
CUST-002229,78,0,Month-to-month,DSL,Yes,Yes,Yes,No,Bank transfer,63.59,83.12,0,4,130.6,No
CUST-002230,49,13,Two year,No internet service,Yes,No,No,No,Electronic check,25.76,342.64,0,2,7.5,No
CUST-002231,52,25,Two year,DSL,Yes,No,Yes,No,Electronic check,66.4,1665.8,0,4,157.9,No
CUST-002232,29,21,Month-to-month,Fiber optic,Yes,No,No,No,Electronic check,72.69,1555.63,0,3,241.7,Yes
CUST-002233,26,46,Month-to-month,DSL,Yes,No,No,No,Bank transfer,56.81,2586.51,0,4,171.0,No
CUST-002234,69,18,Month-to-month,No internet service,Yes,No,No,No,Electronic check,26.72,506.31,1,3,10.8,No
CUST-002235,31,6,Month-to-month,Fiber optic,Yes,Yes,No,No,Credit card,77.76,469.17,0,2,365.3,Yes
CUST-002236,29,6,Month-to-month,Fiber optic,No,No,No,Yes,Mailed check,68.27,391.17,2,3,376.9,Yes
CUST-002237,44,29,One year,Fiber optic,No,Yes,Yes,Yes,Electronic check,80.31,2305.35,1,3,328.7,No
CUST-002238,44,3,Month-to-month,DSL,No,Yes,Yes,No,Mailed check,58.46,141.27,0,3,137.3,Yes
CUST-002239,31,2,Month-to-month,Fiber optic,No,Yes,No,Yes,Credit card,73.32,157.93,0,5,283.6,No
CUST-002240,40,70,Month-to-month,Fiber optic,No,No,No,Yes,Bank transfer,60.18,4251.05,2,2,278.0,No
CUST-002241,63,15,One year,Fiber optic,No,No,No,No,Electronic check,72.09,1071.37,2,4,322.6,No
CUST-002242,33,14,Month-to-month,DSL,No,No,Yes,No,Credit card,47.79,651.98,0,5,169.4,No
CUST-002243,24,22,Month-to-month,Fiber optic,Yes,No,Yes,No,Mailed check,83.51,1861.39,2,5,482.6,Yes
CUST-002244,59,51,One year,Fiber optic,Yes,No,No,Yes,Credit card,81.13,4139.9,2,5,361.0,No
CUST-002245,52,40,One year,DSL,Yes,Yes,No,Yes,Mailed check,68.88,2780.29,1,4,197.3,No
CUST-002246,36,15,Month-to-month,Fiber optic,No,Yes,No,Yes,Electronic check,70.54,1038.58,1,3,345.5,No
CUST-002247,21,29,One year,Fiber optic,No,No,No,No,Credit card,70.52,2058.13,0,2,358.3,No
CUST-002248,34,15,Month-to-month,DSL,Yes,Yes,No,Yes,Electronic check,62.88,979.5,1,3,171.3,Yes
CUST-002249,44,50,One year,Fiber optic,Yes,Yes,No,No,Bank transfer,76.54,3806.0,0,5,360.7,No
CUST-002250,62,25,Month-to-month,Fiber optic,No,Yes,No,Yes,Bank transfer,73.34,1827.08,2,2,283.9,Yes
CUST-002251,29,20,Two year,Fiber optic,No,No,No,Yes,Electronic check,60.69,1206.57,2,3,227.9,No
CUST-002252,44,21,Two year,Fiber optic,Yes,No,Yes,No,Electronic check,77.19,1635.98,1,4,340.7,No
CUST-002253,55,3,One year,DSL,No,No,Yes,No,Electronic check,59.52,203.77,2,2,99.1,Yes
CUST-002254,18,51,Two year,No internet service,No,No,No,Yes,Electronic check,22.82,1150.18,0,5,9.3,No
CUST-002255,61,67,Month-to-month,Fiber optic,No,No,No,Yes,Mailed check,59.07,4007.65,0,4,236.1,No
CUST-002256,27,4,One year,DSL,No,No,Yes,Yes,Bank transfer,56.29,226.29,1,4,89.9,Yes
CUST-002257,50,1,Month-to-month,No internet service,No,No,No,No,Electronic check,18.0,6.65,0,4,2.3,No
CUST-002258,49,12,Month-to-month,DSL,Yes,No,No,Yes,Electronic check,50.69,636.83,0,3,92.8,No
CUST-002259,61,11,Month-to-month,No internet service,No,Yes,Yes,Yes,Credit card,35.82,396.82,0,4,8.1,No
CUST-002260,53,20,One year,DSL,No,No,No,Yes,Electronic check,48.7,966.48,3,2,168.3,No
CUST-002261,18,5,One year,DSL,No,No,Yes,Yes,Credit card,54.5,261.65,1,1,109.0,Yes
CUST-002262,33,9,Two year,No internet service,No,Yes,Yes,No,Electronic check,31.69,327.25,2,3,8.5,No
CUST-002263,47,15,One year,Fiber optic,No,No,Yes,No,Credit card,85.58,1263.82,0,5,207.4,Yes
CUST-002264,42,2,Two year,No internet service,Yes,No,No,No,Bank transfer,30.47,83.46,1,5,3.1,No
CUST-002265,52,4,Two year,DSL,Yes,No,No,No,Electronic check,57.48,213.69,0,3,54.8,No
CUST-002266,57,31,Two year,DSL,No,Yes,No,Yes,Electronic check,54.04,1662.79,0,3,116.0,No
CUST-002267,54,3,Month-to-month,DSL,Yes,Yes,No,Yes,Electronic check,63.71,189.49,2,2,95.4,No
CUST-002268,42,68,Month-to-month,Fiber optic,No,No,Yes,No,Electronic check,79.18,5393.55,1,4,198.2,No
CUST-002269,18,24,One year,Fiber optic,No,No,Yes,Yes,Mailed check,79.33,1871.03,0,4,140.9,No
CUST-002270,38,44,Two year,No internet service,Yes,Yes,No,Yes,Bank transfer,34.64,1513.27,0,3,7.0,No
CUST-002271,51,4,Month-to-month,DSL,Yes,No,No,Yes,Bank transfer,50.8,223.78,2,1,165.0,Yes
CUST-002272,29,9,Month-to-month,No internet service,No,No,No,No,Electronic check,24.43,240.36,1,2,6.5,No
CUST-002273,54,37,Month-to-month,Fiber optic,Yes,Yes,No,Yes,Bank transfer,77.68,2868.35,1,4,262.0,No
CUST-002274,59,13,Month-to-month,Fiber optic,Yes,Yes,Yes,Yes,Electronic check,91.59,1167.16,0,2,403.7,Yes
CUST-002275,47,72,Two year,Fiber optic,No,Yes,No,No,Electronic check,72.85,5249.51,0,4,373.9,No
CUST-002276,18,29,Month-to-month,Fiber optic,Yes,Yes,No,No,Electronic check,81.27,2373.5,1,4,167.3,No
CUST-002277,26,72,Month-to-month,DSL,No,No,No,Yes,Mailed check,39.93,2878.59,1,2,173.4,No
CUST-002278,73,6,One year,No internet service,No,Yes,Yes,Yes,Electronic check,39.01,262.17,2,3,5.3,No
CUST-002279,37,60,Month-to-month,No internet service,No,No,Yes,Yes,Electronic check,26.9,1608.6,1,2,5.3,No
CUST-002280,18,3,Month-to-month,DSL,No,No,No,Yes,Mailed check,45.89,111.31,0,4,184.7,No
CUST-002281,64,39,One year,Fiber optic,No,No,No,Yes,Credit card,68.9,2675.2,0,5,279.1,No
CUST-002282,45,19,Month-to-month,DSL,No,Yes,No,Yes,Bank transfer,60.0,1140.03,1,3,164.1,No
CUST-002283,62,1,Two year,DSL,No,No,Yes,No,Credit card,59.89,45.82,1,5,151.1,No
CUST-002284,49,0,One year,DSL,No,Yes,No,Yes,Electronic check,55.32,44.93,0,4,69.6,No
CUST-002285,52,28,Two year,DSL,Yes,No,Yes,No,Credit card,59.56,1686.91,1,3,129.1,No
CUST-002286,50,5,Month-to-month,Fiber optic,Yes,Yes,No,Yes,Electronic check,81.69,392.2,0,4,320.4,No
CUST-002287,55,4,One year,Fiber optic,Yes,No,Yes,Yes,Electronic check,79.42,291.02,5,2,221.8,Yes
CUST-002288,79,63,One year,No internet service,Yes,No,No,No,Electronic check,34.01,2158.83,2,4,1.9,No
CUST-002289,60,3,One year,DSL,Yes,No,Yes,Yes,Mailed check,59.67,191.92,1,3,187.7,Yes
CUST-002290,21,12,Month-to-month,No internet service,No,No,No,Yes,Electronic check,18.0,195.26,0,5,0.0,No
CUST-002291,52,8,Month-to-month,Fiber optic,Yes,No,Yes,No,Bank transfer,88.77,724.31,1,3,370.4,No
CUST-002292,62,36,Month-to-month,DSL,Yes,No,Yes,No,Credit card,73.4,2619.79,1,2,146.6,No
CUST-002293,63,45,Two year,Fiber optic,No,Yes,No,No,Electronic check,76.29,3418.58,1,2,358.0,No
CUST-002294,39,13,Two year,No internet service,No,No,Yes,Yes,Credit card,30.23,370.9,1,4,2.9,No
CUST-002295,62,30,Month-to-month,Fiber optic,Yes,Yes,No,No,Electronic check,74.05,2212.33,0,3,269.1,No
CUST-002296,59,5,One year,DSL,Yes,No,Yes,Yes,Electronic check,62.86,325.58,2,2,141.6,No
CUST-002297,84,53,One year,Fiber optic,No,No,No,Yes,Electronic check,65.63,3483.79,2,4,291.7,No
CUST-002298,34,1,One year,Fiber optic,No,No,No,Yes,Electronic check,64.61,48.34,1,2,312.2,No
CUST-002299,37,40,Month-to-month,Fiber optic,No,Yes,No,No,Electronic check,65.86,2638.19,1,3,381.0,Yes
CUST-002300,40,17,Two year,DSL,No,No,Yes,Yes,Electronic check,63.43,1085.95,0,3,128.3,No
CUST-002301,38,19,One year,No internet service,No,Yes,No,No,Electronic check,32.54,637.37,0,2,5.0,Yes
CUST-002302,32,35,One year,No internet service,No,No,Yes,Yes,Credit card,41.42,1456.89,2,2,4.1,No
CUST-002303,18,6,One year,DSL,Yes,No,Yes,Yes,Credit card,56.7,354.95,0,4,119.1,No
CUST-002304,38,22,One year,DSL,No,Yes,No,Yes,Credit card,46.96,1034.42,0,4,115.1,No
CUST-002305,51,16,Month-to-month,No internet service,No,Yes,Yes,No,Electronic check,39.25,611.7,2,3,5.1,No
CUST-002306,38,21,Two year,Fiber optic,No,No,Yes,Yes,Electronic check,77.02,1620.66,1,4,321.7,No
CUST-002307,74,11,Month-to-month,No internet service,Yes,Yes,No,Yes,Bank transfer,31.75,373.56,1,2,2.9,No
CUST-002308,45,2,Two year,DSL,No,No,Yes,No,Bank transfer,52.72,130.8,3,4,38.7,No
CUST-002309,64,49,Two year,DSL,No,No,Yes,Yes,Electronic check,52.01,2496.86,0,4,220.5,No
CUST-002310,49,19,One year,Fiber optic,Yes,No,No,Yes,Credit card,83.13,1592.05,0,4,386.4,No
CUST-002311,57,10,One year,Fiber optic,Yes,No,Yes,No,Credit card,77.87,768.82,0,4,261.8,No
CUST-002312,49,28,Month-to-month,Fiber optic,Yes,No,No,No,Electronic check,65.21,1833.89,0,4,420.2,No
CUST-002313,66,5,Month-to-month,No internet service,No,No,Yes,Yes,Credit card,26.06,102.98,2,3,5.6,No
CUST-002314,46,64,One year,DSL,Yes,No,No,No,Electronic check,53.96,3444.84,1,3,169.9,No
CUST-002315,52,2,Month-to-month,DSL,No,No,No,Yes,Mailed check,43.63,55.18,0,2,88.8,Yes
CUST-002316,50,18,Month-to-month,DSL,No,Yes,Yes,Yes,Electronic check,65.07,1162.61,2,4,108.0,No
CUST-002317,41,67,Two year,DSL,No,No,No,Yes,Bank transfer,41.47,2790.64,1,3,161.9,No
CUST-002318,51,67,Month-to-month,Fiber optic,No,No,Yes,No,Electronic check,77.44,5197.38,1,3,161.3,Yes
CUST-002319,79,6,Month-to-month,Fiber optic,No,No,No,Yes,Mailed check,65.42,435.44,0,3,169.5,Yes
CUST-002320,41,1,Month-to-month,DSL,No,No,No,No,Electronic check,52.87,42.57,1,2,213.9,No
CUST-002321,51,12,One year,Fiber optic,No,No,Yes,Yes,Mailed check,85.9,1013.23,0,3,260.8,No
CUST-002322,64,5,Month-to-month,Fiber optic,Yes,Yes,No,Yes,Bank transfer,78.25,418.97,0,4,211.1,No
CUST-002323,62,13,One year,DSL,Yes,No,Yes,Yes,Electronic check,69.27,866.18,1,2,143.0,No
CUST-002324,45,5,Month-to-month,Fiber optic,No,No,No,Yes,Bank transfer,65.81,332.91,0,3,234.5,Yes
CUST-002325,18,1,Month-to-month,No internet service,Yes,No,No,Yes,Credit card,31.85,41.91,0,4,4.5,No
CUST-002326,53,6,Month-to-month,No internet service,No,No,Yes,Yes,Credit card,33.92,157.32,0,1,2.5,Yes
CUST-002327,18,70,Month-to-month,No internet service,Yes,No,No,No,Credit card,31.68,2195.79,0,5,6.4,No
CUST-002328,67,3,Two year,No internet service,No,No,No,No,Electronic check,24.27,45.5,0,3,1.6,No
CUST-002329,48,7,Month-to-month,Fiber optic,Yes,Yes,No,No,Mailed check,81.12,584.5,1,2,318.2,Yes
CUST-002330,60,12,Month-to-month,Fiber optic,Yes,Yes,No,Yes,Credit card,79.68,943.31,0,3,194.1,No
CUST-002331,31,28,Month-to-month,DSL,No,No,Yes,No,Credit card,62.21,1736.67,0,3,166.9,No
CUST-002332,22,41,Month-to-month,Fiber optic,No,Yes,No,Yes,Electronic check,70.33,2851.26,0,3,448.4,No
CUST-002333,49,19,Month-to-month,No internet service,No,Yes,No,Yes,Credit card,23.12,423.08,0,3,1.4,Yes
CUST-002334,44,66,Month-to-month,Fiber optic,No,No,No,Yes,Mailed check,57.23,3761.38,1,5,328.9,No
CUST-002335,38,5,Two year,DSL,No,Yes,No,No,Credit card,53.13,261.29,0,5,81.2,No
CUST-002336,46,45,Month-to-month,DSL,Yes,Yes,Yes,Yes,Mailed check,74.46,3344.58,0,4,92.2,No
CUST-002337,85,14,One year,No internet service,Yes,No,Yes,Yes,Electronic check,31.38,468.72,0,4,7.6,No
CUST-002338,58,30,One year,DSL,No,Yes,No,Yes,Electronic check,47.93,1451.73,0,3,101.0,No
CUST-002339,61,3,Month-to-month,DSL,Yes,Yes,Yes,Yes,Electronic check,74.76,188.75,0,4,81.4,No
CUST-002340,58,18,One year,Fiber optic,No,Yes,No,Yes,Bank transfer,70.28,1285.39,1,3,344.0,Yes
CUST-002341,67,23,Two year,DSL,No,No,Yes,No,Bank transfer,57.28,1335.04,0,4,66.4,No
CUST-002342,42,33,One year,DSL,Yes,No,No,Yes,Mailed check,57.56,1900.84,0,3,158.2,No
CUST-002343,18,72,Two year,DSL,No,Yes,No,Yes,Bank transfer,50.46,3652.83,1,2,155.3,No
CUST-002344,42,58,One year,DSL,No,No,Yes,Yes,Mailed check,58.92,3441.41,2,3,76.6,No
CUST-002345,57,14,Month-to-month,Fiber optic,Yes,Yes,No,Yes,Electronic check,73.6,1020.68,0,2,285.8,No
CUST-002346,30,9,Two year,Fiber optic,No,No,Yes,Yes,Electronic check,78.76,684.44,0,5,324.1,No
CUST-002347,42,11,Month-to-month,No internet service,No,Yes,Yes,Yes,Mailed check,31.31,355.71,2,3,3.7,No
CUST-002348,35,72,One year,Fiber optic,No,No,Yes,Yes,Mailed check,70.52,5061.13,0,3,338.8,No
CUST-002349,68,5,One year,DSL,Yes,No,Yes,Yes,Credit card,62.48,317.69,1,3,143.3,Yes
CUST-002350,56,72,Two year,DSL,No,No,Yes,Yes,Credit card,59.74,4280.52,2,2,61.9,No
CUST-002351,55,30,Two year,No internet service,Yes,Yes,Yes,No,Bank transfer,46.26,1407.28,1,4,4.8,No
CUST-002352,54,10,Month-to-month,Fiber optic,Yes,No,Yes,No,Electronic check,81.05,795.31,1,3,300.4,No
CUST-002353,44,48,One year,Fiber optic,No,Yes,Yes,Yes,Credit card,87.39,4190.5,1,5,337.4,No
CUST-002354,48,8,Month-to-month,No internet service,No,No,No,Yes,Electronic check,21.59,167.22,1,4,2.5,Yes
CUST-002355,27,29,One year,DSL,No,No,No,No,Mailed check,50.23,1428.34,0,3,213.5,No
CUST-002356,18,13,One year,DSL,No,No,Yes,Yes,Credit card,52.55,704.74,0,4,92.9,No
CUST-002357,47,16,Month-to-month,Fiber optic,Yes,No,Yes,No,Credit card,92.17,1500.42,2,3,216.6,No
CUST-002358,50,31,Two year,Fiber optic,No,No,Yes,No,Credit card,84.91,2629.34,0,2,255.3,No
CUST-002359,63,24,Month-to-month,No internet service,Yes,No,Yes,Yes,Electronic check,44.56,1054.25,0,2,7.0,No
CUST-002360,69,0,Month-to-month,DSL,No,Yes,Yes,Yes,Mailed check,65.44,60.76,0,2,231.4,No
CUST-002361,69,11,Two year,No internet service,Yes,No,No,Yes,Credit card,30.48,325.16,0,5,3.2,No
CUST-002362,30,15,One year,No internet service,Yes,No,No,Yes,Electronic check,29.65,444.3,0,4,0.0,No
CUST-002363,40,5,One year,DSL,No,No,No,Yes,Credit card,38.13,184.42,0,4,162.8,No
CUST-002364,52,23,Month-to-month,DSL,Yes,No,No,No,Mailed check,50.01,1132.09,0,4,97.2,No
CUST-002365,83,12,Month-to-month,DSL,No,No,No,No,Credit card,44.48,556.39,1,3,89.5,No
CUST-002366,67,29,Month-to-month,No internet service,No,No,Yes,No,Mailed check,26.85,774.37,3,3,3.6,No
CUST-002367,62,0,Month-to-month,DSL,No,Yes,Yes,Yes,Electronic check,70.17,108.8,0,5,113.8,No
CUST-002368,39,65,Month-to-month,Fiber optic,No,No,No,No,Credit card,67.5,4389.58,1,4,257.2,No
CUST-002369,32,7,Month-to-month,No internet service,No,No,No,No,Bank transfer,28.91,194.27,3,2,10.3,Yes
CUST-002370,57,12,One year,DSL,No,Yes,No,Yes,Mailed check,54.95,653.76,1,2,140.8,No
CUST-002371,28,12,Month-to-month,No internet service,Yes,Yes,No,No,Credit card,27.02,316.89,2,4,5.0,No
CUST-002372,41,7,One year,Fiber optic,No,No,No,No,Bank transfer,71.53,498.59,2,3,262.3,No
CUST-002373,43,12,Two year,DSL,No,Yes,No,Yes,Bank transfer,48.75,589.48,1,3,216.4,No
CUST-002374,69,13,Month-to-month,DSL,No,No,No,No,Mailed check,51.82,651.22,1,1,100.2,Yes
CUST-002375,40,0,One year,DSL,No,No,No,No,Credit card,52.54,32.11,0,3,68.3,Yes
CUST-002376,18,10,Month-to-month,Fiber optic,Yes,No,No,No,Bank transfer,79.76,813.2,0,4,342.3,No
CUST-002377,53,1,Month-to-month,Fiber optic,No,No,Yes,Yes,Bank transfer,82.37,92.62,0,3,261.7,No
CUST-002378,35,27,One year,DSL,Yes,No,Yes,Yes,Credit card,67.17,1782.09,3,2,121.2,No
CUST-002379,46,24,Month-to-month,No internet service,No,No,Yes,No,Electronic check,31.95,777.25,2,3,2.9,Yes
CUST-002380,44,20,Month-to-month,Fiber optic,No,No,No,Yes,Credit card,74.43,1505.41,0,3,236.6,No
CUST-002381,41,15,Two year,Fiber optic,No,Yes,No,Yes,Credit card,72.36,1090.45,0,3,296.8,No
CUST-002382,57,17,Month-to-month,DSL,Yes,Yes,Yes,Yes,Electronic check,69.07,1141.11,2,2,113.9,No
CUST-002383,22,50,One year,Fiber optic,No,No,Yes,Yes,Bank transfer,79.21,3933.76,0,4,283.9,No
CUST-002384,37,5,One year,Fiber optic,Yes,No,No,Yes,Credit card,78.74,392.76,0,3,209.0,No
CUST-002385,55,19,Month-to-month,DSL,Yes,Yes,No,Yes,Bank transfer,64.56,1264.29,2,4,120.2,No
CUST-002386,36,72,One year,DSL,Yes,No,No,No,Electronic check,47.57,3414.27,1,2,127.7,No
CUST-002387,21,13,Month-to-month,Fiber optic,No,Yes,Yes,Yes,Electronic check,88.4,1161.31,1,5,260.7,Yes
CUST-002388,55,5,Month-to-month,Fiber optic,No,Yes,Yes,No,Electronic check,86.45,419.37,0,4,254.6,Yes
CUST-002389,62,10,Two year,No internet service,No,No,Yes,No,Mailed check,30.27,336.7,0,3,0.0,No
CUST-002390,44,11,Month-to-month,DSL,Yes,No,Yes,Yes,Bank transfer,60.88,670.51,0,4,176.7,Yes
CUST-002391,18,12,One year,No internet service,No,No,Yes,Yes,Bank transfer,39.15,445.55,0,5,6.3,No
CUST-002392,56,3,Month-to-month,Fiber optic,No,No,Yes,Yes,Mailed check,84.64,237.61,0,5,415.9,No
CUST-002393,20,16,Month-to-month,No internet service,Yes,No,No,No,Mailed check,35.85,555.67,0,5,2.7,No
CUST-002394,50,24,One year,No internet service,No,Yes,No,No,Bank transfer,19.46,469.37,0,4,1.0,Yes
CUST-002395,32,3,One year,Fiber optic,No,No,Yes,No,Credit card,75.95,213.92,2,3,293.4,No
CUST-002396,28,4,Month-to-month,DSL,No,No,No,No,Credit card,45.28,171.22,0,4,109.1,No
CUST-002397,38,10,One year,DSL,No,No,Yes,Yes,Bank transfer,64.51,684.03,0,5,97.9,No
CUST-002398,42,23,Month-to-month,DSL,No,No,No,No,Electronic check,49.04,1116.19,0,4,118.3,No
CUST-002399,35,5,Month-to-month,DSL,No,No,Yes,No,Credit card,55.88,282.93,2,3,159.4,Yes
CUST-002400,54,10,One year,Fiber optic,Yes,No,No,Yes,Credit card,73.81,732.64,3,3,225.9,Yes
CUST-002401,38,36,One year,DSL,No,Yes,Yes,No,Credit card,66.57,2395.54,1,4,148.4,No
CUST-002402,60,61,Month-to-month,No internet service,No,No,No,Yes,Bank transfer,23.74,1461.48,1,4,7.2,No
CUST-002403,49,8,One year,Fiber optic,Yes,Yes,No,Yes,Electronic check,87.4,655.24,0,4,289.6,No
CUST-002404,35,5,Month-to-month,Fiber optic,No,No,Yes,Yes,Mailed check,84.28,424.41,0,3,248.1,No
CUST-002405,32,9,Two year,Fiber optic,No,No,No,No,Electronic check,71.24,633.64,0,3,495.5,Yes
CUST-002406,20,23,Two year,No internet service,Yes,No,No,No,Mailed check,24.18,559.65,0,4,3.8,No
CUST-002407,49,2,Month-to-month,Fiber optic,No,No,Yes,Yes,Mailed check,73.49,142.91,0,4,385.8,No
CUST-002408,40,1,Month-to-month,Fiber optic,No,No,Yes,Yes,Credit card,72.05,68.16,1,3,320.4,No
CUST-002409,18,72,Two year,DSL,Yes,No,No,Yes,Mailed check,55.12,3974.55,4,1,158.8,No
CUST-002410,37,1,Two year,DSL,Yes,No,No,Yes,Mailed check,50.65,39.65,1,1,103.6,No
CUST-002411,31,20,Month-to-month,DSL,No,No,Yes,No,Bank transfer,59.98,1238.94,0,3,86.8,No
CUST-002412,69,42,Month-to-month,No internet service,No,No,No,No,Electronic check,23.7,976.16,0,4,6.4,Yes
CUST-002413,19,11,Month-to-month,Fiber optic,No,No,No,Yes,Electronic check,66.23,757.31,3,3,297.0,Yes
CUST-002414,23,0,Two year,DSL,No,No,No,Yes,Bank transfer,49.54,24.72,2,3,70.1,No
CUST-002415,62,25,Two year,DSL,Yes,Yes,No,Yes,Electronic check,55.92,1392.73,0,5,150.5,No
CUST-002416,65,3,Two year,Fiber optic,No,No,Yes,No,Electronic check,69.76,215.5,1,3,364.6,No
CUST-002417,34,4,Month-to-month,No internet service,Yes,No,No,Yes,Bank transfer,24.62,79.82,0,4,6.7,No
CUST-002418,36,16,Two year,DSL,No,No,No,Yes,Electronic check,49.34,769.4,1,5,159.0,No
CUST-002419,54,16,Month-to-month,Fiber optic,No,No,No,Yes,Electronic check,74.35,1183.98,1,2,348.4,Yes
CUST-002420,18,70,Month-to-month,Fiber optic,Yes,No,Yes,Yes,Mailed check,92.55,6496.42,0,5,321.4,No
CUST-002421,18,1,Month-to-month,Fiber optic,No,Yes,No,No,Credit card,70.16,71.8,2,4,218.1,No
CUST-002422,41,11,Month-to-month,No internet service,No,No,Yes,Yes,Electronic check,36.97,444.56,2,3,0.6,Yes
CUST-002423,68,61,One year,Fiber optic,No,No,Yes,No,Mailed check,70.24,4295.93,1,1,280.1,No
CUST-002424,38,2,Month-to-month,No internet service,No,Yes,Yes,Yes,Mailed check,45.92,82.69,0,5,4.1,Yes
CUST-002425,47,36,Month-to-month,Fiber optic,Yes,Yes,Yes,Yes,Bank transfer,93.82,3323.64,0,5,443.1,No
CUST-002426,62,3,Two year,No internet service,No,No,No,No,Mailed check,24.15,41.43,0,3,6.0,No
CUST-002427,77,14,Month-to-month,No internet service,No,Yes,Yes,Yes,Bank transfer,28.64,395.65,0,5,8.7,No
CUST-002428,36,24,Month-to-month,Fiber optic,No,No,No,Yes,Credit card,67.52,1589.18,3,2,368.6,No
CUST-002429,45,6,Month-to-month,Fiber optic,Yes,No,No,Yes,Electronic check,82.44,490.79,1,4,328.6,No
CUST-002430,72,5,Month-to-month,No internet service,No,Yes,No,No,Credit card,27.7,142.97,0,3,6.6,No
CUST-002431,22,16,Month-to-month,Fiber optic,No,No,Yes,Yes,Electronic check,76.78,1222.63,1,2,390.7,No
CUST-002432,60,7,One year,Fiber optic,Yes,Yes,No,Yes,Credit card,77.96,540.29,1,3,304.2,Yes
CUST-002433,30,38,Month-to-month,No internet service,Yes,No,Yes,Yes,Bank transfer,36.64,1431.47,0,3,5.5,No
CUST-002434,47,25,Month-to-month,No internet service,Yes,No,No,Yes,Bank transfer,28.69,718.57,0,2,5.6,Yes
CUST-002435,41,0,Two year,DSL,No,No,Yes,No,Mailed check,51.16,48.4,0,4,154.4,No
CUST-002436,31,6,Month-to-month,No internet service,Yes,No,No,No,Bank transfer,30.5,163.11,1,3,7.5,No
CUST-002437,30,10,One year,DSL,No,No,Yes,Yes,Electronic check,62.8,627.94,2,3,202.9,No
CUST-002438,49,5,Month-to-month,DSL,Yes,No,No,No,Mailed check,51.1,245.93,0,5,97.8,Yes
CUST-002439,60,39,Two year,Fiber optic,Yes,No,No,Yes,Bank transfer,75.17,2967.66,1,3,290.8,No
CUST-002440,43,64,Month-to-month,No internet service,Yes,No,No,Yes,Mailed check,27.93,1798.91,1,1,0.7,No
CUST-002441,46,3,One year,DSL,Yes,No,No,Yes,Mailed check,55.22,194.07,2,3,76.2,No
CUST-002442,54,9,One year,DSL,No,Yes,No,No,Mailed check,55.8,506.37,0,4,108.7,No
CUST-002443,30,2,One year,No internet service,No,No,No,Yes,Credit card,22.32,69.56,0,3,10.9,No
CUST-002444,56,4,Two year,DSL,No,No,Yes,Yes,Mailed check,61.55,226.19,0,4,84.8,No
CUST-002445,57,44,Month-to-month,DSL,No,No,No,No,Bank transfer,47.86,2110.83,1,4,120.2,No
CUST-002446,84,6,Month-to-month,DSL,No,No,Yes,No,Credit card,61.57,352.04,2,3,105.4,Yes
CUST-002447,39,25,Two year,Fiber optic,Yes,No,Yes,No,Electronic check,86.83,2161.96,0,4,199.5,Yes
CUST-002448,38,11,Two year,Fiber optic,No,No,Yes,Yes,Electronic check,78.91,868.84,0,4,346.7,No
CUST-002449,57,50,Month-to-month,No internet service,Yes,No,No,Yes,Credit card,31.71,1566.36,1,4,2.6,No
CUST-002450,57,3,One year,Fiber optic,No,No,Yes,Yes,Bank transfer,76.89,201.43,0,3,212.7,Yes
CUST-002451,37,8,One year,DSL,No,Yes,No,Yes,Mailed check,53.5,447.67,0,4,126.7,No
CUST-002452,39,14,One year,DSL,No,Yes,No,Yes,Electronic check,46.79,621.45,0,4,114.2,No
CUST-002453,53,8,Two year,No internet service,No,No,No,No,Mailed check,18.0,177.8,0,3,11.4,No
CUST-002454,33,21,Two year,DSL,Yes,No,Yes,Yes,Credit card,65.71,1363.6,0,4,175.0,No
CUST-002455,39,6,Month-to-month,Fiber optic,Yes,No,No,Yes,Mailed check,69.25,426.83,0,4,342.2,No
CUST-002456,46,32,One year,Fiber optic,No,Yes,No,Yes,Credit card,80.9,2601.3,1,4,445.9,No
CUST-002457,60,6,Month-to-month,DSL,Yes,No,No,Yes,Electronic check,49.24,273.33,1,4,155.7,No
CUST-002458,36,68,Month-to-month,Fiber optic,Yes,No,No,No,Mailed check,77.06,5249.28,1,1,287.5,No
CUST-002459,18,30,Two year,DSL,Yes,No,Yes,Yes,Electronic check,61.68,1853.83,1,4,85.7,No
CUST-002460,18,23,One year,Fiber optic,No,No,Yes,No,Mailed check,77.11,1786.16,1,2,400.1,No
CUST-002461,26,8,Month-to-month,Fiber optic,No,No,No,Yes,Credit card,59.64,501.31,1,5,363.3,No
CUST-002462,25,1,One year,No internet service,Yes,No,No,Yes,Electronic check,22.17,38.44,1,2,6.1,Yes
CUST-002463,43,11,Month-to-month,No internet service,Yes,Yes,No,Yes,Bank transfer,35.65,374.78,0,5,5.7,No
CUST-002464,27,7,Month-to-month,DSL,No,No,No,Yes,Electronic check,43.23,299.89,4,1,256.8,Yes
CUST-002465,34,1,One year,Fiber optic,Yes,No,Yes,No,Mailed check,88.93,72.45,0,4,280.6,No
CUST-002466,33,22,One year,No internet service,Yes,Yes,No,No,Electronic check,40.46,878.6,1,3,8.7,No
CUST-002467,38,36,Month-to-month,DSL,No,No,Yes,Yes,Bank transfer,49.25,1782.76,0,4,158.1,No
CUST-002468,65,9,Month-to-month,No internet service,No,No,No,No,Credit card,25.46,241.24,0,5,5.7,No
CUST-002469,55,1,One year,Fiber optic,Yes,Yes,No,No,Electronic check,74.19,85.83,0,4,289.7,No
CUST-002470,45,1,Month-to-month,Fiber optic,No,No,No,Yes,Electronic check,63.33,69.09,0,4,270.0,No
CUST-002471,38,72,Two year,DSL,No,Yes,Yes,No,Electronic check,55.99,4040.09,0,5,178.6,No
CUST-002472,39,56,Month-to-month,No internet service,No,No,No,No,Bank transfer,18.0,998.91,0,3,6.3,No
CUST-002473,50,4,Two year,Fiber optic,Yes,Yes,Yes,No,Electronic check,81.27,352.1,0,4,468.9,No
CUST-002474,54,27,Month-to-month,Fiber optic,Yes,Yes,No,Yes,Credit card,76.98,2091.82,1,5,359.0,Yes
CUST-002475,31,7,Month-to-month,DSL,No,No,No,Yes,Bank transfer,45.31,316.75,1,4,144.6,No
CUST-002476,46,0,Month-to-month,No internet service,Yes,No,No,No,Bank transfer,26.14,48.67,2,3,8.1,Yes
CUST-002477,18,15,One year,No internet service,No,Yes,No,No,Electronic check,18.0,259.7,1,4,5.3,No
CUST-002478,48,7,Two year,No internet service,Yes,Yes,Yes,No,Mailed check,36.22,255.93,1,4,5.3,No
CUST-002479,56,5,Month-to-month,DSL,Yes,Yes,No,No,Credit card,59.05,313.15,0,4,158.3,No
CUST-002480,41,10,Month-to-month,No internet service,No,Yes,Yes,No,Mailed check,41.95,395.14,2,3,6.0,No
CUST-002481,72,5,Month-to-month,DSL,Yes,No,No,Yes,Bank transfer,54.24,315.65,2,4,68.7,No
CUST-002482,32,5,One year,Fiber optic,No,Yes,Yes,Yes,Bank transfer,92.34,449.92,1,3,199.9,No
CUST-002483,48,5,Month-to-month,DSL,Yes,No,No,Yes,Credit card,52.81,255.0,0,3,187.2,No
CUST-002484,44,2,Two year,DSL,No,No,Yes,Yes,Mailed check,58.58,117.56,0,5,129.6,No
CUST-002485,43,1,Month-to-month,DSL,No,Yes,Yes,Yes,Credit card,62.89,77.69,1,3,153.0,No
CUST-002486,43,12,One year,Fiber optic,Yes,No,Yes,Yes,Electronic check,81.09,989.79,1,3,336.8,No
CUST-002487,47,23,Two year,No internet service,No,No,No,Yes,Bank transfer,19.18,471.12,2,2,2.0,No
CUST-002488,58,1,Month-to-month,No internet service,No,No,Yes,No,Bank transfer,36.19,34.91,0,3,0.2,No
CUST-002489,66,24,Month-to-month,Fiber optic,Yes,No,No,Yes,Mailed check,77.39,1863.96,1,3,397.6,Yes
CUST-002490,45,14,Two year,No internet service,No,Yes,No,Yes,Electronic check,27.79,358.3,0,4,5.8,No
CUST-002491,57,0,Month-to-month,Fiber optic,No,No,No,Yes,Mailed check,72.91,51.49,2,2,306.2,Yes
CUST-002492,34,3,One year,Fiber optic,No,No,Yes,Yes,Electronic check,79.29,236.04,2,2,398.1,No
CUST-002493,56,4,Two year,Fiber optic,Yes,No,No,No,Mailed check,74.63,305.68,0,2,421.8,No
CUST-002494,34,5,Month-to-month,DSL,Yes,No,No,Yes,Electronic check,60.51,301.63,1,4,138.4,No
CUST-002495,61,17,Two year,Fiber optic,Yes,No,No,Yes,Mailed check,69.42,1190.63,0,4,190.5,No
CUST-002496,78,4,Month-to-month,DSL,Yes,No,Yes,Yes,Mailed check,72.14,287.42,1,4,66.6,No
CUST-002497,43,9,One year,No internet service,Yes,Yes,Yes,Yes,Electronic check,41.13,365.49,2,3,0.0,No
CUST-002498,18,56,Month-to-month,DSL,No,No,Yes,No,Bank transfer,55.67,3165.52,1,4,194.3,No
CUST-002499,37,72,Month-to-month,No internet service,Yes,No,No,No,Electronic check,18.82,1349.78,1,1,0.0,No
CUST-002500,63,16,Month-to-month,No internet service,No,No,No,Yes,Bank transfer,21.26,360.41,0,5,3.5,No
CUST-002501,53,5,Month-to-month,DSL,Yes,No,Yes,Yes,Credit card,71.63,332.04,0,5,141.4,No
CUST-002502,49,5,Month-to-month,Fiber optic,No,No,No,No,Credit card,60.31,304.02,0,4,268.3,Yes
CUST-002503,60,11,Month-to-month,Fiber optic,No,No,Yes,No,Mailed check,75.59,818.0,1,3,357.1,No
CUST-002504,52,10,One year,DSL,No,No,Yes,Yes,Mailed check,55.89,598.5,1,3,105.9,No
CUST-002505,63,6,Month-to-month,Fiber optic,No,Yes,No,No,Bank transfer,69.92,408.37,1,3,239.5,No
CUST-002506,59,48,Month-to-month,DSL,No,No,No,No,Mailed check,39.76,1907.86,1,5,126.7,No
CUST-002507,68,13,Month-to-month,DSL,Yes,Yes,No,Yes,Electronic check,59.19,753.0,0,4,156.4,No
CUST-002508,50,13,Month-to-month,DSL,No,Yes,Yes,No,Electronic check,70.85,903.38,1,3,157.5,Yes
CUST-002509,59,72,Month-to-month,Fiber optic,Yes,Yes,No,No,Credit card,76.5,5506.48,0,4,228.5,No
CUST-002510,40,21,Month-to-month,Fiber optic,Yes,No,No,Yes,Electronic check,74.15,1564.4,0,2,328.6,No
CUST-002511,36,40,One year,Fiber optic,No,No,No,No,Mailed check,66.11,2665.55,0,2,355.8,Yes
CUST-002512,71,13,One year,No internet service,Yes,No,Yes,No,Electronic check,38.02,482.68,0,3,8.8,No
CUST-002513,48,49,One year,DSL,Yes,No,Yes,No,Electronic check,66.39,3241.19,1,2,216.3,No
CUST-002514,57,6,Month-to-month,DSL,No,Yes,Yes,Yes,Electronic check,61.1,392.3,0,2,184.5,No
CUST-002515,47,0,Two year,DSL,Yes,Yes,No,No,Mailed check,61.09,92.97,2,3,166.0,No
CUST-002516,36,37,One year,DSL,Yes,No,No,No,Bank transfer,52.65,1946.37,0,3,130.9,No
CUST-002517,45,6,One year,Fiber optic,Yes,No,No,Yes,Credit card,65.97,405.13,4,2,241.6,No
CUST-002518,67,20,Month-to-month,Fiber optic,Yes,No,Yes,Yes,Bank transfer,76.0,1553.39,1,3,314.1,No
CUST-002519,53,15,Month-to-month,Fiber optic,No,Yes,No,Yes,Credit card,60.31,957.63,0,4,418.2,No
CUST-002520,19,3,Month-to-month,Fiber optic,No,No,Yes,Yes,Bank transfer,74.95,233.23,0,3,257.2,No
CUST-002521,42,6,Month-to-month,Fiber optic,No,No,No,No,Electronic check,69.15,429.97,0,4,292.2,No
CUST-002522,72,72,One year,No internet service,No,No,Yes,No,Credit card,28.35,2043.86,3,3,0.3,No
CUST-002523,42,68,Month-to-month,Fiber optic,No,No,No,Yes,Mailed check,63.77,4306.76,0,5,196.7,No
CUST-002524,18,15,Month-to-month,Fiber optic,No,Yes,Yes,No,Credit card,79.73,1202.88,0,5,456.9,Yes
CUST-002525,73,7,Month-to-month,Fiber optic,No,No,Yes,Yes,Electronic check,72.83,537.23,0,4,376.0,Yes
CUST-002526,55,24,Month-to-month,Fiber optic,No,No,No,Yes,Mailed check,76.01,1809.18,0,3,257.0,No
CUST-002527,44,41,Month-to-month,Fiber optic,No,No,No,No,Electronic check,61.01,2464.32,1,3,289.3,No
CUST-002528,39,65,Month-to-month,Fiber optic,No,Yes,Yes,Yes,Electronic check,76.24,4967.42,0,2,472.8,No
CUST-002529,61,5,Month-to-month,Fiber optic,No,No,No,Yes,Bank transfer,60.53,267.52,2,3,275.0,Yes
CUST-002530,37,6,Month-to-month,No internet service,No,No,Yes,Yes,Credit card,32.37,162.78,1,4,3.0,No
CUST-002531,62,2,One year,Fiber optic,Yes,No,No,No,Credit card,70.13,107.57,1,3,503.6,No
CUST-002532,53,1,Two year,Fiber optic,No,No,No,No,Credit card,66.43,26.37,0,3,316.2,No
CUST-002533,49,8,Two year,DSL,No,No,No,No,Credit card,41.35,351.95,0,5,123.7,No
CUST-002534,47,2,One year,Fiber optic,No,Yes,No,Yes,Credit card,68.06,138.89,0,4,518.9,No
CUST-002535,42,25,Month-to-month,DSL,No,Yes,No,No,Bank transfer,47.46,1227.63,1,3,96.1,No
CUST-002536,61,9,One year,Fiber optic,No,Yes,Yes,Yes,Credit card,82.54,757.55,0,3,318.3,Yes
CUST-002537,32,5,Two year,No internet service,No,No,No,Yes,Electronic check,23.57,159.08,1,3,0.9,No
CUST-002538,21,19,Month-to-month,No internet service,Yes,No,No,Yes,Credit card,32.1,597.02,0,4,8.6,No
CUST-002539,54,19,Month-to-month,DSL,Yes,No,No,Yes,Mailed check,60.04,1148.01,0,4,170.1,No
CUST-002540,54,7,One year,Fiber optic,Yes,No,Yes,No,Electronic check,78.44,523.6,1,3,268.6,No
CUST-002541,52,22,Month-to-month,DSL,Yes,No,Yes,No,Mailed check,59.8,1310.05,1,2,214.2,Yes
CUST-002542,51,63,One year,Fiber optic,Yes,Yes,No,No,Credit card,74.41,4716.52,1,4,276.4,No
CUST-002543,40,47,Month-to-month,No internet service,No,No,Yes,No,Bank transfer,31.98,1502.25,1,4,8.1,No
CUST-002544,57,2,Month-to-month,Fiber optic,No,No,Yes,No,Electronic check,71.61,138.52,0,2,390.3,Yes
CUST-002545,44,10,One year,DSL,Yes,No,No,No,Mailed check,49.55,495.06,0,3,79.5,No
CUST-002546,38,30,One year,Fiber optic,No,Yes,No,No,Credit card,74.42,2235.47,0,4,135.5,No
CUST-002547,40,40,One year,DSL,Yes,No,No,Yes,Bank transfer,58.35,2336.9,0,3,127.7,No
CUST-002548,75,7,Two year,Fiber optic,No,No,Yes,Yes,Electronic check,80.47,589.95,0,5,369.4,No
CUST-002549,19,38,Two year,Fiber optic,No,Yes,No,Yes,Bank transfer,72.6,2744.38,0,5,312.7,No
CUST-002550,52,18,Month-to-month,DSL,No,No,No,Yes,Bank transfer,41.69,746.29,1,2,137.1,No
CUST-002551,20,48,Two year,DSL,Yes,Yes,Yes,No,Electronic check,71.11,3415.24,4,3,150.9,No
CUST-002552,43,18,Month-to-month,Fiber optic,Yes,No,Yes,No,Electronic check,90.7,1614.53,0,4,349.2,No
CUST-002553,38,49,Month-to-month,Fiber optic,Yes,Yes,No,No,Mailed check,82.31,4024.26,1,3,311.3,No
CUST-002554,18,4,Two year,No internet service,No,No,No,Yes,Bank transfer,24.42,113.01,1,4,4.8,No
CUST-002555,51,72,Month-to-month,DSL,No,No,No,Yes,Credit card,49.75,3565.52,0,3,172.4,No
CUST-002556,39,1,Two year,DSL,No,Yes,No,No,Credit card,49.36,104.84,0,2,174.5,No
CUST-002557,18,35,Month-to-month,DSL,No,Yes,No,No,Bank transfer,54.17,1928.68,0,4,97.7,No
CUST-002558,58,2,Month-to-month,DSL,Yes,No,No,Yes,Mailed check,51.1,105.74,1,3,127.1,No
CUST-002559,67,53,Month-to-month,DSL,No,No,Yes,No,Electronic check,59.98,3190.45,0,5,147.9,No
CUST-002560,67,2,One year,Fiber optic,No,Yes,No,No,Bank transfer,77.13,169.67,1,4,371.4,No
CUST-002561,50,21,Two year,DSL,No,Yes,No,Yes,Mailed check,58.77,1245.37,1,2,166.6,No
CUST-002562,46,15,Month-to-month,DSL,No,No,Yes,Yes,Bank transfer,59.97,901.46,0,4,86.4,No
CUST-002563,65,6,Month-to-month,Fiber optic,Yes,No,Yes,No,Credit card,86.97,576.86,2,3,443.1,No
CUST-002564,70,46,Month-to-month,DSL,Yes,No,No,No,Electronic check,59.94,2742.87,0,4,142.9,No
CUST-002565,62,14,Month-to-month,Fiber optic,Yes,Yes,No,No,Mailed check,74.68,1037.78,1,3,359.5,No
CUST-002566,31,21,One year,Fiber optic,No,No,Yes,No,Bank transfer,84.23,1770.28,0,4,245.0,Yes
CUST-002567,48,7,One year,No internet service,No,Yes,No,No,Mailed check,26.65,199.45,1,4,5.1,No
CUST-002568,52,61,Month-to-month,No internet service,Yes,No,No,Yes,Electronic check,28.69,1790.33,0,4,7.3,No
CUST-002569,18,23,Month-to-month,Fiber optic,No,Yes,No,Yes,Bank transfer,68.75,1581.22,1,4,207.3,No
CUST-002570,52,12,One year,DSL,No,No,No,No,Electronic check,39.13,481.13,0,5,143.1,No
CUST-002571,79,23,Month-to-month,Fiber optic,No,No,Yes,Yes,Mailed check,84.36,1947.99,1,3,170.5,No
CUST-002572,55,29,Month-to-month,DSL,No,No,Yes,Yes,Credit card,59.02,1709.93,2,5,188.4,Yes
CUST-002573,67,5,One year,DSL,No,No,No,No,Mailed check,43.15,240.58,0,4,154.5,No
CUST-002574,48,34,Month-to-month,No internet service,Yes,No,No,No,Electronic check,29.75,1020.07,2,3,3.7,No
CUST-002575,44,5,Month-to-month,Fiber optic,No,No,No,Yes,Credit card,63.32,336.37,0,3,498.0,Yes
CUST-002576,51,23,Month-to-month,Fiber optic,No,No,No,Yes,Electronic check,56.48,1293.18,1,4,283.6,Yes
CUST-002577,33,5,One year,No internet service,Yes,No,Yes,No,Electronic check,39.11,184.74,1,3,8.6,No
CUST-002578,31,5,Month-to-month,Fiber optic,Yes,Yes,No,Yes,Credit card,71.97,352.99,1,1,336.2,No
CUST-002579,64,17,Two year,Fiber optic,No,No,No,Yes,Credit card,66.19,1131.21,0,4,333.6,No
CUST-002580,66,7,Month-to-month,Fiber optic,No,No,No,No,Electronic check,72.93,532.86,0,4,353.6,No
CUST-002581,30,1,Month-to-month,DSL,No,No,Yes,No,Bank transfer,53.79,95.72,1,3,189.1,Yes
CUST-002582,60,36,One year,Fiber optic,No,No,Yes,Yes,Mailed check,80.95,2917.7,0,2,363.0,No
CUST-002583,44,72,Month-to-month,DSL,Yes,No,No,No,Credit card,49.8,3622.87,0,4,163.9,No
CUST-002584,50,28,Month-to-month,Fiber optic,No,No,No,Yes,Bank transfer,64.9,1829.72,0,5,372.6,No
CUST-002585,52,60,Month-to-month,DSL,Yes,No,No,Yes,Bank transfer,48.61,2903.23,0,3,214.7,No
CUST-002586,60,30,One year,No internet service,No,No,No,No,Electronic check,23.1,695.38,0,4,9.1,No
CUST-002587,46,72,Month-to-month,DSL,No,Yes,No,Yes,Electronic check,57.73,4171.95,0,5,129.1,No
CUST-002588,66,13,Two year,DSL,Yes,Yes,Yes,No,Electronic check,71.96,952.41,1,4,111.5,No
CUST-002589,50,17,Month-to-month,DSL,No,No,Yes,Yes,Bank transfer,59.68,1004.97,0,3,220.1,Yes
CUST-002590,54,10,Month-to-month,Fiber optic,No,Yes,No,Yes,Bank transfer,73.67,729.58,1,3,403.9,Yes
CUST-002591,33,72,Month-to-month,No internet service,No,No,No,Yes,Electronic check,18.76,1344.02,0,3,4.3,No
CUST-002592,77,15,Month-to-month,No internet service,No,No,Yes,Yes,Electronic check,38.54,574.15,1,3,0.0,No
CUST-002593,52,50,Two year,No internet service,No,Yes,No,No,Mailed check,23.41,1176.61,0,3,6.8,No
CUST-002594,56,3,Month-to-month,No internet service,Yes,No,Yes,No,Electronic check,32.14,134.18,0,3,12.3,No
CUST-002595,21,7,Two year,DSL,Yes,No,Yes,No,Credit card,60.39,414.31,1,3,152.3,No
CUST-002596,33,20,Month-to-month,DSL,No,No,No,Yes,Credit card,48.08,928.81,1,2,57.1,No
CUST-002597,64,10,Month-to-month,Fiber optic,No,Yes,No,Yes,Bank transfer,69.07,656.62,1,3,216.4,No
CUST-002598,49,7,Month-to-month,No internet service,No,No,Yes,Yes,Credit card,32.46,243.56,0,5,4.6,Yes
CUST-002599,18,11,One year,DSL,No,No,Yes,No,Bank transfer,55.81,603.01,0,2,230.7,Yes
CUST-002600,61,5,Month-to-month,Fiber optic,No,No,No,No,Mailed check,65.9,334.89,1,5,221.1,Yes
CUST-002601,37,42,One year,No internet service,Yes,No,No,No,Bank transfer,33.47,1391.59,0,4,6.2,No
CUST-002602,66,8,Two year,DSL,Yes,No,Yes,Yes,Electronic check,72.63,578.08,0,4,167.1,No
CUST-002603,44,23,One year,No internet service,Yes,Yes,No,No,Electronic check,29.15,663.95,0,3,5.4,No
CUST-002604,48,4,Month-to-month,DSL,No,No,No,Yes,Bank transfer,49.66,184.9,1,4,68.2,No
CUST-002605,63,39,One year,No internet service,No,No,Yes,Yes,Electronic check,32.98,1310.95,0,5,9.2,No
CUST-002606,32,7,Month-to-month,DSL,No,Yes,No,Yes,Credit card,44.88,340.36,1,5,86.5,No
CUST-002607,30,11,Month-to-month,DSL,No,No,Yes,Yes,Electronic check,59.47,666.97,0,4,152.5,Yes
CUST-002608,42,38,Month-to-month,DSL,No,No,Yes,Yes,Mailed check,66.24,2558.0,1,4,43.2,No
CUST-002609,57,6,Two year,Fiber optic,Yes,No,No,Yes,Mailed check,69.31,389.55,2,3,375.3,No
CUST-002610,25,40,Month-to-month,Fiber optic,No,No,Yes,No,Electronic check,75.86,3030.18,0,4,315.7,Yes
CUST-002611,20,7,One year,No internet service,No,Yes,No,Yes,Electronic check,18.0,119.02,1,4,2.8,No
CUST-002612,57,10,One year,No internet service,Yes,No,Yes,Yes,Mailed check,39.42,408.39,0,4,5.4,No
CUST-002613,36,50,Month-to-month,No internet service,No,No,No,Yes,Electronic check,20.8,1014.79,2,3,0.0,No
CUST-002614,39,3,Month-to-month,Fiber optic,Yes,No,No,Yes,Electronic check,82.87,261.96,0,3,425.0,Yes
CUST-002615,18,10,One year,Fiber optic,Yes,No,No,Yes,Electronic check,68.33,654.44,0,5,304.4,Yes
CUST-002616,35,9,Month-to-month,No internet service,No,Yes,No,Yes,Mailed check,30.82,292.34,0,4,6.7,Yes
CUST-002617,45,23,Month-to-month,Fiber optic,No,No,No,Yes,Credit card,66.5,1552.6,0,4,365.1,No
CUST-002618,59,18,Month-to-month,DSL,No,Yes,No,No,Credit card,62.17,1096.42,1,1,145.7,Yes
CUST-002619,33,18,Two year,Fiber optic,No,No,No,Yes,Mailed check,65.88,1178.5,2,4,346.4,No
CUST-002620,70,21,Month-to-month,No internet service,No,No,Yes,No,Bank transfer,31.74,690.34,1,4,2.8,No
CUST-002621,35,26,Month-to-month,DSL,No,Yes,Yes,Yes,Credit card,67.23,1775.82,0,4,190.5,Yes
CUST-002622,35,72,Month-to-month,Fiber optic,Yes,Yes,No,No,Mailed check,81.44,5835.13,0,4,381.5,No
CUST-002623,68,34,Month-to-month,DSL,Yes,No,No,Yes,Credit card,57.68,1968.65,0,3,84.8,No
CUST-002624,48,8,Two year,Fiber optic,No,No,Yes,No,Credit card,79.81,651.55,1,3,136.3,No
CUST-002625,37,5,Month-to-month,DSL,No,Yes,No,Yes,Electronic check,43.62,217.91,0,5,201.3,No
CUST-002626,43,13,One year,DSL,No,Yes,No,No,Mailed check,53.61,725.65,1,2,154.3,No
CUST-002627,65,22,One year,DSL,No,No,Yes,Yes,Credit card,59.49,1297.84,2,2,116.6,No
CUST-002628,67,27,Month-to-month,Fiber optic,Yes,No,No,No,Electronic check,69.3,1862.8,2,2,204.8,No
CUST-002629,33,15,One year,Fiber optic,Yes,Yes,Yes,Yes,Electronic check,92.45,1373.57,1,3,338.2,No
CUST-002630,44,16,Two year,Fiber optic,No,No,No,Yes,Electronic check,55.82,898.03,0,5,299.1,No
CUST-002631,46,11,One year,No internet service,No,No,No,Yes,Electronic check,21.28,228.71,2,4,2.9,No
CUST-002632,30,10,One year,Fiber optic,No,No,No,Yes,Electronic check,68.42,701.65,0,5,424.7,No
CUST-002633,44,23,Month-to-month,DSL,No,Yes,No,Yes,Mailed check,55.8,1276.45,0,2,131.2,No
CUST-002634,45,11,Two year,Fiber optic,No,No,Yes,Yes,Credit card,80.5,882.18,1,3,352.3,No
CUST-002635,62,16,Month-to-month,No internet service,Yes,Yes,No,Yes,Electronic check,29.57,478.18,1,3,1.7,No
CUST-002636,63,43,One year,No internet service,No,No,No,No,Credit card,18.0,758.45,0,5,3.0,No
CUST-002637,40,70,Month-to-month,Fiber optic,No,No,Yes,Yes,Credit card,81.71,5741.09,0,4,395.8,No
CUST-002638,42,0,One year,DSL,No,Yes,Yes,No,Mailed check,65.02,79.8,1,3,205.1,No
CUST-002639,55,18,Two year,DSL,No,Yes,Yes,No,Credit card,65.47,1192.59,1,4,132.8,No
CUST-002640,36,7,One year,No internet service,No,Yes,No,Yes,Bank transfer,34.41,221.53,2,3,7.0,No
CUST-002641,54,26,Month-to-month,No internet service,Yes,Yes,No,No,Electronic check,25.96,706.94,0,5,7.5,No
CUST-002642,44,1,One year,DSL,Yes,Yes,Yes,Yes,Electronic check,80.02,44.06,2,5,141.9,Yes
CUST-002643,30,18,Two year,No internet service,Yes,No,No,Yes,Mailed check,25.19,469.3,0,5,1.7,No
CUST-002644,31,4,One year,DSL,No,No,No,No,Credit card,49.12,200.36,0,5,73.6,No
CUST-002645,67,18,Two year,Fiber optic,No,Yes,Yes,No,Electronic check,82.93,1507.18,0,3,271.5,No
CUST-002646,43,1,Two year,DSL,Yes,No,No,Yes,Bank transfer,51.27,48.06,0,4,96.4,No
CUST-002647,70,12,Two year,DSL,Yes,No,No,Yes,Credit card,45.46,548.31,3,2,173.4,No
CUST-002648,37,1,Month-to-month,Fiber optic,No,No,No,Yes,Credit card,61.64,76.74,0,3,290.0,No
CUST-002649,49,15,Month-to-month,DSL,No,No,Yes,Yes,Credit card,59.34,891.19,3,2,188.9,Yes
CUST-002650,81,55,Two year,Fiber optic,No,No,Yes,No,Electronic check,78.78,4338.32,0,4,542.0,No
CUST-002651,29,5,Two year,Fiber optic,Yes,Yes,No,No,Electronic check,83.76,424.87,1,3,432.6,No
CUST-002652,18,6,Month-to-month,No internet service,No,Yes,Yes,Yes,Electronic check,34.54,252.24,0,4,0.0,No
CUST-002653,64,25,Month-to-month,Fiber optic,No,No,No,Yes,Electronic check,68.73,1687.42,0,4,310.9,No
CUST-002654,33,52,Month-to-month,No internet service,No,No,No,Yes,Credit card,20.33,1084.21,1,5,10.0,No
CUST-002655,45,25,One year,Fiber optic,Yes,No,No,No,Bank transfer,76.16,1914.18,1,3,401.5,Yes
CUST-002656,36,33,Two year,DSL,No,No,No,Yes,Credit card,47.57,1577.51,1,2,159.6,No
CUST-002657,49,1,One year,No internet service,No,No,No,No,Mailed check,18.0,0.0,0,5,9.1,No
CUST-002658,31,10,Month-to-month,No internet service,No,Yes,No,No,Mailed check,27.26,296.78,4,3,4.8,Yes
CUST-002659,42,7,Month-to-month,No internet service,Yes,Yes,No,Yes,Electronic check,36.3,232.55,0,3,4.7,No
CUST-002660,52,1,Two year,Fiber optic,No,No,Yes,Yes,Mailed check,80.93,111.51,0,5,258.2,No
CUST-002661,30,32,Month-to-month,Fiber optic,No,Yes,No,No,Credit card,78.53,2503.21,0,3,218.5,Yes
CUST-002662,34,30,Month-to-month,DSL,Yes,Yes,No,No,Bank transfer,55.83,1705.47,2,2,125.6,No
CUST-002663,40,1,Month-to-month,DSL,No,No,Yes,Yes,Credit card,51.17,38.1,0,5,169.3,Yes
CUST-002664,24,60,Two year,No internet service,Yes,No,Yes,Yes,Credit card,46.43,2768.24,0,3,5.3,No
CUST-002665,39,8,Month-to-month,DSL,Yes,No,No,Yes,Electronic check,46.57,371.71,0,5,229.4,No
CUST-002666,47,25,Month-to-month,Fiber optic,Yes,Yes,Yes,Yes,Electronic check,96.17,2390.48,1,4,375.7,No
CUST-002667,39,18,Month-to-month,Fiber optic,Yes,No,No,No,Bank transfer,68.45,1228.45,1,5,234.8,No
CUST-002668,41,27,Two year,No internet service,No,Yes,Yes,Yes,Mailed check,34.85,975.75,0,4,1.2,No
CUST-002669,45,2,Month-to-month,DSL,No,Yes,No,No,Electronic check,50.6,91.2,0,3,134.0,No
CUST-002670,35,19,Month-to-month,DSL,No,No,Yes,Yes,Electronic check,49.74,949.61,0,4,113.2,No
CUST-002671,55,9,Month-to-month,DSL,No,No,No,No,Credit card,40.15,394.25,1,5,185.2,No
CUST-002672,67,2,Month-to-month,No internet service,Yes,No,No,No,Credit card,19.63,45.09,0,5,4.0,No
CUST-002673,38,3,Two year,No internet service,No,Yes,Yes,Yes,Electronic check,41.35,147.63,0,5,6.0,No
CUST-002674,52,15,One year,Fiber optic,No,No,Yes,No,Bank transfer,76.94,1166.29,1,4,429.3,Yes
CUST-002675,41,13,Month-to-month,No internet service,No,Yes,Yes,No,Electronic check,38.07,515.95,0,3,6.3,No
CUST-002676,50,14,Two year,Fiber optic,Yes,No,Yes,No,Electronic check,84.69,1185.38,0,3,369.9,No
CUST-002677,68,8,Month-to-month,DSL,No,No,No,Yes,Electronic check,44.91,371.97,0,5,104.7,Yes
CUST-002678,53,22,Two year,No internet service,No,No,Yes,No,Electronic check,29.59,688.2,0,3,0.0,No
CUST-002679,18,2,Month-to-month,Fiber optic,No,No,Yes,Yes,Credit card,81.78,158.0,0,3,202.1,Yes
CUST-002680,52,6,Month-to-month,Fiber optic,No,No,No,Yes,Electronic check,56.18,346.5,3,4,286.0,Yes
CUST-002681,63,22,Two year,DSL,No,No,No,No,Bank transfer,37.79,818.86,2,2,159.1,No
CUST-002682,42,60,Two year,No internet service,No,Yes,Yes,No,Credit card,44.79,2709.19,1,3,9.0,No
CUST-002683,60,12,One year,Fiber optic,No,No,No,Yes,Electronic check,66.34,763.72,1,3,210.2,No
CUST-002684,35,12,One year,DSL,No,No,No,Yes,Bank transfer,34.88,413.68,0,2,223.1,No
CUST-002685,23,4,Two year,DSL,No,No,No,No,Mailed check,46.6,207.57,0,2,134.2,Yes
CUST-002686,47,40,One year,Fiber optic,No,No,No,Yes,Electronic check,57.05,2279.99,1,3,294.4,No
CUST-002687,19,14,Month-to-month,DSL,No,No,No,Yes,Electronic check,51.5,686.22,1,5,259.0,No
CUST-002688,41,21,Month-to-month,DSL,Yes,No,Yes,Yes,Credit card,69.6,1447.22,1,3,72.8,No
CUST-002689,64,5,One year,No internet service,No,No,No,Yes,Mailed check,30.49,139.79,2,2,4.1,No
CUST-002690,18,14,One year,DSL,No,No,No,Yes,Electronic check,43.51,641.63,0,3,144.9,No
CUST-002691,26,6,Two year,No internet service,No,Yes,Yes,No,Mailed check,31.92,208.34,0,4,3.8,No
CUST-002692,30,41,Month-to-month,No internet service,No,No,Yes,Yes,Credit card,29.3,1220.17,1,5,8.5,No
CUST-002693,44,12,Month-to-month,Fiber optic,No,No,Yes,No,Bank transfer,74.41,869.3,0,4,424.3,Yes
CUST-002694,40,23,Month-to-month,DSL,No,No,No,Yes,Credit card,46.93,1080.47,0,4,95.5,No
CUST-002695,66,29,Two year,DSL,No,Yes,No,No,Credit card,41.84,1245.47,0,5,74.5,No
CUST-002696,59,0,Month-to-month,Fiber optic,Yes,No,Yes,Yes,Electronic check,84.97,103.88,1,3,325.2,No
CUST-002697,52,10,Two year,DSL,No,No,No,No,Electronic check,39.93,390.13,0,2,99.7,No
CUST-002698,47,12,Month-to-month,DSL,Yes,Yes,No,No,Mailed check,56.44,693.98,2,3,112.8,Yes
CUST-002699,51,22,Month-to-month,Fiber optic,Yes,Yes,Yes,No,Mailed check,97.91,2129.32,0,5,247.3,No
CUST-002700,32,6,Two year,Fiber optic,No,No,No,Yes,Bank transfer,70.01,403.9,1,4,436.4,No
CUST-002701,58,10,Month-to-month,DSL,No,No,No,No,Bank transfer,48.65,449.82,0,5,131.4,No
CUST-002702,28,15,Two year,Fiber optic,Yes,No,Yes,Yes,Electronic check,88.18,1321.44,2,3,408.3,No
CUST-002703,58,19,Month-to-month,No internet service,Yes,Yes,No,Yes,Credit card,32.68,634.57,0,4,8.1,Yes
CUST-002704,63,47,Month-to-month,Fiber optic,No,No,Yes,No,Mailed check,76.76,3589.42,0,3,357.9,No
CUST-002705,48,12,One year,DSL,No,Yes,No,Yes,Bank transfer,43.14,516.82,2,3,169.2,No
CUST-002706,42,3,Two year,DSL,No,No,Yes,Yes,Mailed check,50.83,136.68,1,4,113.7,No
CUST-002707,51,39,Month-to-month,DSL,No,Yes,No,No,Bank transfer,51.63,2002.72,1,3,102.1,No
CUST-002708,18,6,Month-to-month,DSL,No,No,No,Yes,Credit card,39.4,216.45,0,3,198.1,Yes
CUST-002709,50,42,One year,Fiber optic,No,No,No,No,Electronic check,68.45,2900.7,0,4,245.2,No
CUST-002710,43,6,Two year,Fiber optic,Yes,No,No,Yes,Mailed check,72.75,423.65,1,4,442.3,No
CUST-002711,44,0,Two year,DSL,No,Yes,No,Yes,Bank transfer,49.51,45.5,0,5,201.5,No
CUST-002712,56,15,Two year,Fiber optic,No,No,Yes,Yes,Credit card,73.97,1100.02,1,3,246.4,No
CUST-002713,44,62,Month-to-month,No internet service,Yes,Yes,No,Yes,Bank transfer,36.25,2254.78,0,3,0.6,No
CUST-002714,28,11,One year,DSL,No,Yes,No,No,Electronic check,54.39,649.07,1,2,50.3,No
CUST-002715,43,5,Two year,Fiber optic,Yes,No,No,No,Bank transfer,68.6,399.7,0,3,261.4,No
CUST-002716,46,4,Two year,Fiber optic,Yes,Yes,No,Yes,Bank transfer,76.38,302.12,1,4,288.1,No
CUST-002717,47,38,Two year,No internet service,Yes,No,Yes,No,Electronic check,39.06,1493.62,1,4,6.7,No
CUST-002718,47,23,Two year,Fiber optic,Yes,No,Yes,Yes,Bank transfer,86.6,2012.04,1,4,189.8,No
CUST-002719,61,12,Two year,DSL,No,Yes,Yes,No,Bank transfer,64.54,800.6,1,5,100.7,No
CUST-002720,29,1,Month-to-month,Fiber optic,No,No,Yes,Yes,Electronic check,76.49,90.22,1,4,347.0,Yes
CUST-002721,48,19,Month-to-month,No internet service,No,Yes,No,Yes,Electronic check,29.54,584.4,0,4,5.1,No
CUST-002722,64,38,Two year,DSL,No,No,No,Yes,Credit card,44.32,1693.43,0,4,162.7,No
CUST-002723,19,2,Month-to-month,DSL,No,Yes,No,Yes,Electronic check,44.02,76.48,0,3,139.8,No
CUST-002724,48,7,Month-to-month,DSL,No,No,Yes,Yes,Electronic check,63.69,468.85,0,2,198.8,Yes
CUST-002725,36,19,Month-to-month,Fiber optic,No,No,No,Yes,Bank transfer,69.9,1331.9,0,3,181.8,Yes
CUST-002726,39,45,One year,DSL,Yes,Yes,Yes,No,Electronic check,64.11,2892.68,0,3,63.7,No
CUST-002727,31,72,Two year,Fiber optic,No,No,Yes,Yes,Electronic check,77.89,5582.02,1,4,376.6,No
CUST-002728,42,40,Two year,Fiber optic,No,Yes,No,Yes,Credit card,77.5,3085.66,2,3,210.0,No
CUST-002729,73,21,Month-to-month,Fiber optic,No,No,No,Yes,Bank transfer,63.48,1326.44,1,3,298.8,No
CUST-002730,26,9,Month-to-month,DSL,Yes,Yes,Yes,Yes,Electronic check,74.86,685.34,0,4,185.6,No
CUST-002731,27,6,Month-to-month,No internet service,Yes,Yes,Yes,Yes,Electronic check,51.55,346.27,1,2,9.3,No
CUST-002732,25,0,Two year,Fiber optic,No,Yes,Yes,No,Electronic check,84.34,100.98,1,3,434.8,No
CUST-002733,71,12,Month-to-month,No internet service,No,No,No,Yes,Bank transfer,30.72,366.04,0,3,2.0,No
CUST-002734,38,27,One year,No internet service,No,No,Yes,No,Mailed check,35.25,933.04,2,2,8.2,No
CUST-002735,45,12,One year,Fiber optic,No,No,No,Yes,Electronic check,65.51,812.12,2,3,374.7,No
CUST-002736,39,33,One year,Fiber optic,Yes,No,Yes,No,Credit card,84.16,2784.7,0,3,338.3,No
CUST-002737,31,54,One year,Fiber optic,No,No,No,Yes,Bank transfer,64.76,3434.08,0,3,362.3,No
CUST-002738,41,8,One year,Fiber optic,No,No,No,Yes,Credit card,62.18,519.33,0,4,152.6,No
CUST-002739,82,16,One year,DSL,No,No,No,No,Bank transfer,39.43,639.4,2,1,201.6,Yes
CUST-002740,66,12,Month-to-month,DSL,Yes,Yes,Yes,Yes,Credit card,66.5,756.05,0,5,114.0,No
CUST-002741,32,9,Month-to-month,Fiber optic,Yes,No,Yes,Yes,Mailed check,84.29,772.09,0,5,320.5,Yes
CUST-002742,55,45,Month-to-month,DSL,Yes,Yes,Yes,No,Electronic check,75.02,3378.63,0,3,109.6,No
CUST-002743,33,11,Month-to-month,Fiber optic,Yes,No,Yes,Yes,Electronic check,86.63,927.65,0,3,308.2,Yes
CUST-002744,18,7,One year,No internet service,Yes,No,Yes,Yes,Electronic check,40.85,327.76,0,3,4.1,No
CUST-002745,60,72,Month-to-month,DSL,Yes,Yes,Yes,No,Credit card,81.6,5885.0,1,2,206.7,No
CUST-002746,62,35,Two year,Fiber optic,No,No,No,No,Bank transfer,73.41,2560.68,0,5,293.6,No
CUST-002747,61,1,Month-to-month,DSL,No,Yes,No,No,Electronic check,46.44,31.79,1,3,144.1,No
CUST-002748,38,4,One year,Fiber optic,Yes,No,No,No,Electronic check,76.52,303.26,0,4,265.0,No
CUST-002749,42,2,Month-to-month,No internet service,Yes,No,Yes,No,Bank transfer,34.06,65.95,0,5,7.7,No
CUST-002750,56,0,Month-to-month,Fiber optic,No,No,No,Yes,Mailed check,66.34,78.87,1,5,290.8,No
CUST-002751,51,72,Month-to-month,No internet service,No,No,No,Yes,Credit card,18.0,1292.21,1,5,6.1,No
CUST-002752,39,34,One year,No internet service,No,Yes,No,No,Credit card,22.97,773.7,0,2,2.8,No
CUST-002753,21,18,Month-to-month,DSL,No,No,Yes,No,Credit card,60.12,1086.32,2,4,139.9,No
CUST-002754,47,40,One year,DSL,Yes,No,No,No,Electronic check,50.73,2021.46,1,3,109.2,No
CUST-002755,61,12,One year,DSL,No,Yes,Yes,No,Bank transfer,57.61,689.99,0,5,42.1,No
CUST-002756,27,72,Two year,Fiber optic,No,Yes,Yes,Yes,Bank transfer,79.56,5756.94,1,3,379.8,No
CUST-002757,55,11,One year,No internet service,No,No,Yes,Yes,Credit card,27.28,291.39,0,2,1.5,No
CUST-002758,50,13,One year,DSL,No,No,Yes,Yes,Electronic check,59.06,765.25,1,3,212.0,No
CUST-002759,56,21,Two year,No internet service,No,No,No,No,Bank transfer,26.01,530.94,0,4,5.6,No
CUST-002760,58,50,Month-to-month,DSL,Yes,Yes,No,Yes,Bank transfer,58.01,2922.6,0,2,140.3,No
CUST-002761,35,2,One year,Fiber optic,Yes,Yes,No,Yes,Mailed check,84.15,134.51,6,3,346.6,No
CUST-002762,21,16,Month-to-month,Fiber optic,Yes,No,No,Yes,Electronic check,70.13,1105.47,2,2,503.2,Yes
CUST-002763,37,27,One year,Fiber optic,No,Yes,No,Yes,Electronic check,70.49,1917.51,0,4,341.6,No
CUST-002764,58,1,Month-to-month,Fiber optic,No,Yes,No,Yes,Credit card,79.92,76.91,2,3,245.6,Yes
CUST-002765,37,9,Month-to-month,DSL,Yes,Yes,No,Yes,Electronic check,58.11,540.65,2,5,162.8,No
CUST-002766,35,21,One year,Fiber optic,No,No,Yes,Yes,Mailed check,82.35,1725.49,2,3,304.9,No
CUST-002767,18,35,Month-to-month,No internet service,No,Yes,Yes,Yes,Mailed check,34.4,1190.56,1,4,2.0,No
CUST-002768,71,58,Month-to-month,DSL,Yes,Yes,Yes,Yes,Electronic check,70.9,4109.75,1,2,167.0,No
CUST-002769,57,10,Month-to-month,DSL,No,No,No,Yes,Bank transfer,40.71,381.27,0,3,71.5,No
CUST-002770,57,35,Two year,Fiber optic,No,Yes,No,Yes,Electronic check,71.33,2480.03,1,2,172.1,No
CUST-002771,60,72,Month-to-month,Fiber optic,No,No,Yes,No,Mailed check,78.2,5648.65,1,5,398.1,No
CUST-002772,54,37,Month-to-month,DSL,No,No,No,Yes,Electronic check,48.78,1799.68,0,5,145.7,No
CUST-002773,41,28,Two year,Fiber optic,Yes,No,No,Yes,Mailed check,70.1,1962.2,0,4,445.7,No
CUST-002774,43,2,Two year,DSL,No,No,Yes,No,Bank transfer,56.16,114.81,1,4,131.1,No
CUST-002775,39,31,Month-to-month,DSL,No,Yes,No,Yes,Credit card,56.94,1733.77,2,3,222.3,Yes
CUST-002776,85,0,Month-to-month,Fiber optic,Yes,No,No,Yes,Electronic check,66.96,35.79,1,4,469.9,Yes
CUST-002777,53,0,Month-to-month,DSL,Yes,Yes,Yes,No,Electronic check,58.62,66.25,0,3,202.8,No
CUST-002778,38,31,Two year,Fiber optic,No,No,Yes,Yes,Electronic check,73.73,2277.42,2,4,281.5,Yes
CUST-002779,52,1,Month-to-month,Fiber optic,No,Yes,No,No,Electronic check,74.05,69.65,0,4,264.2,Yes
CUST-002780,30,7,Month-to-month,DSL,No,No,No,Yes,Mailed check,45.41,330.18,1,3,166.9,No
CUST-002781,68,42,Month-to-month,Fiber optic,Yes,Yes,Yes,No,Credit card,86.22,3602.55,2,2,409.5,Yes
CUST-002782,35,1,One year,Fiber optic,No,No,No,No,Mailed check,65.36,54.02,3,3,490.4,Yes
CUST-002783,53,3,Month-to-month,DSL,No,Yes,Yes,No,Electronic check,61.17,176.46,0,5,193.0,No
CUST-002784,61,17,One year,DSL,Yes,Yes,Yes,Yes,Credit card,63.17,1080.62,1,3,150.4,No
CUST-002785,51,72,Month-to-month,No internet service,Yes,No,No,Yes,Bank transfer,26.3,1886.41,1,3,6.5,No
CUST-002786,46,25,One year,No internet service,No,No,No,Yes,Mailed check,23.72,580.34,0,4,3.7,No
CUST-002787,45,65,Two year,DSL,No,No,No,Yes,Bank transfer,43.61,2868.52,0,2,170.5,No
CUST-002788,44,63,Month-to-month,DSL,Yes,Yes,Yes,No,Bank transfer,63.44,3997.52,3,3,159.7,No
CUST-002789,36,72,Month-to-month,Fiber optic,No,Yes,Yes,Yes,Credit card,91.63,6610.45,1,4,322.6,No
CUST-002790,38,44,Month-to-month,Fiber optic,Yes,No,Yes,Yes,Electronic check,80.03,3485.13,1,4,208.7,No
CUST-002791,67,26,One year,No internet service,No,Yes,No,No,Bank transfer,27.86,698.6,0,4,0.1,No
CUST-002792,43,3,Month-to-month,Fiber optic,Yes,No,Yes,Yes,Bank transfer,89.18,279.25,3,5,348.2,No
CUST-002793,33,27,One year,Fiber optic,No,Yes,Yes,No,Credit card,85.11,2293.15,0,3,472.5,No
CUST-002794,37,18,Month-to-month,DSL,No,No,No,Yes,Bank transfer,43.84,781.39,0,2,132.2,No
CUST-002795,62,20,One year,DSL,No,No,No,No,Electronic check,35.92,699.39,0,3,117.2,No
CUST-002796,55,19,One year,DSL,No,Yes,No,Yes,Credit card,56.86,1099.83,2,3,210.0,No
CUST-002797,53,37,Month-to-month,Fiber optic,Yes,No,Yes,No,Mailed check,79.17,2942.38,1,4,465.2,Yes
CUST-002798,41,46,Month-to-month,No internet service,Yes,No,Yes,Yes,Mailed check,44.86,2062.26,1,3,9.1,No
CUST-002799,54,0,One year,Fiber optic,Yes,No,No,No,Electronic check,78.55,83.47,0,4,385.2,No
CUST-002800,35,10,Month-to-month,No internet service,No,No,No,Yes,Credit card,18.0,173.9,2,4,6.6,Yes
CUST-002801,41,21,One year,DSL,No,No,No,Yes,Mailed check,38.82,801.54,0,4,143.3,No
CUST-002802,60,36,Two year,No internet service,Yes,No,No,No,Credit card,26.03,926.7,2,3,5.8,No
CUST-002803,58,21,Month-to-month,No internet service,No,No,No,No,Mailed check,24.6,531.89,0,4,6.7,No
CUST-002804,30,72,Month-to-month,Fiber optic,No,No,No,Yes,Electronic check,62.01,4456.83,1,5,404.5,No
CUST-002805,32,29,Month-to-month,No internet service,No,No,Yes,No,Credit card,32.47,942.78,1,2,5.5,No
CUST-002806,47,6,Month-to-month,Fiber optic,No,No,Yes,Yes,Electronic check,74.49,438.35,1,4,333.3,No
CUST-002807,71,35,Two year,Fiber optic,No,No,Yes,No,Electronic check,80.93,2851.34,0,3,438.2,No
CUST-002808,18,23,Two year,Fiber optic,No,Yes,No,No,Credit card,67.83,1547.09,1,4,288.4,No
CUST-002809,49,12,Month-to-month,DSL,No,Yes,Yes,No,Credit card,59.4,743.34,1,4,63.1,No
CUST-002810,24,3,Two year,Fiber optic,No,Yes,Yes,Yes,Credit card,77.84,222.05,2,3,406.3,Yes
CUST-002811,35,2,Month-to-month,DSL,Yes,No,No,Yes,Electronic check,47.68,83.91,0,3,162.4,Yes
CUST-002812,40,4,Two year,No internet service,No,No,No,Yes,Bank transfer,25.32,141.35,1,4,5.7,No
CUST-002813,39,11,Two year,No internet service,No,Yes,Yes,Yes,Bank transfer,36.21,376.98,1,3,3.6,No
CUST-002814,37,25,Month-to-month,Fiber optic,Yes,No,No,No,Mailed check,68.25,1705.5,1,3,390.9,Yes
CUST-002815,45,42,One year,DSL,No,Yes,Yes,No,Mailed check,54.64,2315.11,1,4,102.4,No
CUST-002816,37,4,One year,Fiber optic,No,Yes,No,No,Mailed check,69.65,247.73,1,4,336.4,No
CUST-002817,23,1,Month-to-month,Fiber optic,No,Yes,No,Yes,Electronic check,66.9,72.06,0,4,387.3,Yes
CUST-002818,57,7,Month-to-month,No internet service,Yes,No,No,No,Bank transfer,22.95,129.87,0,4,9.1,No
CUST-002819,56,33,One year,No internet service,No,Yes,No,Yes,Electronic check,22.13,731.02,1,4,0.0,No
CUST-002820,58,3,Month-to-month,Fiber optic,No,Yes,No,Yes,Credit card,71.61,255.55,0,3,172.5,No
CUST-002821,22,31,Month-to-month,Fiber optic,Yes,No,No,Yes,Credit card,67.2,2036.18,3,4,246.3,Yes
CUST-002822,49,30,Month-to-month,Fiber optic,Yes,No,No,Yes,Mailed check,71.47,2142.59,3,2,355.4,Yes
CUST-002823,55,36,One year,DSL,Yes,No,No,Yes,Credit card,57.43,2058.38,0,3,131.4,No
CUST-002824,30,8,Month-to-month,Fiber optic,No,Yes,No,No,Credit card,68.23,525.69,1,4,173.1,Yes
CUST-002825,45,11,Month-to-month,Fiber optic,Yes,No,No,Yes,Credit card,67.68,713.88,2,5,155.2,No
CUST-002826,43,21,Month-to-month,Fiber optic,Yes,Yes,No,Yes,Credit card,84.28,1791.86,1,4,293.8,No
CUST-002827,73,72,Month-to-month,Fiber optic,Yes,Yes,Yes,Yes,Mailed check,90.56,6524.28,0,3,160.6,No
CUST-002828,74,9,One year,No internet service,No,No,No,Yes,Credit card,19.13,134.99,3,3,10.1,Yes
CUST-002829,20,21,Month-to-month,DSL,No,No,Yes,Yes,Electronic check,59.61,1232.98,1,2,90.9,Yes
CUST-002830,82,60,One year,DSL,No,No,Yes,No,Credit card,56.57,3383.22,2,4,136.6,No
CUST-002831,31,15,Month-to-month,Fiber optic,No,No,No,Yes,Bank transfer,65.35,948.82,0,4,216.5,No
CUST-002832,60,14,One year,No internet service,Yes,Yes,No,Yes,Bank transfer,26.15,367.85,0,3,3.6,No
CUST-002833,60,9,Month-to-month,Fiber optic,No,Yes,Yes,Yes,Electronic check,78.8,714.3,2,3,441.6,No
CUST-002834,30,20,Two year,No internet service,Yes,No,No,Yes,Electronic check,37.31,751.02,1,4,0.0,No
CUST-002835,52,6,Month-to-month,Fiber optic,Yes,Yes,Yes,Yes,Electronic check,85.8,555.21,1,4,352.8,Yes
CUST-002836,43,14,Two year,No internet service,Yes,No,No,Yes,Electronic check,28.34,377.94,1,3,6.3,No
CUST-002837,53,10,Month-to-month,Fiber optic,Yes,No,Yes,No,Mailed check,93.71,927.64,2,4,508.3,Yes
CUST-002838,48,34,Month-to-month,No internet service,Yes,No,No,No,Electronic check,31.43,1058.08,1,4,9.3,No
CUST-002839,63,16,One year,Fiber optic,No,Yes,No,Yes,Credit card,72.45,1176.29,1,3,327.7,No
CUST-002840,46,7,Month-to-month,No internet service,No,Yes,No,Yes,Credit card,21.99,168.83,1,3,4.3,No
CUST-002841,42,21,Month-to-month,DSL,Yes,Yes,Yes,Yes,Bank transfer,67.88,1402.87,0,1,62.1,Yes
CUST-002842,61,14,Two year,Fiber optic,No,Yes,No,No,Credit card,69.45,1001.2,0,4,254.3,No
CUST-002843,54,9,One year,DSL,No,Yes,No,Yes,Bank transfer,52.69,456.05,0,5,97.2,No
CUST-002844,56,2,One year,Fiber optic,No,No,Yes,Yes,Credit card,83.36,183.8,0,5,437.3,No
CUST-002845,35,23,Two year,DSL,Yes,No,Yes,No,Bank transfer,65.59,1524.44,3,3,182.8,No
CUST-002846,29,48,Month-to-month,Fiber optic,No,Yes,No,Yes,Bank transfer,68.15,3279.16,0,4,315.9,No
CUST-002847,36,4,Month-to-month,DSL,No,Yes,Yes,No,Electronic check,62.52,243.49,1,4,183.1,No
CUST-002848,36,10,Two year,No internet service,No,No,Yes,Yes,Credit card,34.6,339.78,1,4,7.1,No
CUST-002849,57,20,Month-to-month,DSL,Yes,Yes,No,Yes,Credit card,60.68,1223.23,1,3,140.4,No
CUST-002850,60,3,Month-to-month,DSL,No,Yes,No,Yes,Electronic check,49.76,159.81,3,1,165.6,No
CUST-002851,43,2,Month-to-month,No internet service,Yes,No,No,No,Electronic check,22.4,58.99,1,3,11.2,No
CUST-002852,66,1,Month-to-month,DSL,No,Yes,No,Yes,Credit card,56.39,70.59,2,3,214.6,Yes
CUST-002853,66,0,Month-to-month,Fiber optic,No,Yes,No,Yes,Credit card,69.69,76.54,2,3,204.4,Yes
CUST-002854,49,2,Month-to-month,DSL,Yes,Yes,Yes,Yes,Bank transfer,72.23,172.73,3,3,147.5,No
CUST-002855,33,7,One year,Fiber optic,Yes,No,Yes,Yes,Electronic check,81.62,559.34,0,4,351.2,No
CUST-002856,69,29,One year,DSL,No,No,Yes,No,Mailed check,53.49,1552.06,0,5,123.0,No
CUST-002857,44,30,Two year,Fiber optic,No,No,No,Yes,Electronic check,67.49,2013.54,2,4,215.3,No
CUST-002858,47,15,Month-to-month,No internet service,No,No,No,No,Credit card,18.0,318.87,3,3,0.0,Yes
CUST-002859,40,35,Month-to-month,DSL,No,No,No,No,Electronic check,39.18,1386.59,0,5,204.5,No
CUST-002860,32,15,One year,DSL,Yes,Yes,No,Yes,Electronic check,66.54,1018.37,0,4,182.7,No
CUST-002861,23,2,Month-to-month,Fiber optic,No,No,Yes,No,Bank transfer,81.13,171.19,0,4,296.1,No
CUST-002862,54,11,Month-to-month,Fiber optic,No,No,No,Yes,Bank transfer,67.08,736.75,3,3,451.5,No
CUST-002863,33,16,One year,No internet service,Yes,No,Yes,No,Credit card,34.64,607.66,0,3,7.3,No
CUST-002864,85,13,One year,DSL,Yes,No,Yes,Yes,Mailed check,66.1,883.61,0,4,136.0,No
CUST-002865,29,21,Month-to-month,No internet service,No,Yes,Yes,Yes,Electronic check,37.63,783.82,0,5,2.7,No
CUST-002866,26,7,One year,DSL,Yes,Yes,Yes,No,Electronic check,68.79,476.09,0,5,242.8,No
CUST-002867,53,28,One year,Fiber optic,Yes,No,Yes,No,Bank transfer,84.55,2371.84,1,4,294.9,No
CUST-002868,68,26,Two year,DSL,No,Yes,No,Yes,Electronic check,43.85,1129.28,0,4,86.0,No
CUST-002869,46,5,Month-to-month,DSL,No,No,No,Yes,Bank transfer,34.65,166.3,2,4,205.6,No
CUST-002870,54,45,One year,Fiber optic,No,No,No,No,Mailed check,66.48,2961.21,0,4,415.3,No
CUST-002871,18,10,One year,DSL,Yes,Yes,Yes,No,Mailed check,71.81,670.19,1,5,176.2,No
CUST-002872,35,38,Month-to-month,Fiber optic,No,No,No,No,Electronic check,66.26,2557.42,0,2,401.6,No
CUST-002873,29,16,One year,Fiber optic,No,No,No,Yes,Credit card,68.85,1091.47,1,3,355.2,No
CUST-002874,18,2,One year,Fiber optic,No,No,No,Yes,Bank transfer,67.56,129.04,1,4,379.2,No
CUST-002875,47,4,Month-to-month,DSL,No,No,No,No,Mailed check,52.42,211.06,1,5,199.0,No
CUST-002876,18,62,Month-to-month,DSL,Yes,No,No,Yes,Mailed check,58.9,3665.72,0,5,177.0,No
CUST-002877,25,13,Month-to-month,Fiber optic,No,Yes,No,No,Mailed check,71.29,942.29,3,2,320.4,Yes
CUST-002878,37,30,One year,No internet service,No,No,No,Yes,Mailed check,20.79,644.28,1,3,0.0,No
CUST-002879,33,16,Month-to-month,DSL,No,No,Yes,No,Credit card,58.12,941.42,0,3,163.0,Yes
CUST-002880,51,9,Month-to-month,Fiber optic,No,No,Yes,Yes,Mailed check,69.33,618.61,1,2,367.3,No
CUST-002881,50,50,Month-to-month,Fiber optic,Yes,No,No,Yes,Electronic check,77.6,3905.29,0,5,521.0,No
CUST-002882,58,10,One year,Fiber optic,No,No,No,Yes,Credit card,67.93,675.73,0,4,205.2,No
CUST-002883,56,23,One year,Fiber optic,No,Yes,No,No,Bank transfer,62.71,1462.96,0,5,405.2,No
CUST-002884,62,3,Month-to-month,No internet service,No,No,No,No,Electronic check,27.75,52.45,1,3,5.5,No
CUST-002885,45,6,Month-to-month,No internet service,Yes,No,Yes,No,Electronic check,37.86,253.19,0,4,8.1,No
CUST-002886,50,72,Month-to-month,Fiber optic,Yes,No,No,No,Mailed check,72.38,5193.53,1,2,256.8,No
CUST-002887,53,40,Month-to-month,DSL,Yes,No,No,Yes,Bank transfer,52.28,2062.2,0,2,166.7,No
CUST-002888,47,72,One year,Fiber optic,Yes,No,Yes,No,Credit card,84.14,6032.1,0,2,346.0,Yes
CUST-002889,39,61,Month-to-month,Fiber optic,Yes,No,No,Yes,Electronic check,84.97,5187.23,0,2,308.7,No
CUST-002890,40,28,One year,Fiber optic,Yes,Yes,No,Yes,Mailed check,77.69,2221.04,0,4,178.4,No
CUST-002891,33,35,One year,Fiber optic,Yes,Yes,No,Yes,Electronic check,77.38,2704.38,1,3,369.5,No
CUST-002892,51,51,Two year,Fiber optic,Yes,No,No,No,Mailed check,73.1,3725.85,0,5,417.2,No
CUST-002893,44,8,Month-to-month,Fiber optic,No,No,Yes,No,Credit card,72.76,597.45,1,3,347.2,No
CUST-002894,35,5,Month-to-month,Fiber optic,No,Yes,Yes,Yes,Electronic check,84.46,410.78,0,5,217.2,No
CUST-002895,35,1,Month-to-month,DSL,Yes,Yes,Yes,No,Credit card,66.89,63.9,1,4,235.7,No
CUST-002896,27,20,Two year,DSL,No,No,Yes,No,Electronic check,59.5,1183.03,1,3,155.5,No
CUST-002897,60,5,One year,Fiber optic,No,Yes,No,No,Credit card,65.79,368.3,1,4,305.6,No
CUST-002898,46,16,One year,DSL,Yes,No,No,Yes,Bank transfer,50.06,802.47,1,4,97.0,No
CUST-002899,32,11,One year,Fiber optic,No,No,Yes,Yes,Bank transfer,71.98,806.75,0,5,300.0,Yes
CUST-002900,57,23,Month-to-month,No internet service,Yes,Yes,No,Yes,Credit card,31.34,706.58,1,3,5.6,No
CUST-002901,37,2,One year,Fiber optic,No,No,No,No,Bank transfer,56.07,89.36,0,4,338.5,No
CUST-002902,24,24,Two year,DSL,Yes,No,Yes,Yes,Credit card,52.77,1279.76,3,2,134.2,No
CUST-002903,60,1,Month-to-month,Fiber optic,No,Yes,No,Yes,Bank transfer,69.39,74.45,1,3,278.9,Yes
CUST-002904,37,9,Two year,Fiber optic,Yes,No,Yes,Yes,Bank transfer,77.32,716.48,0,3,321.7,No
CUST-002905,39,27,Two year,DSL,Yes,No,No,Yes,Electronic check,61.67,1647.35,1,4,135.6,No
CUST-002906,46,5,Two year,DSL,No,No,No,No,Bank transfer,43.21,214.2,2,3,222.0,No
CUST-002907,62,42,Two year,No internet service,Yes,No,Yes,Yes,Credit card,43.54,1802.91,0,4,9.5,No
CUST-002908,45,65,Month-to-month,DSL,No,No,No,Yes,Bank transfer,46.55,3015.86,1,3,159.1,No
CUST-002909,27,8,One year,Fiber optic,Yes,Yes,No,Yes,Credit card,73.69,560.61,0,3,462.7,No
CUST-002910,53,24,Month-to-month,No internet service,No,No,No,Yes,Credit card,18.0,426.31,0,4,2.2,No
CUST-002911,38,1,One year,Fiber optic,No,No,No,Yes,Electronic check,68.7,94.86,1,4,380.4,No
CUST-002912,73,53,Month-to-month,DSL,No,No,No,Yes,Bank transfer,48.38,2546.98,3,3,148.2,No
CUST-002913,45,5,Two year,No internet service,No,Yes,No,Yes,Credit card,30.33,134.24,0,4,3.5,No
CUST-002914,18,64,Month-to-month,Fiber optic,No,Yes,No,Yes,Electronic check,67.72,4330.74,0,5,430.6,No
CUST-002915,50,15,Month-to-month,DSL,Yes,No,Yes,No,Electronic check,67.92,1015.12,2,4,195.1,No
CUST-002916,74,5,Month-to-month,Fiber optic,No,No,Yes,Yes,Electronic check,73.98,385.3,1,2,395.3,Yes
CUST-002917,69,6,One year,Fiber optic,No,No,No,Yes,Credit card,70.05,394.32,2,2,205.6,No
CUST-002918,72,59,Month-to-month,No internet service,Yes,Yes,No,No,Credit card,38.9,2245.02,1,3,0.0,No
CUST-002919,30,15,Month-to-month,Fiber optic,No,Yes,No,Yes,Credit card,64.13,963.22,0,2,259.9,No
CUST-002920,59,40,Month-to-month,Fiber optic,No,No,No,No,Mailed check,66.38,2689.01,3,1,385.2,Yes
CUST-002921,34,21,Month-to-month,DSL,No,No,No,No,Bank transfer,39.52,826.04,2,3,167.2,Yes
CUST-002922,48,33,Two year,Fiber optic,Yes,No,Yes,No,Electronic check,89.14,2949.54,1,4,297.3,Yes
CUST-002923,26,6,Month-to-month,Fiber optic,No,Yes,No,Yes,Credit card,65.36,390.57,0,5,297.6,No
CUST-002924,35,15,Month-to-month,Fiber optic,Yes,Yes,No,Yes,Credit card,80.61,1224.06,1,3,519.9,No
CUST-002925,35,18,Month-to-month,DSL,No,Yes,No,No,Bank transfer,54.69,978.53,0,4,140.6,No
CUST-002926,58,13,Month-to-month,Fiber optic,No,No,No,No,Electronic check,65.34,847.95,1,4,361.3,Yes
CUST-002927,57,14,Month-to-month,No internet service,Yes,Yes,Yes,No,Credit card,50.31,737.1,0,3,12.9,No
CUST-002928,49,57,Month-to-month,Fiber optic,Yes,Yes,No,Yes,Credit card,80.47,4609.67,1,3,440.0,No
CUST-002929,25,51,Month-to-month,No internet service,No,No,Yes,Yes,Credit card,39.83,2017.5,0,5,5.4,No
CUST-002930,40,20,Month-to-month,Fiber optic,Yes,No,No,No,Mailed check,67.49,1336.49,1,2,336.5,Yes
CUST-002931,34,2,Month-to-month,Fiber optic,Yes,No,No,Yes,Mailed check,71.08,130.24,0,4,340.3,No
CUST-002932,58,5,One year,No internet service,Yes,No,Yes,No,Mailed check,30.4,129.52,0,3,6.2,No
CUST-002933,63,21,Month-to-month,No internet service,No,Yes,Yes,No,Mailed check,36.52,755.87,1,4,1.6,Yes
CUST-002934,61,2,One year,Fiber optic,Yes,Yes,Yes,Yes,Credit card,85.07,167.71,0,4,320.8,Yes
CUST-002935,34,6,One year,Fiber optic,No,No,No,Yes,Electronic check,58.07,332.95,0,3,460.0,No
CUST-002936,18,14,Two year,No internet service,Yes,No,Yes,Yes,Bank transfer,32.22,461.31,0,2,4.0,No
CUST-002937,18,14,Month-to-month,Fiber optic,Yes,No,No,Yes,Credit card,70.63,955.35,0,3,415.1,Yes
CUST-002938,66,14,One year,Fiber optic,Yes,No,No,Yes,Electronic check,74.27,1016.18,0,5,284.9,No
CUST-002939,39,1,Two year,DSL,Yes,No,Yes,No,Mailed check,67.39,80.57,2,2,6.1,No
CUST-002940,34,4,Two year,No internet service,No,No,No,Yes,Credit card,25.01,138.06,2,5,0.7,No
CUST-002941,70,42,Two year,DSL,Yes,Yes,No,Yes,Mailed check,63.72,2681.3,2,3,86.6,No
CUST-002942,64,11,Month-to-month,DSL,No,Yes,No,Yes,Mailed check,45.36,482.28,0,4,93.7,No
CUST-002943,45,72,Two year,No internet service,No,No,Yes,Yes,Credit card,28.29,2014.62,0,2,5.9,No
CUST-002944,41,3,Two year,Fiber optic,Yes,Yes,No,Yes,Electronic check,79.96,232.38,1,3,327.5,No
CUST-002945,43,26,Month-to-month,No internet service,Yes,No,No,No,Bank transfer,29.04,780.37,2,3,6.2,No
CUST-002946,48,9,Month-to-month,Fiber optic,No,No,No,Yes,Credit card,71.9,657.38,1,4,264.0,No
CUST-002947,69,10,Two year,DSL,Yes,Yes,Yes,No,Electronic check,69.56,670.86,1,2,0.0,No
CUST-002948,51,51,Month-to-month,DSL,No,No,No,Yes,Electronic check,48.84,2498.09,0,3,93.0,No
CUST-002949,56,72,One year,Fiber optic,No,No,No,No,Electronic check,64.29,4657.57,0,5,317.4,No
CUST-002950,63,50,Month-to-month,DSL,Yes,Yes,No,Yes,Bank transfer,60.79,3063.12,2,4,63.4,No
CUST-002951,27,66,One year,No internet service,No,No,No,Yes,Mailed check,21.94,1474.65,0,4,1.0,No
CUST-002952,56,26,Month-to-month,DSL,No,No,Yes,Yes,Mailed check,56.89,1495.15,1,4,84.4,Yes
CUST-002953,41,53,One year,Fiber optic,Yes,No,No,No,Bank transfer,68.12,3584.72,0,5,170.1,No
CUST-002954,18,2,Month-to-month,Fiber optic,No,Yes,Yes,Yes,Mailed check,84.38,152.61,1,3,354.5,Yes
CUST-002955,18,17,Two year,DSL,No,No,No,Yes,Bank transfer,48.22,854.53,3,4,203.3,No
CUST-002956,30,16,Month-to-month,DSL,No,No,No,Yes,Credit card,45.54,721.84,3,1,97.5,Yes
CUST-002957,53,7,Month-to-month,Fiber optic,No,Yes,No,No,Mailed check,57.19,362.4,1,3,356.4,No
CUST-002958,47,7,Month-to-month,Fiber optic,Yes,Yes,No,Yes,Credit card,78.12,558.97,3,3,279.6,Yes
CUST-002959,48,17,Month-to-month,DSL,No,No,No,Yes,Mailed check,48.39,843.87,2,3,214.8,Yes
CUST-002960,74,1,Two year,Fiber optic,No,Yes,Yes,No,Mailed check,78.1,76.49,1,4,371.7,No
CUST-002961,26,21,Month-to-month,Fiber optic,No,No,No,Yes,Electronic check,70.33,1487.93,3,3,419.2,No
CUST-002962,45,2,Month-to-month,Fiber optic,No,Yes,No,Yes,Bank transfer,67.94,119.32,1,3,284.0,Yes
CUST-002963,50,5,Two year,DSL,No,No,No,Yes,Bank transfer,43.4,207.71,0,3,111.0,No
CUST-002964,34,18,Month-to-month,No internet service,No,No,Yes,Yes,Credit card,33.03,558.36,1,3,12.8,No
CUST-002965,45,6,Month-to-month,DSL,Yes,Yes,Yes,No,Bank transfer,66.39,376.87,0,1,178.7,Yes
CUST-002966,21,72,One year,Fiber optic,No,No,No,No,Credit card,69.56,5037.05,1,3,262.7,No
CUST-002967,66,18,Month-to-month,No internet service,No,Yes,Yes,No,Electronic check,44.32,731.46,1,2,1.4,Yes
CUST-002968,35,21,Two year,Fiber optic,Yes,No,Yes,No,Bank transfer,79.5,1661.75,0,5,319.1,No
CUST-002969,75,1,One year,No internet service,Yes,No,Yes,Yes,Mailed check,39.07,28.39,0,4,1.2,No
CUST-002970,45,60,Month-to-month,Fiber optic,Yes,No,No,No,Electronic check,82.47,4960.09,1,4,490.1,No
CUST-002971,60,14,One year,No internet service,No,No,No,Yes,Mailed check,25.5,314.33,1,2,6.7,No
CUST-002972,44,5,Two year,No internet service,Yes,No,Yes,No,Electronic check,31.93,144.38,0,4,5.4,No
CUST-002973,45,8,Month-to-month,No internet service,No,No,No,Yes,Electronic check,25.84,194.95,0,3,7.3,No
CUST-002974,36,40,One year,Fiber optic,No,Yes,Yes,No,Mailed check,65.89,2643.7,0,4,293.1,No
CUST-002975,47,72,Month-to-month,No internet service,No,No,Yes,No,Credit card,35.07,2524.85,2,3,1.6,No
CUST-002976,50,17,Month-to-month,DSL,Yes,Yes,No,No,Credit card,54.72,897.12,2,2,182.0,No
CUST-002977,33,5,One year,Fiber optic,No,No,No,No,Credit card,67.3,329.72,0,2,415.3,Yes
CUST-002978,43,3,Month-to-month,DSL,No,No,Yes,No,Electronic check,58.23,159.14,0,4,156.1,No
CUST-002979,36,0,Month-to-month,DSL,No,No,No,Yes,Electronic check,45.67,54.94,0,4,129.6,No
CUST-002980,79,11,Month-to-month,No internet service,Yes,No,Yes,Yes,Electronic check,42.93,467.31,2,2,9.0,Yes
CUST-002981,44,65,One year,No internet service,No,No,Yes,Yes,Bank transfer,29.52,1953.77,0,5,4.8,No
CUST-002982,68,28,One year,Fiber optic,No,Yes,No,Yes,Credit card,68.01,1891.0,0,3,440.9,No
CUST-002983,42,6,Month-to-month,DSL,No,No,Yes,Yes,Mailed check,61.65,358.54,0,2,207.9,Yes
CUST-002984,49,20,Month-to-month,Fiber optic,No,No,No,Yes,Bank transfer,65.03,1289.96,0,3,234.2,Yes
CUST-002985,25,12,Two year,Fiber optic,No,No,No,No,Electronic check,62.15,741.94,0,2,368.1,No
CUST-002986,38,15,Month-to-month,No internet service,No,Yes,Yes,No,Bank transfer,37.11,573.49,1,3,0.3,Yes
CUST-002987,48,24,Month-to-month,DSL,Yes,Yes,No,Yes,Credit card,57.68,1375.48,3,3,131.9,No
CUST-002988,69,4,Month-to-month,No internet service,No,No,No,No,Bank transfer,18.27,65.17,0,4,10.8,No
CUST-002989,48,32,One year,DSL,No,No,No,No,Bank transfer,47.22,1518.18,3,4,195.2,Yes
CUST-002990,66,72,Month-to-month,Fiber optic,No,No,No,No,Mailed check,60.65,4347.87,0,4,301.3,No
CUST-002991,55,1,Two year,DSL,No,No,No,Yes,Mailed check,52.6,65.21,0,4,115.4,No
CUST-002992,69,26,One year,Fiber optic,No,No,Yes,No,Mailed check,78.12,2023.56,1,1,391.0,No
CUST-002993,44,22,Month-to-month,No internet service,No,No,No,Yes,Credit card,18.0,377.94,2,2,8.4,Yes
CUST-002994,81,2,One year,No internet service,No,No,No,No,Bank transfer,21.38,5.98,2,4,5.3,No
CUST-002995,38,19,Month-to-month,No internet service,No,No,Yes,No,Electronic check,27.35,497.61,1,3,2.4,Yes
CUST-002996,34,8,Month-to-month,No internet service,No,Yes,Yes,Yes,Mailed check,37.86,298.75,1,3,1.3,No
CUST-002997,27,39,One year,DSL,No,No,No,Yes,Electronic check,44.24,1723.51,1,4,102.3,No
CUST-002998,80,33,Month-to-month,DSL,No,No,No,Yes,Electronic check,48.39,1591.19,0,5,117.1,No
CUST-002999,57,72,Two year,No internet service,No,No,Yes,Yes,Electronic check,35.33,2514.16,3,4,4.0,No
CUST-003000,40,19,One year,Fiber optic,Yes,No,No,Yes,Credit card,74.11,1403.85,1,3,316.2,No
CUST-003001,64,1,Month-to-month,No internet service,No,No,Yes,No,Electronic check,41.55,10.49,0,2,7.7,No
CUST-003002,55,1,Two year,Fiber optic,No,Yes,No,Yes,Credit card,67.38,41.98,0,2,314.8,No
CUST-003003,74,2,Month-to-month,No internet service,No,Yes,No,Yes,Electronic check,32.83,87.36,0,5,8.8,No
CUST-003004,22,10,Month-to-month,DSL,No,No,Yes,No,Mailed check,63.97,637.0,1,4,76.8,No
CUST-003005,41,43,Month-to-month,No internet service,No,No,No,No,Credit card,21.69,941.11,1,3,2.0,Yes
CUST-003006,38,12,Two year,DSL,No,Yes,Yes,Yes,Electronic check,65.29,811.48,2,2,131.3,No
CUST-003007,18,1,Month-to-month,DSL,No,No,No,No,Credit card,49.75,47.96,0,4,211.0,No
CUST-003008,61,44,Month-to-month,No internet service,No,No,No,No,Bank transfer,18.42,829.05,1,4,5.4,No
CUST-003009,41,47,Month-to-month,Fiber optic,No,No,No,Yes,Electronic check,62.47,2943.19,0,3,281.4,No
CUST-003010,56,2,Month-to-month,Fiber optic,No,Yes,No,Yes,Credit card,68.73,122.43,0,3,306.5,Yes
CUST-003011,80,17,Month-to-month,Fiber optic,No,Yes,Yes,No,Electronic check,84.46,1432.28,1,4,351.1,No
CUST-003012,40,10,One year,DSL,Yes,No,Yes,Yes,Electronic check,62.65,610.82,0,3,110.1,Yes
CUST-003013,39,21,Two year,DSL,Yes,Yes,Yes,Yes,Credit card,67.39,1426.76,1,2,127.1,No
CUST-003014,47,60,One year,DSL,No,No,No,Yes,Electronic check,39.82,2408.49,1,4,114.4,No
CUST-003015,60,7,Month-to-month,Fiber optic,No,No,No,No,Bank transfer,60.08,392.56,1,4,321.1,Yes
CUST-003016,36,54,Month-to-month,Fiber optic,No,No,No,No,Electronic check,61.8,3318.95,2,2,166.2,No
CUST-003017,36,19,Month-to-month,No internet service,No,No,Yes,No,Credit card,28.92,541.66,0,3,3.5,No
CUST-003018,61,20,Month-to-month,DSL,No,No,No,Yes,Mailed check,45.54,893.83,0,3,137.5,No
CUST-003019,51,19,One year,Fiber optic,Yes,No,Yes,No,Electronic check,81.12,1535.93,0,4,380.4,No
CUST-003020,18,21,Month-to-month,Fiber optic,Yes,Yes,No,Yes,Credit card,81.46,1717.25,2,2,317.4,No
CUST-003021,27,7,Two year,Fiber optic,No,Yes,Yes,No,Bank transfer,92.84,674.94,0,2,405.8,No
CUST-003022,68,11,Month-to-month,No internet service,Yes,No,Yes,Yes,Credit card,46.25,497.97,0,1,5.5,Yes
CUST-003023,51,45,One year,DSL,No,Yes,No,No,Mailed check,45.69,2044.34,0,4,178.9,No
CUST-003024,34,8,Two year,DSL,No,Yes,No,No,Bank transfer,49.5,402.77,4,2,247.7,No
CUST-003025,42,65,One year,DSL,No,Yes,No,No,Electronic check,44.65,2900.54,2,2,166.1,No
CUST-003026,45,10,Two year,No internet service,No,No,No,Yes,Mailed check,20.98,177.94,1,3,5.6,No
CUST-003027,56,18,Two year,Fiber optic,No,No,Yes,Yes,Mailed check,78.27,1390.92,1,3,403.3,No
CUST-003028,25,30,One year,Fiber optic,No,No,Yes,No,Mailed check,77.87,2328.4,0,4,218.4,No
CUST-003029,32,64,Month-to-month,Fiber optic,No,No,No,Yes,Electronic check,59.75,3838.83,1,4,392.2,No
CUST-003030,49,2,Month-to-month,No internet service,No,Yes,No,Yes,Credit card,22.75,66.97,0,5,2.7,No
CUST-003031,44,42,Two year,DSL,No,No,No,Yes,Electronic check,49.78,2068.8,1,5,189.1,No
CUST-003032,54,23,Month-to-month,DSL,Yes,No,Yes,Yes,Mailed check,66.98,1524.38,2,4,100.0,Yes
CUST-003033,27,14,Two year,No internet service,No,No,Yes,Yes,Bank transfer,27.66,403.74,0,4,6.4,No
CUST-003034,50,15,Month-to-month,Fiber optic,No,No,No,Yes,Electronic check,58.58,868.69,0,4,329.1,No
CUST-003035,61,3,One year,Fiber optic,No,Yes,Yes,Yes,Mailed check,82.64,254.29,0,4,161.7,No
CUST-003036,52,5,Month-to-month,DSL,Yes,No,No,Yes,Electronic check,52.39,257.35,4,1,175.7,Yes
CUST-003037,47,5,Two year,No internet service,No,No,Yes,No,Electronic check,25.57,127.7,0,3,5.6,No
CUST-003038,44,8,Month-to-month,Fiber optic,No,No,No,Yes,Credit card,63.46,498.6,1,2,351.3,No
CUST-003039,32,25,Month-to-month,DSL,No,Yes,No,No,Bank transfer,48.58,1236.03,0,3,142.9,No
CUST-003040,44,26,Two year,No internet service,No,No,Yes,No,Mailed check,29.06,723.73,0,2,7.7,No
CUST-003041,64,33,Month-to-month,DSL,Yes,Yes,No,Yes,Electronic check,56.86,1867.64,0,4,119.9,No
CUST-003042,43,42,Month-to-month,DSL,No,No,No,No,Mailed check,46.37,1967.21,1,4,70.9,No
CUST-003043,32,13,Two year,Fiber optic,No,Yes,No,Yes,Electronic check,71.45,923.77,0,5,311.3,No
CUST-003044,38,72,Two year,Fiber optic,No,Yes,Yes,Yes,Electronic check,89.28,6425.02,3,2,280.0,No
CUST-003045,48,0,Month-to-month,Fiber optic,No,No,Yes,Yes,Mailed check,77.99,96.22,0,3,338.7,No
CUST-003046,39,28,One year,Fiber optic,Yes,No,No,Yes,Bank transfer,77.02,2164.85,0,4,279.6,No
CUST-003047,52,22,Month-to-month,No internet service,No,Yes,Yes,No,Electronic check,31.38,706.28,0,3,4.9,No
CUST-003048,53,3,Month-to-month,DSL,No,No,No,Yes,Electronic check,45.76,160.21,1,3,75.8,No
CUST-003049,58,49,One year,No internet service,No,No,Yes,Yes,Bank transfer,30.14,1446.98,3,4,5.1,No
CUST-003050,66,41,Month-to-month,Fiber optic,Yes,No,No,No,Electronic check,76.62,3131.24,0,4,452.6,No
CUST-003051,60,61,Month-to-month,Fiber optic,No,Yes,No,Yes,Electronic check,72.27,4390.94,1,4,326.1,No
CUST-003052,31,4,Month-to-month,DSL,Yes,No,Yes,Yes,Credit card,72.88,296.92,0,4,125.5,Yes
CUST-003053,31,5,Two year,Fiber optic,Yes,No,Yes,Yes,Electronic check,80.34,421.39,2,3,276.8,No
CUST-003054,44,14,One year,Fiber optic,No,No,No,Yes,Bank transfer,61.44,809.02,0,5,196.0,No
CUST-003055,38,3,Month-to-month,Fiber optic,Yes,Yes,Yes,Yes,Credit card,92.71,245.33,0,4,266.9,No
CUST-003056,28,13,Two year,Fiber optic,Yes,Yes,No,Yes,Electronic check,78.35,975.93,1,3,3.7,No
CUST-003057,38,27,Two year,Fiber optic,No,No,No,Yes,Mailed check,60.28,1609.08,1,4,395.5,No
CUST-003058,38,8,Month-to-month,Fiber optic,No,No,No,Yes,Bank transfer,66.87,534.3,1,3,186.4,No
CUST-003059,35,27,Two year,No internet service,No,Yes,No,Yes,Electronic check,23.52,665.83,1,2,7.1,No
CUST-003060,40,7,Month-to-month,Fiber optic,No,Yes,Yes,Yes,Electronic check,85.25,568.94,0,4,262.3,Yes
CUST-003061,63,8,Month-to-month,DSL,No,Yes,No,Yes,Credit card,42.5,386.18,1,5,178.2,No
CUST-003062,48,69,Month-to-month,DSL,Yes,No,No,Yes,Electronic check,51.53,3564.32,0,4,100.2,No
CUST-003063,82,0,Month-to-month,DSL,No,Yes,No,Yes,Credit card,51.78,61.26,1,4,170.0,No
CUST-003064,48,31,One year,DSL,No,No,No,No,Bank transfer,45.85,1433.87,1,3,152.0,No
CUST-003065,41,17,One year,Fiber optic,Yes,Yes,Yes,Yes,Bank transfer,94.5,1576.42,1,2,274.9,Yes
CUST-003066,45,15,Two year,Fiber optic,No,No,Yes,Yes,Mailed check,75.78,1123.05,0,3,208.0,No
CUST-003067,49,6,Month-to-month,DSL,Yes,No,Yes,Yes,Bank transfer,67.24,381.15,1,3,148.6,Yes
CUST-003068,52,22,Month-to-month,No internet service,Yes,Yes,Yes,Yes,Bank transfer,45.65,1015.32,1,3,7.7,No
CUST-003069,76,9,Month-to-month,Fiber optic,Yes,No,No,No,Mailed check,76.67,669.99,0,4,293.0,No
CUST-003070,32,8,Month-to-month,DSL,No,No,No,No,Credit card,37.31,292.23,2,2,96.7,Yes
CUST-003071,58,8,Two year,No internet service,Yes,No,Yes,Yes,Credit card,26.98,200.53,1,3,4.7,No
CUST-003072,48,7,One year,DSL,Yes,Yes,Yes,Yes,Electronic check,77.27,567.47,0,3,101.3,No
CUST-003073,21,1,One year,DSL,No,No,Yes,Yes,Electronic check,54.16,39.98,1,4,152.8,No
CUST-003074,57,72,One year,DSL,No,Yes,No,No,Credit card,42.48,3034.54,0,4,123.0,No
CUST-003075,64,8,Month-to-month,No internet service,No,No,No,No,Electronic check,19.2,161.21,1,2,5.4,No
CUST-003076,32,17,Month-to-month,DSL,No,No,Yes,No,Credit card,54.41,921.7,2,2,123.5,No
CUST-003077,45,20,Month-to-month,DSL,No,No,No,Yes,Electronic check,46.85,963.06,1,2,151.8,No
CUST-003078,19,2,Two year,No internet service,No,No,No,Yes,Electronic check,22.46,49.05,1,4,11.0,No
CUST-003079,26,72,Month-to-month,Fiber optic,Yes,Yes,No,Yes,Electronic check,76.91,5540.98,0,3,193.6,No
CUST-003080,61,11,Month-to-month,No internet service,Yes,No,No,Yes,Electronic check,32.64,374.6,2,4,6.4,No
CUST-003081,38,4,One year,No internet service,Yes,No,No,No,Bank transfer,21.95,95.0,0,4,2.1,No
CUST-003082,28,5,Month-to-month,DSL,No,No,Yes,Yes,Mailed check,45.25,240.09,1,5,176.9,No
CUST-003083,48,11,Month-to-month,Fiber optic,Yes,Yes,No,No,Credit card,79.74,889.3,3,2,343.2,No
CUST-003084,37,14,Month-to-month,DSL,No,No,No,Yes,Mailed check,43.71,603.38,1,5,154.0,No
CUST-003085,38,10,Month-to-month,Fiber optic,Yes,Yes,Yes,Yes,Bank transfer,81.53,789.28,1,4,266.6,No
CUST-003086,56,3,Month-to-month,DSL,No,No,No,No,Bank transfer,48.05,138.61,0,5,250.5,No
CUST-003087,28,1,Two year,Fiber optic,Yes,Yes,No,Yes,Electronic check,70.51,28.38,1,5,165.4,No
CUST-003088,31,32,One year,No internet service,Yes,No,No,Yes,Credit card,27.44,861.34,0,4,4.3,No
CUST-003089,47,37,Month-to-month,No internet service,No,No,No,Yes,Mailed check,23.83,871.82,2,3,8.9,Yes
CUST-003090,60,3,One year,Fiber optic,No,Yes,Yes,Yes,Bank transfer,84.28,276.81,0,4,230.5,Yes
CUST-003091,64,22,One year,DSL,No,Yes,No,Yes,Mailed check,52.0,1138.98,0,2,137.7,No
CUST-003092,35,30,One year,No internet service,No,Yes,Yes,No,Mailed check,35.63,1101.99,0,4,6.3,No
CUST-003093,59,44,Two year,Fiber optic,No,No,Yes,No,Electronic check,77.84,3432.4,1,3,371.9,No
CUST-003094,33,49,Two year,Fiber optic,No,No,No,No,Electronic check,67.54,3274.88,3,3,356.6,No
CUST-003095,72,14,Month-to-month,Fiber optic,No,Yes,Yes,Yes,Credit card,79.78,1137.89,2,1,259.2,Yes
CUST-003096,28,13,Month-to-month,No internet service,No,No,No,Yes,Credit card,18.0,252.89,2,3,10.7,Yes
CUST-003097,65,30,Month-to-month,DSL,Yes,No,Yes,No,Credit card,68.94,2032.69,0,4,91.4,No
CUST-003098,35,19,Month-to-month,Fiber optic,No,Yes,No,Yes,Bank transfer,80.26,1537.49,1,3,326.7,Yes
CUST-003099,75,5,Two year,Fiber optic,No,No,Yes,Yes,Bank transfer,84.47,449.28,2,3,176.5,No
CUST-003100,54,0,One year,DSL,Yes,No,Yes,Yes,Credit card,51.87,7.05,0,2,94.3,No
CUST-003101,30,51,Month-to-month,Fiber optic,No,No,No,Yes,Bank transfer,71.26,3610.76,1,4,434.9,No
CUST-003102,37,8,Two year,DSL,No,No,No,Yes,Credit card,41.83,351.7,1,3,167.9,No
CUST-003103,57,7,One year,Fiber optic,Yes,No,No,Yes,Mailed check,82.0,568.53,0,5,555.5,No
CUST-003104,61,53,Month-to-month,No internet service,No,No,No,No,Bank transfer,18.0,981.75,1,4,1.9,No
CUST-003105,44,14,Two year,DSL,Yes,No,Yes,Yes,Mailed check,59.36,848.18,2,4,88.1,No
CUST-003106,46,3,Month-to-month,No internet service,No,Yes,Yes,Yes,Electronic check,37.75,128.15,0,3,3.8,No
CUST-003107,56,37,Month-to-month,Fiber optic,No,No,Yes,Yes,Electronic check,74.99,2796.31,0,5,214.5,Yes
CUST-003108,47,2,Month-to-month,DSL,Yes,No,No,No,Credit card,51.24,84.43,1,3,120.8,Yes
CUST-003109,26,72,Two year,No internet service,Yes,Yes,No,Yes,Bank transfer,38.72,2779.98,1,5,5.9,No
CUST-003110,33,17,Month-to-month,DSL,No,No,No,No,Electronic check,51.18,907.32,1,5,112.4,No
CUST-003111,49,32,Month-to-month,Fiber optic,No,No,No,Yes,Credit card,60.28,1920.29,1,3,334.4,No
CUST-003112,63,26,One year,Fiber optic,No,Yes,Yes,Yes,Credit card,91.2,2391.43,2,3,256.3,No
CUST-003113,69,15,Two year,DSL,No,No,No,Yes,Bank transfer,38.85,577.13,2,3,121.3,No
CUST-003114,57,14,Month-to-month,DSL,Yes,Yes,No,Yes,Electronic check,55.98,766.74,3,2,153.0,No
CUST-003115,49,19,Month-to-month,No internet service,No,Yes,No,Yes,Electronic check,38.67,713.33,0,4,14.3,No
CUST-003116,56,7,Two year,No internet service,No,No,No,Yes,Credit card,21.85,162.36,2,3,6.4,No
CUST-003117,35,24,One year,DSL,No,Yes,No,Yes,Electronic check,47.71,1169.47,2,4,110.0,Yes
CUST-003118,43,4,Month-to-month,No internet service,No,No,Yes,Yes,Electronic check,33.32,141.41,3,3,4.3,Yes
CUST-003119,33,5,Month-to-month,DSL,No,Yes,Yes,Yes,Electronic check,66.53,336.09,1,4,169.0,Yes
CUST-003120,26,24,Month-to-month,Fiber optic,No,No,Yes,Yes,Bank transfer,78.69,1863.95,0,3,133.5,No
CUST-003121,50,44,One year,Fiber optic,No,No,Yes,No,Mailed check,83.4,3667.98,0,3,151.6,Yes
CUST-003122,48,39,One year,No internet service,Yes,Yes,Yes,No,Credit card,41.67,1627.1,1,3,8.4,No
CUST-003123,55,3,One year,Fiber optic,Yes,Yes,Yes,Yes,Credit card,87.73,243.95,1,4,261.7,No
CUST-003124,53,9,Month-to-month,No internet service,No,Yes,No,No,Credit card,21.55,201.0,2,3,6.1,No
CUST-003125,49,72,Two year,Fiber optic,No,Yes,Yes,Yes,Electronic check,78.85,5661.79,0,4,323.9,No
CUST-003126,53,31,Month-to-month,Fiber optic,No,No,No,No,Mailed check,65.21,2012.03,0,3,456.9,No
CUST-003127,44,45,Two year,DSL,Yes,No,No,No,Bank transfer,47.68,2159.44,4,3,188.3,No
CUST-003128,51,18,Month-to-month,No internet service,Yes,No,Yes,Yes,Credit card,41.45,776.46,1,2,0.1,Yes
CUST-003129,34,55,Month-to-month,No internet service,No,No,Yes,Yes,Mailed check,35.16,1962.41,0,3,7.9,No
CUST-003130,51,4,Month-to-month,Fiber optic,No,No,Yes,No,Electronic check,70.89,279.12,3,2,354.1,Yes
CUST-003131,55,10,Month-to-month,Fiber optic,Yes,No,Yes,Yes,Bank transfer,81.85,827.88,0,4,281.8,Yes
CUST-003132,35,41,Month-to-month,DSL,Yes,No,Yes,Yes,Bank transfer,62.45,2571.56,1,4,122.5,No
CUST-003133,46,9,One year,No internet service,No,No,No,No,Electronic check,18.9,181.09,0,5,5.1,No
CUST-003134,36,15,Two year,Fiber optic,Yes,No,Yes,Yes,Mailed check,84.18,1263.68,0,5,353.3,No
CUST-003135,37,9,Month-to-month,DSL,No,Yes,No,Yes,Mailed check,55.53,524.14,0,3,114.8,Yes
CUST-003136,28,7,Month-to-month,Fiber optic,No,Yes,No,Yes,Mailed check,75.9,517.5,1,3,326.1,Yes
CUST-003137,64,42,Month-to-month,DSL,Yes,Yes,No,No,Electronic check,54.96,2283.96,1,4,98.7,No
CUST-003138,61,13,Two year,Fiber optic,No,Yes,No,Yes,Bank transfer,74.46,973.53,1,3,349.4,No
CUST-003139,53,19,Month-to-month,No internet service,Yes,No,No,No,Electronic check,34.87,654.78,0,3,7.8,No
CUST-003140,75,25,Month-to-month,Fiber optic,Yes,No,Yes,Yes,Electronic check,91.05,2313.07,0,3,502.0,No
CUST-003141,42,8,Month-to-month,DSL,No,No,No,No,Mailed check,46.02,357.34,2,3,137.2,Yes
CUST-003142,85,8,Month-to-month,DSL,No,No,No,Yes,Electronic check,44.73,377.01,0,5,98.1,No
CUST-003143,42,39,One year,Fiber optic,Yes,Yes,No,Yes,Bank transfer,71.98,2815.18,1,3,313.8,Yes
CUST-003144,49,24,Month-to-month,Fiber optic,Yes,No,No,Yes,Bank transfer,70.93,1672.83,0,3,273.6,No
CUST-003145,39,18,Month-to-month,DSL,Yes,Yes,Yes,Yes,Bank transfer,63.53,1153.91,0,4,173.9,Yes
CUST-003146,51,1,Two year,DSL,No,Yes,No,Yes,Electronic check,56.7,42.17,0,5,72.4,No
CUST-003147,58,21,Month-to-month,DSL,No,Yes,Yes,No,Electronic check,61.68,1341.84,2,3,174.0,Yes
CUST-003148,43,7,One year,DSL,No,Yes,No,Yes,Bank transfer,50.57,336.71,0,2,79.9,No
CUST-003149,72,46,Month-to-month,Fiber optic,Yes,Yes,No,No,Electronic check,75.91,3471.92,1,3,215.6,Yes
CUST-003150,49,5,Two year,No internet service,No,No,Yes,No,Electronic check,24.95,79.62,1,2,7.6,No
CUST-003151,49,40,One year,Fiber optic,No,Yes,No,No,Credit card,74.56,2965.6,2,3,232.1,No
CUST-003152,31,34,Month-to-month,DSL,Yes,Yes,No,No,Electronic check,61.51,2104.38,0,5,123.0,No
CUST-003153,51,41,Two year,No internet service,No,Yes,Yes,Yes,Mailed check,42.67,1727.36,1,3,10.2,No
CUST-003154,43,60,Month-to-month,No internet service,No,No,No,No,Electronic check,18.0,1088.81,0,2,3.0,No
CUST-003155,36,16,Month-to-month,Fiber optic,No,No,No,No,Electronic check,71.59,1149.12,0,4,507.4,No
CUST-003156,33,39,One year,Fiber optic,Yes,Yes,Yes,Yes,Credit card,90.37,3503.44,2,3,320.7,No
CUST-003157,85,47,One year,DSL,Yes,Yes,Yes,No,Credit card,74.89,3515.97,0,5,147.4,No
CUST-003158,41,37,Month-to-month,Fiber optic,No,No,Yes,No,Electronic check,63.82,2341.03,2,3,315.4,No
CUST-003159,23,8,Month-to-month,DSL,No,No,Yes,No,Electronic check,59.05,488.1,2,4,132.5,No
CUST-003160,35,11,Month-to-month,DSL,No,No,No,Yes,Mailed check,44.63,453.01,1,2,195.9,No
CUST-003161,44,58,One year,Fiber optic,No,No,No,Yes,Bank transfer,63.9,3719.46,0,2,320.7,No
CUST-003162,53,21,Two year,Fiber optic,Yes,Yes,Yes,No,Bank transfer,90.51,1884.79,1,3,364.0,No
CUST-003163,53,46,Month-to-month,DSL,No,No,No,No,Electronic check,42.02,1933.77,4,3,110.4,No
CUST-003164,55,5,Two year,No internet service,No,No,Yes,Yes,Credit card,24.94,132.54,0,5,6.4,No
CUST-003165,35,15,Month-to-month,Fiber optic,No,No,No,Yes,Credit card,58.68,881.54,1,4,383.7,No
CUST-003166,50,22,One year,Fiber optic,No,Yes,Yes,Yes,Bank transfer,83.13,1868.62,0,4,240.6,Yes
CUST-003167,32,38,Two year,Fiber optic,No,No,No,No,Credit card,71.56,2709.44,1,3,332.9,Yes
CUST-003168,36,15,One year,DSL,No,No,Yes,Yes,Electronic check,62.53,909.1,1,2,200.2,No
CUST-003169,31,18,Month-to-month,DSL,No,No,No,No,Electronic check,46.15,872.68,1,5,162.7,No
CUST-003170,27,20,Month-to-month,No internet service,Yes,No,No,Yes,Electronic check,25.56,517.15,2,2,6.2,No
CUST-003171,61,13,Month-to-month,No internet service,No,No,No,Yes,Electronic check,30.32,395.76,0,3,6.5,Yes
CUST-003172,55,20,One year,DSL,No,Yes,Yes,Yes,Electronic check,66.4,1371.39,0,4,161.6,No
CUST-003173,60,9,Two year,No internet service,No,Yes,No,Yes,Credit card,28.97,233.16,0,5,1.8,No
CUST-003174,46,22,Month-to-month,Fiber optic,No,Yes,Yes,Yes,Credit card,76.34,1676.44,0,5,541.0,No
CUST-003175,57,27,Month-to-month,DSL,No,No,Yes,No,Bank transfer,58.28,1550.49,0,4,111.9,No
CUST-003176,19,26,Month-to-month,DSL,Yes,No,No,Yes,Bank transfer,46.81,1213.54,1,5,163.7,No
CUST-003177,58,2,One year,DSL,No,No,Yes,Yes,Electronic check,67.41,104.87,1,3,206.2,No
CUST-003178,48,1,One year,DSL,No,No,No,Yes,Electronic check,40.8,41.31,0,4,114.0,No
CUST-003179,54,30,Month-to-month,Fiber optic,No,No,Yes,Yes,Mailed check,73.97,2218.17,2,5,241.1,No
CUST-003180,51,14,One year,No internet service,No,No,No,Yes,Bank transfer,18.0,250.05,2,2,4.9,No
CUST-003181,30,8,Month-to-month,No internet service,No,Yes,No,Yes,Bank transfer,24.15,146.58,0,4,0.0,No
CUST-003182,23,72,One year,No internet service,No,Yes,No,No,Bank transfer,29.35,2127.33,1,4,7.1,No
CUST-003183,34,4,Month-to-month,DSL,Yes,Yes,No,Yes,Credit card,59.02,230.25,0,4,230.8,No
CUST-003184,53,14,Month-to-month,No internet service,Yes,No,No,No,Electronic check,28.21,446.31,1,2,2.8,Yes
CUST-003185,55,6,One year,No internet service,No,Yes,No,Yes,Electronic check,29.6,167.02,1,4,4.9,No
CUST-003186,24,36,One year,DSL,No,Yes,No,Yes,Electronic check,43.41,1548.88,0,4,156.8,No
CUST-003187,30,47,Month-to-month,Fiber optic,No,Yes,No,Yes,Credit card,74.74,3514.87,1,3,254.3,No
CUST-003188,34,10,One year,No internet service,No,No,No,Yes,Mailed check,20.67,180.89,0,4,6.4,No
CUST-003189,40,11,Month-to-month,DSL,Yes,No,Yes,Yes,Mailed check,61.49,699.78,0,5,127.2,No
CUST-003190,25,5,Month-to-month,DSL,No,No,Yes,No,Credit card,57.66,268.52,1,3,126.1,No
CUST-003191,24,17,Two year,No internet service,No,Yes,No,Yes,Mailed check,26.57,434.07,0,4,5.6,No
CUST-003192,33,17,Two year,Fiber optic,Yes,No,No,Yes,Electronic check,59.88,1033.75,0,5,262.3,Yes
CUST-003193,46,9,Month-to-month,DSL,No,Yes,No,No,Electronic check,57.87,525.07,0,5,213.4,No
CUST-003194,27,36,Two year,Fiber optic,Yes,No,No,Yes,Mailed check,79.04,2849.29,0,3,225.3,No
CUST-003195,43,21,One year,DSL,No,No,No,No,Bank transfer,38.47,780.67,2,4,127.7,Yes
CUST-003196,61,22,Month-to-month,Fiber optic,Yes,Yes,No,No,Credit card,75.22,1674.27,0,3,166.5,No
CUST-003197,25,7,Month-to-month,Fiber optic,Yes,No,No,Yes,Electronic check,79.77,537.76,1,4,196.8,No
CUST-003198,42,48,Month-to-month,Fiber optic,No,No,Yes,Yes,Bank transfer,80.32,3820.86,1,3,398.8,Yes
CUST-003199,60,72,One year,Fiber optic,No,No,Yes,No,Electronic check,78.94,5691.07,1,2,266.6,No
CUST-003200,39,17,Two year,Fiber optic,Yes,Yes,No,Yes,Credit card,81.18,1375.76,0,4,536.9,No
CUST-003201,36,23,Month-to-month,DSL,No,No,No,Yes,Electronic check,46.87,1073.23,0,4,120.9,Yes
CUST-003202,62,5,Month-to-month,Fiber optic,Yes,Yes,Yes,Yes,Electronic check,85.68,441.78,0,4,278.5,Yes
CUST-003203,40,35,Month-to-month,Fiber optic,No,Yes,No,Yes,Mailed check,68.18,2379.91,1,3,438.4,No
CUST-003204,62,19,Month-to-month,Fiber optic,No,No,No,No,Credit card,69.99,1294.83,0,1,408.0,Yes
CUST-003205,51,11,Two year,Fiber optic,Yes,No,Yes,No,Electronic check,88.28,964.29,0,4,302.3,No
CUST-003206,40,20,Month-to-month,Fiber optic,No,No,Yes,No,Electronic check,78.42,1574.16,0,5,311.6,Yes
CUST-003207,52,21,One year,No internet service,No,No,No,Yes,Electronic check,18.0,381.56,1,2,0.0,No
CUST-003208,50,2,Month-to-month,DSL,Yes,No,Yes,No,Credit card,69.95,136.32,3,3,92.5,Yes
CUST-003209,60,58,One year,Fiber optic,No,Yes,Yes,No,Mailed check,78.17,4582.08,2,2,289.9,No
CUST-003210,37,18,One year,DSL,No,No,No,Yes,Credit card,52.4,976.39,0,4,135.3,No
CUST-003211,46,15,One year,Fiber optic,Yes,No,No,No,Electronic check,69.37,1016.53,0,5,497.5,No
CUST-003212,44,6,Month-to-month,DSL,Yes,No,No,No,Mailed check,48.64,264.45,0,3,124.6,No
CUST-003213,56,18,One year,No internet service,No,No,No,Yes,Mailed check,20.15,389.22,0,3,3.3,No
CUST-003214,30,4,One year,Fiber optic,No,Yes,No,Yes,Electronic check,72.06,309.55,2,4,316.3,No
CUST-003215,60,12,One year,Fiber optic,Yes,No,No,Yes,Mailed check,73.49,911.47,1,1,325.4,Yes
CUST-003216,52,22,One year,DSL,No,No,No,Yes,Mailed check,38.39,835.7,0,4,165.3,No
CUST-003217,25,44,Two year,Fiber optic,Yes,No,Yes,Yes,Electronic check,87.11,3829.63,0,4,463.7,No
CUST-003218,63,1,Month-to-month,Fiber optic,Yes,No,No,Yes,Mailed check,77.9,42.33,2,3,287.1,Yes
CUST-003219,79,8,Month-to-month,DSL,No,No,No,Yes,Bank transfer,44.59,359.6,1,3,88.9,No
CUST-003220,60,5,Two year,DSL,Yes,No,Yes,No,Mailed check,57.27,273.58,1,3,38.1,No
CUST-003221,66,67,Month-to-month,Fiber optic,Yes,No,Yes,No,Mailed check,83.94,5608.37,0,3,290.4,No
CUST-003222,46,7,Two year,No internet service,Yes,Yes,Yes,Yes,Credit card,40.34,300.85,0,3,7.5,No
CUST-003223,20,9,One year,Fiber optic,No,No,Yes,Yes,Bank transfer,67.34,602.94,1,2,210.3,Yes
CUST-003224,18,18,Two year,Fiber optic,No,No,No,No,Bank transfer,62.26,1137.18,0,4,251.0,No
CUST-003225,49,4,One year,DSL,No,No,Yes,Yes,Electronic check,65.12,258.32,2,3,165.5,No
CUST-003226,36,14,Two year,DSL,No,No,Yes,No,Credit card,56.59,803.22,0,3,181.5,No
CUST-003227,31,72,One year,DSL,No,Yes,No,Yes,Electronic check,49.63,3547.11,0,3,135.0,No
CUST-003228,44,3,Month-to-month,DSL,Yes,Yes,No,No,Electronic check,62.55,167.91,0,4,108.8,No
CUST-003229,54,1,Month-to-month,DSL,Yes,Yes,No,Yes,Mailed check,62.06,71.13,0,5,126.8,No
CUST-003230,23,2,Month-to-month,No internet service,Yes,No,Yes,No,Credit card,32.67,99.19,1,4,2.2,No
CUST-003231,38,20,Month-to-month,DSL,No,No,No,Yes,Electronic check,54.35,1096.33,2,2,190.8,No
CUST-003232,68,47,Two year,Fiber optic,Yes,No,No,Yes,Mailed check,73.99,3477.84,2,3,304.0,No
CUST-003233,29,13,Month-to-month,DSL,Yes,No,Yes,Yes,Electronic check,69.53,933.94,0,4,144.7,Yes
CUST-003234,58,17,One year,Fiber optic,No,No,Yes,Yes,Electronic check,74.02,1253.98,0,3,243.4,Yes
CUST-003235,38,9,Month-to-month,DSL,No,No,No,Yes,Mailed check,35.22,301.05,0,3,243.7,Yes
CUST-003236,53,13,Month-to-month,Fiber optic,No,No,No,Yes,Electronic check,64.42,837.6,0,3,383.6,No
CUST-003237,61,45,Two year,DSL,No,Yes,Yes,Yes,Credit card,57.49,2594.51,2,4,209.5,No
CUST-003238,56,19,Month-to-month,DSL,Yes,No,Yes,Yes,Electronic check,70.86,1321.02,1,3,157.2,No
CUST-003239,59,65,One year,DSL,No,Yes,No,Yes,Bank transfer,43.92,2857.38,0,5,212.2,No
CUST-003240,28,31,Month-to-month,Fiber optic,No,Yes,No,Yes,Electronic check,71.13,2170.54,0,3,181.7,Yes
CUST-003241,62,30,Month-to-month,DSL,No,No,No,Yes,Electronic check,48.0,1433.99,0,2,175.1,No
CUST-003242,32,29,Month-to-month,No internet service,No,Yes,No,Yes,Mailed check,28.13,812.64,0,3,6.4,No
CUST-003243,49,30,One year,No internet service,No,No,Yes,Yes,Mailed check,29.5,884.36,2,1,8.6,No
CUST-003244,49,39,Month-to-month,DSL,Yes,Yes,No,Yes,Electronic check,50.1,1914.74,2,3,117.0,No
CUST-003245,52,7,Two year,Fiber optic,No,No,Yes,Yes,Electronic check,69.46,488.23,1,3,273.2,Yes
CUST-003246,50,10,One year,Fiber optic,No,Yes,No,Yes,Electronic check,67.21,689.58,0,4,291.6,No
CUST-003247,32,31,Month-to-month,DSL,Yes,No,No,Yes,Credit card,45.95,1452.61,3,2,118.7,Yes
CUST-003248,25,55,Month-to-month,Fiber optic,No,No,No,Yes,Credit card,64.62,3583.16,0,4,245.3,No
CUST-003249,58,12,Month-to-month,No internet service,No,No,No,No,Electronic check,18.0,216.51,1,4,8.8,Yes
CUST-003250,48,8,One year,DSL,Yes,No,No,No,Electronic check,46.54,421.89,0,5,164.1,No
CUST-003251,62,3,Month-to-month,Fiber optic,No,Yes,No,Yes,Electronic check,63.89,176.47,2,3,321.3,Yes
CUST-003252,44,2,Month-to-month,Fiber optic,No,No,Yes,Yes,Bank transfer,69.04,123.51,1,4,292.5,No
CUST-003253,24,19,Month-to-month,Fiber optic,Yes,Yes,Yes,Yes,Electronic check,90.72,1724.04,0,4,189.7,No
CUST-003254,59,6,Month-to-month,DSL,No,No,No,Yes,Electronic check,41.33,264.52,1,1,219.3,Yes
CUST-003255,39,52,One year,DSL,No,No,No,No,Bank transfer,45.13,2359.63,1,5,184.2,No
CUST-003256,50,4,Month-to-month,Fiber optic,Yes,No,Yes,No,Bank transfer,84.61,291.07,0,3,431.1,Yes
CUST-003257,35,13,Month-to-month,DSL,No,No,No,Yes,Mailed check,43.98,552.45,1,2,177.3,Yes
CUST-003258,70,29,Month-to-month,Fiber optic,No,Yes,No,No,Bank transfer,74.24,2168.3,1,3,315.5,No
CUST-003259,32,9,One year,DSL,No,No,No,No,Electronic check,37.63,320.9,1,5,159.0,No
CUST-003260,40,11,One year,No internet service,No,No,No,No,Electronic check,23.26,253.29,1,3,10.0,No
CUST-003261,47,72,Month-to-month,Fiber optic,Yes,No,Yes,Yes,Bank transfer,86.96,6268.3,2,4,158.2,No
CUST-003262,29,3,Month-to-month,Fiber optic,No,No,No,No,Bank transfer,64.01,201.7,1,1,348.2,Yes
CUST-003263,50,19,One year,No internet service,No,No,No,Yes,Electronic check,18.0,359.21,1,3,2.0,No
CUST-003264,69,9,Month-to-month,Fiber optic,Yes,Yes,Yes,Yes,Electronic check,91.2,846.22,2,4,286.8,No
CUST-003265,38,4,One year,Fiber optic,No,No,Yes,Yes,Electronic check,79.24,329.61,1,4,377.8,No
CUST-003266,51,61,Month-to-month,No internet service,Yes,No,No,Yes,Credit card,21.0,1256.45,0,4,9.2,No
CUST-003267,18,22,Month-to-month,DSL,Yes,No,Yes,Yes,Electronic check,68.05,1508.83,0,4,129.7,No
CUST-003268,44,6,Month-to-month,No internet service,Yes,No,No,Yes,Credit card,36.69,241.78,1,3,4.8,No
CUST-003269,40,15,Month-to-month,DSL,Yes,No,Yes,No,Credit card,64.68,979.27,0,3,176.5,Yes
CUST-003270,33,31,One year,DSL,Yes,Yes,Yes,Yes,Mailed check,77.52,2428.91,0,2,174.6,No
CUST-003271,61,12,Month-to-month,Fiber optic,Yes,No,No,No,Credit card,75.37,909.19,3,3,526.2,Yes
CUST-003272,40,11,Month-to-month,Fiber optic,Yes,Yes,Yes,Yes,Electronic check,92.32,1012.98,0,3,177.0,Yes
CUST-003273,42,17,Month-to-month,DSL,Yes,No,No,Yes,Electronic check,49.5,824.56,2,2,224.0,No
CUST-003274,39,7,Month-to-month,Fiber optic,Yes,No,Yes,Yes,Mailed check,83.29,623.72,0,5,399.4,No
CUST-003275,18,0,One year,DSL,No,No,No,No,Bank transfer,40.1,19.19,2,3,143.0,Yes
CUST-003276,28,53,One year,Fiber optic,Yes,No,Yes,Yes,Credit card,89.72,4755.06,1,4,324.4,No
CUST-003277,59,1,Two year,Fiber optic,No,Yes,No,No,Mailed check,67.28,60.15,3,2,331.6,No
CUST-003278,18,20,Month-to-month,DSL,Yes,Yes,No,Yes,Electronic check,67.81,1329.52,1,1,161.7,No
CUST-003279,34,3,Month-to-month,DSL,Yes,No,Yes,No,Electronic check,67.19,219.33,0,5,188.3,No
CUST-003280,39,3,Month-to-month,Fiber optic,No,No,Yes,Yes,Mailed check,78.97,246.89,0,3,228.1,Yes
CUST-003281,71,15,Two year,DSL,No,Yes,No,No,Bank transfer,44.38,670.58,1,1,124.8,Yes
CUST-003282,57,5,Month-to-month,Fiber optic,No,No,No,No,Bank transfer,68.33,329.1,0,2,229.5,No
CUST-003283,37,40,Month-to-month,Fiber optic,No,No,Yes,No,Credit card,75.9,3047.27,1,5,250.6,No
CUST-003284,65,6,One year,No internet service,Yes,Yes,No,Yes,Electronic check,31.18,181.86,1,4,7.2,No
CUST-003285,34,46,Month-to-month,No internet service,Yes,Yes,No,Yes,Bank transfer,30.72,1422.74,1,1,7.2,No
CUST-003286,60,40,Month-to-month,Fiber optic,No,No,No,Yes,Electronic check,58.79,2380.32,1,3,289.2,Yes
CUST-003287,25,65,Month-to-month,Fiber optic,Yes,No,Yes,No,Bank transfer,85.05,5479.38,1,3,345.4,No
CUST-003288,61,21,One year,No internet service,No,No,No,Yes,Credit card,19.17,422.61,0,4,1.2,No
CUST-003289,39,53,One year,DSL,No,No,No,Yes,Mailed check,38.43,2084.26,0,3,109.8,No
CUST-003290,30,5,Month-to-month,Fiber optic,Yes,Yes,No,Yes,Mailed check,81.57,442.27,2,2,240.8,Yes
CUST-003291,42,40,One year,Fiber optic,Yes,No,Yes,Yes,Electronic check,95.64,3841.06,1,3,325.9,No
CUST-003292,49,7,Month-to-month,Fiber optic,Yes,Yes,No,No,Credit card,71.88,527.63,1,2,388.1,No
CUST-003293,38,44,Month-to-month,No internet service,No,No,No,No,Bank transfer,19.43,837.93,1,4,4.2,No
CUST-003294,53,26,Two year,DSL,No,No,No,Yes,Credit card,53.29,1390.35,1,3,149.0,Yes
CUST-003295,36,18,One year,Fiber optic,Yes,No,No,No,Electronic check,69.11,1240.98,0,3,445.4,Yes
CUST-003296,54,22,Two year,Fiber optic,No,No,Yes,No,Electronic check,79.2,1733.06,0,3,460.7,No
CUST-003297,52,21,One year,Fiber optic,Yes,Yes,Yes,No,Mailed check,92.96,1971.93,1,3,184.1,Yes
CUST-003298,44,6,Month-to-month,DSL,Yes,No,Yes,Yes,Bank transfer,68.29,405.79,0,5,184.5,No
CUST-003299,38,21,Month-to-month,No internet service,No,Yes,Yes,No,Mailed check,47.16,953.27,0,5,4.4,No
CUST-003300,47,66,Month-to-month,DSL,No,Yes,No,No,Electronic check,42.05,2784.07,0,5,88.2,No
CUST-003301,53,20,Month-to-month,DSL,No,No,No,No,Mailed check,45.95,918.45,1,2,149.2,No
CUST-003302,76,3,Month-to-month,Fiber optic,No,No,Yes,No,Mailed check,74.5,237.36,0,4,325.3,Yes
CUST-003303,59,41,Month-to-month,DSL,No,No,Yes,Yes,Electronic check,56.8,2320.61,1,4,176.1,No
CUST-003304,60,6,Month-to-month,Fiber optic,No,Yes,No,Yes,Bank transfer,71.23,392.92,2,2,319.0,Yes
CUST-003305,85,28,Two year,Fiber optic,No,No,Yes,Yes,Credit card,75.53,2095.35,1,2,262.1,No
CUST-003306,53,2,Month-to-month,DSL,No,No,No,Yes,Electronic check,39.56,60.81,2,2,210.9,Yes
CUST-003307,52,8,Month-to-month,No internet service,No,No,No,No,Credit card,18.0,123.45,0,2,1.9,No
CUST-003308,56,1,One year,Fiber optic,No,No,No,No,Credit card,75.63,64.38,0,4,392.1,No
CUST-003309,30,18,One year,DSL,No,No,No,Yes,Bank transfer,38.09,700.16,1,4,178.1,Yes
CUST-003310,38,15,Month-to-month,No internet service,No,No,No,Yes,Credit card,26.13,364.33,2,3,2.0,No
CUST-003311,37,16,One year,No internet service,Yes,No,No,No,Bank transfer,22.82,382.78,0,3,6.7,No
CUST-003312,55,36,One year,DSL,No,No,Yes,Yes,Electronic check,57.48,2043.89,2,3,202.0,No
CUST-003313,42,10,Two year,Fiber optic,No,Yes,No,Yes,Electronic check,80.84,800.78,0,5,170.1,No
CUST-003314,47,7,Month-to-month,No internet service,No,Yes,Yes,No,Mailed check,41.97,293.08,1,3,1.1,Yes
CUST-003315,61,1,Month-to-month,Fiber optic,No,No,No,Yes,Electronic check,57.81,51.82,0,3,395.1,No
CUST-003316,58,17,One year,Fiber optic,Yes,Yes,Yes,No,Credit card,89.31,1530.71,1,3,261.9,Yes
CUST-003317,43,33,Month-to-month,Fiber optic,No,Yes,No,No,Credit card,70.87,2336.54,1,2,156.4,No
CUST-003318,35,51,One year,DSL,Yes,Yes,No,No,Bank transfer,64.15,3268.51,0,4,89.9,No
CUST-003319,62,2,One year,DSL,No,No,No,Yes,Bank transfer,45.24,42.95,0,5,129.5,No
CUST-003320,57,3,One year,No internet service,No,No,Yes,Yes,Credit card,31.21,101.65,1,3,5.7,No
CUST-003321,21,6,Two year,DSL,No,No,No,Yes,Bank transfer,53.6,359.17,0,4,222.0,No
CUST-003322,40,48,One year,No internet service,Yes,Yes,No,Yes,Electronic check,41.9,2001.36,2,1,6.8,No
CUST-003323,47,10,Two year,DSL,No,No,Yes,Yes,Credit card,60.49,618.11,2,2,183.5,No
CUST-003324,57,22,One year,DSL,Yes,Yes,Yes,No,Bank transfer,67.87,1476.66,1,3,37.0,No
CUST-003325,59,6,Month-to-month,Fiber optic,Yes,Yes,Yes,Yes,Electronic check,77.74,486.15,3,2,141.7,Yes
CUST-003326,49,24,One year,Fiber optic,No,No,Yes,No,Electronic check,70.6,1704.78,1,4,286.7,Yes
CUST-003327,54,0,One year,DSL,No,Yes,No,No,Credit card,43.28,35.95,1,3,61.5,No
CUST-003328,46,17,Two year,DSL,No,No,Yes,Yes,Electronic check,56.69,955.08,1,4,205.1,No
CUST-003329,35,3,Month-to-month,Fiber optic,No,No,No,Yes,Credit card,69.69,221.98,1,3,239.8,Yes
CUST-003330,41,61,Month-to-month,DSL,Yes,No,No,Yes,Credit card,62.88,3836.5,0,3,142.0,No
CUST-003331,45,6,Two year,Fiber optic,No,No,No,No,Electronic check,71.37,403.59,1,1,260.3,No
CUST-003332,44,2,Month-to-month,Fiber optic,No,No,No,Yes,Electronic check,61.45,92.34,0,2,205.9,Yes
CUST-003333,18,42,One year,Fiber optic,No,Yes,Yes,Yes,Mailed check,84.27,3551.1,0,4,306.6,No
CUST-003334,39,2,Month-to-month,Fiber optic,No,No,No,No,Electronic check,67.01,118.76,2,2,291.4,Yes
CUST-003335,46,9,Month-to-month,Fiber optic,Yes,Yes,No,Yes,Bank transfer,71.2,641.51,2,2,362.0,Yes
CUST-003336,41,61,Month-to-month,No internet service,No,No,Yes,Yes,Credit card,27.63,1697.19,0,3,2.5,No
CUST-003337,41,13,Two year,No internet service,No,No,No,Yes,Bank transfer,18.0,209.95,2,3,0.2,No
CUST-003338,52,35,Month-to-month,Fiber optic,No,Yes,No,Yes,Mailed check,81.65,2837.47,0,4,316.3,Yes
CUST-003339,29,2,One year,Fiber optic,Yes,No,No,No,Credit card,74.93,182.31,2,4,365.9,No
CUST-003340,21,7,One year,DSL,Yes,No,No,No,Credit card,46.43,316.76,0,3,89.3,No
CUST-003341,40,40,One year,Fiber optic,Yes,No,No,Yes,Credit card,70.88,2855.58,0,2,387.2,No
CUST-003342,56,4,Month-to-month,No internet service,Yes,Yes,Yes,No,Electronic check,48.24,243.11,0,5,4.6,No
CUST-003343,70,4,Month-to-month,DSL,No,No,No,Yes,Electronic check,43.74,179.74,1,3,104.3,No
CUST-003344,57,4,Two year,No internet service,No,Yes,No,Yes,Bank transfer,24.22,79.64,1,4,9.5,No
CUST-003345,23,72,Month-to-month,Fiber optic,Yes,Yes,No,No,Electronic check,82.66,5954.06,1,1,291.7,No
CUST-003346,42,21,Month-to-month,No internet service,No,No,No,Yes,Mailed check,27.01,563.43,0,3,5.6,No
CUST-003347,49,5,Two year,DSL,No,No,No,No,Credit card,51.08,256.74,1,3,117.2,No
CUST-003348,48,29,Month-to-month,DSL,Yes,No,Yes,Yes,Credit card,63.5,1855.84,1,3,137.9,No
CUST-003349,53,10,Month-to-month,No internet service,No,No,No,Yes,Electronic check,19.17,208.33,0,4,6.4,No
CUST-003350,31,2,Two year,DSL,No,No,No,Yes,Credit card,43.45,46.8,0,3,205.8,No
CUST-003351,46,44,Month-to-month,Fiber optic,Yes,No,No,No,Mailed check,78.28,3468.12,0,3,196.8,No
CUST-003352,51,33,Month-to-month,DSL,No,Yes,Yes,Yes,Bank transfer,61.06,2020.45,0,3,97.2,No
CUST-003353,57,31,Month-to-month,No internet service,Yes,No,Yes,No,Electronic check,30.38,930.31,2,3,5.4,No
CUST-003354,33,5,One year,No internet service,No,No,No,Yes,Electronic check,22.41,126.73,2,2,4.3,No
CUST-003355,40,28,Two year,DSL,No,Yes,No,Yes,Credit card,53.65,1481.19,1,4,140.7,No
CUST-003356,18,10,One year,DSL,No,No,Yes,No,Bank transfer,54.97,529.62,0,3,230.2,Yes
CUST-003357,36,18,Two year,Fiber optic,Yes,Yes,No,Yes,Credit card,88.27,1610.04,1,3,212.0,No
CUST-003358,37,57,Month-to-month,Fiber optic,No,No,No,Yes,Electronic check,62.29,3551.87,2,5,275.6,No
CUST-003359,30,46,One year,DSL,No,Yes,No,Yes,Electronic check,58.09,2703.49,0,5,161.4,No
CUST-003360,47,17,Month-to-month,Fiber optic,No,No,Yes,Yes,Electronic check,70.3,1181.38,0,4,342.2,Yes
CUST-003361,44,13,Two year,Fiber optic,No,No,No,No,Bank transfer,66.38,868.77,0,2,281.8,No
CUST-003362,18,24,Two year,DSL,Yes,No,No,No,Bank transfer,48.96,1182.79,1,3,141.1,No
CUST-003363,48,36,Month-to-month,DSL,No,No,Yes,Yes,Mailed check,56.63,2046.8,0,5,122.3,No
CUST-003364,31,28,Two year,DSL,No,No,No,No,Electronic check,48.81,1379.1,0,3,123.6,No
CUST-003365,52,11,One year,Fiber optic,Yes,No,Yes,Yes,Electronic check,82.15,912.84,3,4,131.1,No
CUST-003366,26,2,Month-to-month,Fiber optic,No,Yes,No,No,Electronic check,67.51,135.4,1,4,503.6,Yes
CUST-003367,45,14,One year,DSL,No,No,Yes,No,Electronic check,55.89,743.63,1,3,192.7,No
CUST-003368,41,0,Two year,No internet service,No,No,Yes,No,Credit card,50.8,68.08,0,5,1.0,No
CUST-003369,50,3,Month-to-month,Fiber optic,Yes,Yes,Yes,No,Electronic check,92.01,228.55,1,4,346.0,No
CUST-003370,47,29,Month-to-month,No internet service,No,No,No,No,Electronic check,20.72,576.21,2,3,7.1,No
CUST-003371,41,17,Two year,No internet service,No,Yes,Yes,No,Credit card,40.17,668.8,0,3,3.1,No
CUST-003372,22,17,Month-to-month,No internet service,Yes,No,No,No,Credit card,19.42,348.2,3,2,8.8,No
CUST-003373,23,16,Month-to-month,DSL,No,No,Yes,No,Bank transfer,61.6,981.16,1,3,63.3,No
CUST-003374,36,19,One year,Fiber optic,No,Yes,No,Yes,Electronic check,74.56,1454.14,1,2,219.6,No
CUST-003375,45,25,One year,DSL,Yes,No,No,No,Mailed check,44.08,1074.26,0,5,77.2,No
CUST-003376,36,38,Month-to-month,DSL,No,No,No,No,Electronic check,57.02,2144.77,2,4,97.3,No
CUST-003377,54,40,Month-to-month,Fiber optic,No,No,Yes,No,Electronic check,77.02,3035.79,1,2,310.4,Yes
CUST-003378,41,10,Two year,Fiber optic,No,No,No,No,Bank transfer,59.42,571.26,0,5,285.6,No
CUST-003379,31,6,Month-to-month,DSL,Yes,No,Yes,Yes,Credit card,66.57,386.77,0,5,146.5,No
CUST-003380,41,51,One year,DSL,No,Yes,Yes,Yes,Electronic check,58.46,3010.76,1,3,172.3,No
CUST-003381,48,5,Two year,No internet service,No,No,No,Yes,Bank transfer,18.0,110.92,3,4,8.9,Yes
CUST-003382,50,72,Month-to-month,Fiber optic,No,No,No,Yes,Bank transfer,63.64,4586.85,0,3,275.2,No
CUST-003383,73,54,Two year,Fiber optic,Yes,No,Yes,No,Mailed check,83.86,4522.22,1,4,232.5,No
CUST-003384,35,10,One year,No internet service,Yes,Yes,No,Yes,Electronic check,26.13,276.59,1,4,2.1,Yes
CUST-003385,44,34,Two year,Fiber optic,No,No,No,Yes,Credit card,61.1,2102.86,0,3,298.0,No
CUST-003386,51,58,Month-to-month,Fiber optic,No,Yes,No,Yes,Electronic check,65.83,3805.21,4,2,272.1,No
CUST-003387,45,1,Month-to-month,No internet service,No,No,No,No,Electronic check,18.21,7.27,0,3,7.0,No
CUST-003388,37,21,One year,No internet service,No,Yes,No,Yes,Electronic check,29.24,605.41,2,4,10.2,No
CUST-003389,22,36,Two year,DSL,No,No,No,Yes,Bank transfer,45.71,1610.87,0,5,117.1,No
CUST-003390,37,37,Two year,Fiber optic,Yes,No,No,Yes,Credit card,72.84,2719.3,0,4,217.4,No
CUST-003391,29,2,Month-to-month,DSL,No,Yes,No,Yes,Electronic check,41.87,72.07,0,4,120.9,No
CUST-003392,19,22,Month-to-month,No internet service,No,No,Yes,No,Electronic check,31.86,695.13,0,3,1.0,Yes
CUST-003393,33,3,Month-to-month,No internet service,Yes,Yes,No,No,Credit card,28.56,114.8,2,1,2.6,No
CUST-003394,29,29,One year,Fiber optic,Yes,No,No,Yes,Bank transfer,64.41,1857.1,1,2,343.8,Yes
CUST-003395,54,2,Two year,No internet service,No,Yes,Yes,No,Credit card,42.39,110.1,1,3,1.9,No
CUST-003396,54,14,One year,DSL,No,No,No,No,Bank transfer,38.35,501.94,1,3,150.0,No
CUST-003397,31,13,Month-to-month,Fiber optic,No,Yes,No,Yes,Credit card,71.47,940.34,1,3,548.7,Yes
CUST-003398,41,8,Two year,Fiber optic,No,No,Yes,Yes,Mailed check,74.56,587.57,4,4,360.8,No
CUST-003399,18,9,Month-to-month,Fiber optic,No,No,No,Yes,Electronic check,60.23,510.48,0,4,388.3,Yes
CUST-003400,38,4,Month-to-month,No internet service,No,No,No,Yes,Bank transfer,26.1,81.69,0,1,10.7,Yes
CUST-003401,51,9,One year,Fiber optic,No,Yes,No,Yes,Mailed check,68.0,614.81,0,5,309.2,No
CUST-003402,57,42,Month-to-month,DSL,No,Yes,Yes,No,Mailed check,60.34,2515.08,0,4,123.4,No
CUST-003403,34,72,One year,Fiber optic,Yes,Yes,Yes,Yes,Mailed check,87.32,6294.7,0,4,300.2,No
CUST-003404,61,5,One year,No internet service,No,No,Yes,No,Electronic check,32.88,149.49,0,3,5.4,No
CUST-003405,22,72,Month-to-month,DSL,No,No,Yes,Yes,Bank transfer,56.2,4014.01,0,3,96.3,No
CUST-003406,26,72,Month-to-month,No internet service,Yes,No,Yes,Yes,Mailed check,36.49,2646.68,1,5,6.0,No
CUST-003407,56,27,Month-to-month,DSL,Yes,No,No,No,Credit card,48.39,1312.42,1,2,164.7,Yes
CUST-003408,70,30,One year,No internet service,Yes,Yes,No,No,Electronic check,33.79,977.64,1,4,0.0,No
CUST-003409,52,1,Month-to-month,DSL,Yes,No,No,No,Bank transfer,49.75,62.81,0,5,82.3,No
CUST-003410,44,17,Month-to-month,DSL,No,No,No,Yes,Mailed check,53.62,913.98,0,4,72.0,No
CUST-003411,18,14,Month-to-month,No internet service,No,No,No,Yes,Electronic check,18.0,243.37,0,4,6.1,Yes
CUST-003412,18,8,One year,DSL,No,Yes,Yes,Yes,Mailed check,64.67,509.52,0,2,96.5,No
CUST-003413,47,59,Month-to-month,No internet service,Yes,No,Yes,Yes,Mailed check,39.55,2360.26,2,4,4.8,No
CUST-003414,40,22,Month-to-month,Fiber optic,Yes,No,Yes,Yes,Credit card,83.55,1844.48,0,4,236.6,No
CUST-003415,28,72,Month-to-month,DSL,No,No,No,No,Electronic check,49.5,3591.78,1,3,72.4,No
CUST-003416,46,3,Month-to-month,No internet service,Yes,No,No,Yes,Credit card,30.9,102.22,1,4,6.9,No
CUST-003417,47,24,Month-to-month,No internet service,Yes,No,Yes,No,Electronic check,42.8,1031.9,0,2,3.5,No
CUST-003418,59,9,Month-to-month,DSL,No,No,No,No,Mailed check,47.75,414.6,0,5,171.9,No
CUST-003419,47,42,One year,DSL,No,Yes,No,Yes,Bank transfer,42.93,1806.22,1,5,175.2,No
CUST-003420,63,6,Month-to-month,No internet service,No,No,Yes,Yes,Electronic check,34.2,225.62,1,3,7.7,Yes
CUST-003421,45,48,Month-to-month,Fiber optic,Yes,Yes,No,No,Electronic check,77.76,3734.1,0,5,345.6,No
CUST-003422,43,52,Two year,No internet service,Yes,No,Yes,Yes,Electronic check,37.44,1985.61,0,3,6.0,No
CUST-003423,61,37,Month-to-month,Fiber optic,No,No,No,Yes,Mailed check,82.3,3065.49,1,2,241.2,Yes
CUST-003424,30,37,Month-to-month,Fiber optic,No,No,No,Yes,Mailed check,57.63,2108.35,0,5,383.2,No
CUST-003425,85,8,Month-to-month,DSL,No,No,Yes,Yes,Credit card,56.55,442.7,0,3,65.2,No
CUST-003426,51,15,Month-to-month,Fiber optic,No,No,Yes,Yes,Electronic check,76.14,1155.57,0,4,201.2,Yes
CUST-003427,51,8,Month-to-month,Fiber optic,Yes,Yes,No,Yes,Credit card,78.59,598.18,0,5,424.5,No
CUST-003428,53,18,Two year,Fiber optic,No,No,No,Yes,Credit card,59.93,1076.41,0,4,432.4,No
CUST-003429,73,14,Month-to-month,No internet service,Yes,Yes,No,No,Electronic check,35.13,473.17,0,4,6.3,No
CUST-003430,57,13,One year,DSL,Yes,Yes,No,No,Credit card,53.38,694.75,0,2,54.2,No
CUST-003431,21,3,Two year,No internet service,No,No,Yes,Yes,Credit card,33.42,81.77,0,2,9.2,Yes
CUST-003432,66,72,Month-to-month,Fiber optic,Yes,No,Yes,Yes,Electronic check,85.78,6197.23,0,3,267.5,No
CUST-003433,40,2,One year,Fiber optic,Yes,No,No,Yes,Mailed check,71.78,133.38,0,3,425.7,No
CUST-003434,47,2,Month-to-month,Fiber optic,Yes,No,Yes,Yes,Credit card,84.64,182.57,1,4,332.1,No
CUST-003435,26,0,Month-to-month,Fiber optic,Yes,No,No,Yes,Bank transfer,80.92,51.05,0,2,208.7,Yes
CUST-003436,53,23,Two year,Fiber optic,No,Yes,Yes,No,Credit card,85.89,1969.38,0,3,450.3,Yes
CUST-003437,35,72,Month-to-month,Fiber optic,No,Yes,No,Yes,Mailed check,71.87,5149.05,1,3,314.6,No
CUST-003438,47,3,Two year,DSL,Yes,No,No,No,Electronic check,55.12,189.23,1,3,123.1,No
CUST-003439,41,2,One year,DSL,Yes,No,Yes,Yes,Bank transfer,65.2,114.91,1,3,201.2,No
CUST-003440,74,16,Month-to-month,Fiber optic,No,No,No,Yes,Electronic check,67.76,1082.41,0,3,146.1,No
CUST-003441,75,18,Month-to-month,DSL,Yes,Yes,No,No,Bank transfer,55.97,1014.5,3,3,78.9,No
CUST-003442,46,72,One year,DSL,No,No,No,No,Mailed check,56.05,4020.67,1,4,165.0,No
CUST-003443,46,1,Month-to-month,DSL,Yes,Yes,No,Yes,Mailed check,59.94,35.93,0,5,134.5,No
CUST-003444,39,32,Month-to-month,DSL,No,No,Yes,Yes,Credit card,71.13,2279.87,1,4,93.3,No
CUST-003445,62,11,Month-to-month,No internet service,Yes,Yes,No,Yes,Bank transfer,45.08,457.23,0,3,1.3,No
CUST-003446,40,11,Month-to-month,No internet service,No,No,No,No,Bank transfer,18.0,224.84,0,1,4.6,Yes
CUST-003447,39,43,Two year,Fiber optic,No,No,Yes,Yes,Credit card,78.2,3359.87,0,5,310.6,No
CUST-003448,60,8,Month-to-month,DSL,Yes,Yes,No,Yes,Electronic check,60.83,457.16,0,3,77.9,No
CUST-003449,37,23,Month-to-month,No internet service,No,No,Yes,Yes,Bank transfer,36.67,838.12,0,5,9.0,No
CUST-003450,44,1,One year,No internet service,No,No,No,No,Mailed check,20.66,32.22,0,5,0.0,No
CUST-003451,21,1,One year,DSL,No,Yes,Yes,Yes,Bank transfer,69.03,52.69,2,4,118.7,Yes
CUST-003452,56,37,Two year,DSL,No,No,No,Yes,Credit card,36.2,1300.56,1,4,156.5,No
CUST-003453,74,4,Two year,DSL,Yes,No,Yes,No,Credit card,61.95,245.33,0,4,0.0,No
CUST-003454,56,28,Month-to-month,No internet service,No,Yes,No,No,Mailed check,25.05,716.62,1,3,7.1,No
CUST-003455,67,7,Month-to-month,Fiber optic,Yes,Yes,No,No,Credit card,75.67,534.35,1,2,159.6,No
CUST-003456,32,59,One year,Fiber optic,No,No,No,Yes,Electronic check,56.34,3332.12,0,4,332.3,No
CUST-003457,49,28,Month-to-month,No internet service,No,No,No,Yes,Bank transfer,24.42,702.89,0,2,0.3,No
CUST-003458,31,20,One year,DSL,Yes,No,Yes,No,Credit card,59.47,1221.06,1,3,77.9,No
CUST-003459,42,30,Month-to-month,Fiber optic,No,Yes,No,No,Bank transfer,67.63,1975.03,1,3,318.1,No
CUST-003460,57,72,Two year,Fiber optic,No,No,Yes,Yes,Bank transfer,80.77,5788.95,0,4,505.3,No
CUST-003461,47,10,One year,DSL,Yes,No,No,Yes,Credit card,59.12,594.56,0,4,125.0,No
CUST-003462,24,44,One year,DSL,No,Yes,No,No,Electronic check,48.17,2125.02,2,3,85.4,No
CUST-003463,25,21,Month-to-month,No internet service,No,No,Yes,Yes,Bank transfer,26.82,532.24,1,3,0.0,Yes
CUST-003464,24,0,Two year,Fiber optic,No,No,Yes,No,Bank transfer,72.93,57.29,0,5,376.4,No
CUST-003465,52,27,One year,Fiber optic,No,Yes,No,Yes,Bank transfer,76.57,2101.83,1,3,172.2,No
CUST-003466,76,10,Two year,DSL,No,Yes,No,No,Credit card,56.86,561.52,0,3,141.0,No
CUST-003467,65,2,Two year,Fiber optic,No,Yes,Yes,Yes,Mailed check,84.68,173.57,1,4,272.5,No
CUST-003468,18,4,Month-to-month,DSL,No,No,No,Yes,Electronic check,46.24,220.78,1,3,121.9,Yes
CUST-003469,66,0,Month-to-month,DSL,No,Yes,No,No,Credit card,44.41,46.29,1,4,161.3,No
CUST-003470,59,54,Month-to-month,Fiber optic,No,Yes,No,No,Electronic check,73.33,3975.57,3,4,545.5,Yes
CUST-003471,22,7,One year,No internet service,No,Yes,Yes,Yes,Bank transfer,41.93,304.93,0,5,3.3,No
CUST-003472,40,50,One year,Fiber optic,Yes,No,No,Yes,Credit card,73.83,3684.78,1,3,464.9,No
CUST-003473,61,29,Month-to-month,DSL,No,No,No,Yes,Credit card,46.01,1326.43,0,4,211.4,No
CUST-003474,53,3,Two year,DSL,No,Yes,Yes,No,Bank transfer,57.84,197.15,0,4,170.1,No
CUST-003475,25,8,Month-to-month,DSL,Yes,No,No,Yes,Credit card,58.84,470.56,1,3,192.3,No
CUST-003476,54,14,One year,No internet service,Yes,No,Yes,Yes,Mailed check,33.2,444.62,0,4,4.0,No
CUST-003477,18,13,Month-to-month,Fiber optic,No,No,Yes,Yes,Electronic check,76.92,1021.61,0,2,276.2,Yes
CUST-003478,42,14,Month-to-month,No internet service,Yes,No,Yes,No,Bank transfer,42.29,534.96,1,4,7.0,No
CUST-003479,62,21,Month-to-month,Fiber optic,No,No,No,Yes,Bank transfer,70.71,1516.48,2,1,301.7,Yes
CUST-003480,45,63,One year,No internet service,Yes,No,No,No,Credit card,33.27,2092.28,1,2,7.1,No
CUST-003481,38,8,One year,Fiber optic,No,No,Yes,No,Mailed check,82.7,661.76,1,4,356.9,No
CUST-003482,58,7,Month-to-month,DSL,No,No,No,No,Electronic check,43.49,306.09,0,4,59.5,No
CUST-003483,60,0,Month-to-month,Fiber optic,No,No,Yes,Yes,Electronic check,88.62,115.23,0,3,274.6,Yes
CUST-003484,65,15,One year,Fiber optic,No,No,Yes,Yes,Mailed check,82.44,1240.08,0,3,344.0,Yes
CUST-003485,58,23,Month-to-month,Fiber optic,No,No,No,No,Credit card,63.24,1454.07,2,3,357.8,Yes
CUST-003486,61,8,One year,Fiber optic,Yes,No,No,Yes,Mailed check,71.56,553.43,2,3,275.5,Yes
CUST-003487,56,3,Month-to-month,Fiber optic,Yes,No,No,No,Electronic check,76.8,216.13,0,4,229.2,Yes
CUST-003488,49,16,Two year,Fiber optic,Yes,No,Yes,Yes,Electronic check,82.66,1335.4,0,3,342.8,No
CUST-003489,46,8,One year,DSL,Yes,No,Yes,No,Mailed check,58.61,473.33,3,1,140.6,No
CUST-003490,41,18,Month-to-month,DSL,No,Yes,No,No,Mailed check,51.41,959.12,2,2,60.1,Yes
CUST-003491,27,67,One year,Fiber optic,No,No,Yes,No,Credit card,65.64,4381.58,2,3,311.5,No
CUST-003492,31,52,Month-to-month,No internet service,No,Yes,Yes,No,Credit card,39.79,2046.0,0,3,5.1,No
CUST-003493,41,29,Two year,DSL,No,Yes,No,Yes,Bank transfer,54.19,1577.51,0,3,152.8,No
CUST-003494,49,29,One year,Fiber optic,No,Yes,No,Yes,Mailed check,69.67,2018.72,3,2,244.6,No
CUST-003495,67,55,Month-to-month,Fiber optic,No,Yes,No,Yes,Electronic check,76.75,4197.28,1,4,268.4,No
CUST-003496,44,7,One year,DSL,Yes,No,No,No,Mailed check,57.26,390.44,2,1,15.7,Yes
CUST-003497,60,28,Month-to-month,DSL,No,Yes,Yes,Yes,Bank transfer,57.91,1635.58,0,3,183.9,No
CUST-003498,61,37,Two year,No internet service,No,Yes,Yes,Yes,Electronic check,38.22,1387.74,0,4,2.6,No
CUST-003499,42,18,Two year,DSL,Yes,Yes,No,Yes,Electronic check,56.4,992.45,0,4,102.5,No
CUST-003500,54,0,One year,No internet service,Yes,Yes,Yes,No,Credit card,44.38,29.81,0,3,2.2,No
CUST-003501,41,11,Month-to-month,DSL,No,No,No,No,Bank transfer,50.73,543.88,1,4,181.0,Yes
CUST-003502,65,51,One year,No internet service,No,No,Yes,No,Mailed check,35.13,1807.49,1,4,0.0,No
CUST-003503,55,42,Month-to-month,DSL,No,Yes,No,Yes,Bank transfer,47.41,1980.12,1,3,155.4,Yes
CUST-003504,27,26,Month-to-month,DSL,No,No,No,No,Mailed check,46.12,1231.75,1,4,184.9,Yes
CUST-003505,47,2,Two year,DSL,No,No,Yes,Yes,Electronic check,53.22,85.58,0,4,6.4,No
CUST-003506,70,17,Month-to-month,DSL,No,No,Yes,No,Credit card,54.58,935.16,0,5,181.1,No
CUST-003507,42,16,Month-to-month,Fiber optic,No,Yes,No,No,Electronic check,78.7,1258.4,2,3,386.1,Yes
CUST-003508,52,1,Month-to-month,Fiber optic,No,No,Yes,Yes,Electronic check,89.73,89.79,1,3,303.0,Yes
CUST-003509,53,9,Two year,Fiber optic,No,Yes,Yes,Yes,Bank transfer,91.9,777.86,0,4,297.2,No
CUST-003510,29,19,Two year,Fiber optic,No,Yes,Yes,Yes,Mailed check,84.39,1581.46,0,3,249.5,No
CUST-003511,53,23,Month-to-month,No internet service,Yes,No,Yes,Yes,Bank transfer,40.92,937.81,1,5,4.7,No
CUST-003512,24,31,Month-to-month,DSL,No,No,Yes,Yes,Credit card,62.1,1885.71,0,4,0.0,No
CUST-003513,36,6,Two year,Fiber optic,No,Yes,Yes,Yes,Electronic check,83.51,442.6,2,3,295.0,No
CUST-003514,61,24,Month-to-month,Fiber optic,Yes,Yes,Yes,Yes,Electronic check,83.87,1988.19,2,2,287.5,Yes
CUST-003515,50,10,Two year,Fiber optic,No,No,No,Yes,Electronic check,74.09,747.65,2,5,268.6,No
CUST-003516,40,2,Two year,No internet service,No,Yes,Yes,Yes,Electronic check,32.06,73.66,2,3,2.0,No
CUST-003517,52,14,One year,No internet service,No,No,No,No,Credit card,26.04,340.09,0,4,8.1,No
CUST-003518,44,25,Month-to-month,Fiber optic,No,Yes,No,No,Mailed check,74.8,1865.97,0,3,389.7,No
CUST-003519,45,11,One year,Fiber optic,Yes,Yes,No,Yes,Electronic check,88.3,979.77,1,4,144.8,No
CUST-003520,55,27,Two year,No internet service,Yes,No,No,No,Bank transfer,32.31,898.87,1,3,0.0,No
CUST-003521,34,22,Month-to-month,DSL,No,Yes,Yes,No,Credit card,60.06,1347.04,1,4,65.2,No
CUST-003522,46,7,Two year,No internet service,Yes,No,Yes,Yes,Credit card,45.43,336.24,0,3,8.8,No
CUST-003523,40,1,Month-to-month,Fiber optic,No,Yes,No,No,Mailed check,69.18,58.39,0,5,289.9,No
CUST-003524,21,22,Two year,Fiber optic,No,No,Yes,No,Bank transfer,72.11,1585.43,1,3,434.7,Yes
CUST-003525,31,20,One year,DSL,Yes,No,Yes,No,Electronic check,55.84,1118.23,2,4,177.0,No
CUST-003526,69,5,Month-to-month,Fiber optic,Yes,Yes,No,Yes,Credit card,78.38,387.57,0,5,425.0,No
CUST-003527,51,3,Month-to-month,No internet service,No,Yes,No,Yes,Credit card,18.0,26.47,0,4,7.7,No
CUST-003528,25,8,Month-to-month,DSL,No,No,No,Yes,Bank transfer,52.18,446.26,0,3,95.7,No
CUST-003529,22,21,Month-to-month,Fiber optic,No,No,No,No,Bank transfer,57.15,1208.81,0,4,262.5,No
CUST-003530,43,5,Two year,DSL,No,No,No,No,Bank transfer,43.1,232.9,1,3,85.9,No
CUST-003531,68,32,Month-to-month,No internet service,Yes,Yes,Yes,Yes,Bank transfer,44.31,1431.13,0,5,5.5,No
CUST-003532,42,34,Two year,No internet service,No,No,Yes,Yes,Mailed check,32.86,1108.57,0,3,8.6,No
CUST-003533,65,5,Month-to-month,Fiber optic,No,Yes,No,Yes,Bank transfer,66.66,303.32,1,3,403.9,No
CUST-003534,50,2,One year,No internet service,No,Yes,Yes,No,Credit card,43.67,102.36,0,3,2.4,No
CUST-003535,52,4,Two year,Fiber optic,No,Yes,Yes,Yes,Bank transfer,83.82,349.01,1,3,304.4,No
CUST-003536,25,72,One year,No internet service,No,No,No,Yes,Electronic check,19.91,1439.31,2,3,8.0,No
CUST-003537,59,5,Two year,DSL,Yes,No,No,Yes,Mailed check,49.75,291.8,2,4,111.3,No
CUST-003538,40,4,Two year,Fiber optic,No,Yes,Yes,Yes,Bank transfer,85.75,331.67,1,4,287.6,Yes
CUST-003539,58,3,One year,DSL,No,Yes,No,No,Electronic check,57.99,167.68,0,4,68.4,No
CUST-003540,33,1,One year,DSL,Yes,No,No,Yes,Mailed check,66.47,70.6,2,1,110.4,No
CUST-003541,48,2,Month-to-month,DSL,No,No,No,Yes,Electronic check,40.29,70.64,0,5,96.8,No
CUST-003542,50,72,Month-to-month,Fiber optic,Yes,No,Yes,No,Mailed check,84.32,6066.34,0,2,368.0,No
CUST-003543,43,0,Month-to-month,DSL,Yes,No,No,Yes,Electronic check,43.46,64.11,0,4,51.6,No
CUST-003544,51,15,Two year,No internet service,Yes,No,No,Yes,Mailed check,31.4,458.05,3,1,4.8,No
CUST-003545,41,3,One year,Fiber optic,No,No,No,No,Credit card,58.17,162.92,1,3,449.4,No
CUST-003546,35,18,One year,Fiber optic,No,No,No,No,Electronic check,66.38,1206.39,0,4,262.6,No
CUST-003547,69,3,Two year,No internet service,No,No,Yes,Yes,Electronic check,38.17,88.11,0,3,5.4,No
CUST-003548,61,43,Month-to-month,DSL,Yes,No,Yes,No,Mailed check,62.94,2704.78,1,3,95.1,No
CUST-003549,34,56,Two year,DSL,Yes,No,No,Yes,Bank transfer,48.34,2704.35,1,4,218.1,No
CUST-003550,54,30,Month-to-month,No internet service,No,Yes,Yes,No,Credit card,44.59,1350.23,1,4,0.0,No
CUST-003551,34,20,Month-to-month,Fiber optic,No,Yes,No,No,Bank transfer,74.55,1507.07,0,2,426.4,No
CUST-003552,27,26,One year,No internet service,Yes,Yes,No,Yes,Credit card,28.35,733.9,0,4,0.0,No
CUST-003553,61,17,Month-to-month,DSL,No,No,Yes,No,Electronic check,57.7,979.18,0,5,183.7,No
CUST-003554,19,10,One year,Fiber optic,No,No,No,Yes,Electronic check,60.73,606.6,1,5,431.0,No
CUST-003555,59,2,One year,No internet service,No,No,No,Yes,Credit card,25.3,44.44,2,2,0.1,No
CUST-003556,41,29,Two year,DSL,No,No,No,Yes,Electronic check,45.61,1348.53,3,2,142.1,Yes
CUST-003557,42,23,Month-to-month,Fiber optic,No,Yes,No,No,Mailed check,78.64,1818.76,0,3,403.8,No
CUST-003558,51,6,Month-to-month,No internet service,Yes,No,No,Yes,Mailed check,23.34,165.36,0,4,5.0,Yes
CUST-003559,54,15,Month-to-month,No internet service,No,Yes,Yes,No,Credit card,39.14,569.56,1,4,7.4,No
CUST-003560,33,0,Month-to-month,No internet service,Yes,No,No,Yes,Mailed check,27.94,52.96,0,3,2.9,No
CUST-003561,56,14,Month-to-month,Fiber optic,No,Yes,Yes,Yes,Credit card,84.27,1182.17,0,3,348.9,No
CUST-003562,47,9,Month-to-month,Fiber optic,No,Yes,No,No,Bank transfer,68.17,627.21,0,3,311.5,No
CUST-003563,26,1,Two year,DSL,No,No,No,Yes,Electronic check,33.75,0.0,3,2,185.0,Yes
CUST-003564,42,0,Two year,No internet service,No,Yes,No,No,Electronic check,29.4,61.93,0,4,0.8,No
CUST-003565,66,8,Two year,Fiber optic,Yes,Yes,Yes,No,Mailed check,91.27,738.97,1,3,518.5,No
CUST-003566,70,44,Month-to-month,DSL,Yes,No,Yes,No,Electronic check,60.84,2714.24,1,4,99.5,No
CUST-003567,56,64,One year,Fiber optic,No,No,No,Yes,Electronic check,62.49,4021.6,0,3,272.6,Yes
CUST-003568,27,72,Month-to-month,DSL,Yes,Yes,Yes,Yes,Mailed check,65.15,4649.85,0,4,137.1,No
CUST-003569,52,29,Month-to-month,DSL,No,No,No,Yes,Bank transfer,35.71,1066.02,3,2,79.2,Yes
CUST-003570,58,26,Month-to-month,Fiber optic,Yes,No,No,No,Mailed check,78.19,2036.68,2,3,386.8,No
CUST-003571,56,5,Two year,DSL,No,Yes,Yes,Yes,Credit card,65.86,342.14,0,2,122.0,No
CUST-003572,57,1,One year,DSL,No,No,Yes,No,Electronic check,50.24,61.08,1,4,144.7,Yes
CUST-003573,50,42,Month-to-month,DSL,No,No,Yes,No,Credit card,69.62,2922.07,0,5,137.3,Yes
CUST-003574,44,72,One year,No internet service,No,No,No,No,Bank transfer,18.0,1287.91,2,4,4.8,No
CUST-003575,36,13,Two year,Fiber optic,No,No,Yes,No,Credit card,80.57,1061.52,1,3,317.9,Yes
CUST-003576,18,11,Month-to-month,Fiber optic,No,No,Yes,No,Bank transfer,77.02,830.58,2,3,337.9,No
CUST-003577,50,10,Two year,DSL,No,No,No,Yes,Electronic check,38.69,387.47,0,3,242.2,No
CUST-003578,48,5,Month-to-month,DSL,Yes,No,No,No,Credit card,54.75,301.79,1,5,84.6,No
CUST-003579,53,18,Month-to-month,Fiber optic,No,No,No,Yes,Credit card,64.08,1129.05,0,4,242.9,No
CUST-003580,25,47,Two year,No internet service,Yes,No,No,No,Credit card,24.82,1162.56,2,2,7.7,No
CUST-003581,55,9,Month-to-month,Fiber optic,Yes,Yes,No,Yes,Credit card,85.6,793.76,0,4,290.1,No
CUST-003582,76,0,One year,Fiber optic,No,No,No,No,Electronic check,68.12,51.76,0,3,255.7,No
CUST-003583,46,29,Month-to-month,No internet service,No,No,No,Yes,Credit card,23.6,646.24,0,3,3.5,Yes
CUST-003584,44,29,One year,No internet service,No,No,No,No,Credit card,18.92,509.04,0,4,5.5,No
CUST-003585,50,53,One year,DSL,No,No,No,Yes,Credit card,46.76,2468.88,2,3,167.5,No
CUST-003586,75,71,Two year,Fiber optic,Yes,Yes,No,No,Bank transfer,78.87,5633.45,0,5,158.4,No
CUST-003587,30,41,Two year,Fiber optic,Yes,No,No,Yes,Credit card,75.5,3080.25,1,3,224.9,No
CUST-003588,48,10,One year,Fiber optic,Yes,No,No,Yes,Bank transfer,68.14,675.64,1,4,228.7,No
CUST-003589,33,7,Month-to-month,DSL,Yes,No,Yes,No,Mailed check,53.13,372.97,1,2,176.2,No
CUST-003590,37,7,Month-to-month,DSL,No,Yes,No,No,Credit card,57.78,426.58,0,3,120.6,No
CUST-003591,44,4,One year,Fiber optic,No,No,Yes,Yes,Electronic check,76.93,324.86,1,3,442.3,Yes
CUST-003592,65,12,Month-to-month,DSL,Yes,No,Yes,Yes,Credit card,67.86,811.25,0,4,197.2,No
CUST-003593,72,40,Month-to-month,DSL,Yes,No,Yes,No,Mailed check,61.58,2475.19,2,2,67.2,No
CUST-003594,52,17,Two year,Fiber optic,Yes,Yes,Yes,Yes,Electronic check,89.88,1549.18,1,5,411.5,No
CUST-003595,39,4,Month-to-month,Fiber optic,No,No,No,Yes,Mailed check,72.6,257.49,1,4,115.9,Yes
CUST-003596,82,0,Month-to-month,No internet service,Yes,Yes,Yes,No,Bank transfer,47.82,40.28,2,4,4.3,No
CUST-003597,39,5,Two year,Fiber optic,Yes,No,No,Yes,Electronic check,84.02,396.09,1,3,374.4,No
CUST-003598,36,29,One year,Fiber optic,No,No,No,No,Credit card,69.46,1999.81,1,2,219.2,No
CUST-003599,18,13,One year,Fiber optic,Yes,No,Yes,Yes,Mailed check,81.66,1074.58,2,1,455.9,No
CUST-003600,66,6,Month-to-month,DSL,Yes,No,Yes,No,Bank transfer,67.21,379.25,2,4,197.3,Yes
CUST-003601,60,3,Month-to-month,DSL,No,Yes,Yes,Yes,Electronic check,71.41,260.42,2,4,97.9,No
CUST-003602,81,1,One year,DSL,Yes,No,No,Yes,Electronic check,54.1,67.28,2,3,43.5,No
CUST-003603,24,51,Month-to-month,Fiber optic,Yes,No,Yes,No,Electronic check,88.23,4488.04,1,2,337.1,No
CUST-003604,67,6,One year,DSL,Yes,No,Yes,No,Electronic check,72.06,429.73,1,3,75.9,No
CUST-003605,46,3,Month-to-month,Fiber optic,Yes,No,Yes,No,Credit card,73.27,194.05,0,4,247.0,Yes
CUST-003606,57,32,Month-to-month,No internet service,No,No,Yes,No,Mailed check,35.51,1106.83,0,4,7.3,No
CUST-003607,20,12,Month-to-month,No internet service,No,No,No,Yes,Credit card,26.73,313.05,4,4,0.0,Yes
CUST-003608,67,41,Month-to-month,DSL,No,Yes,No,No,Bank transfer,47.16,1959.73,0,2,135.7,No
CUST-003609,57,3,Month-to-month,Fiber optic,No,Yes,Yes,Yes,Electronic check,88.23,236.55,1,3,306.7,No
CUST-003610,44,47,One year,No internet service,Yes,No,No,Yes,Credit card,27.97,1339.25,3,3,2.9,No
CUST-003611,55,2,One year,Fiber optic,No,Yes,No,Yes,Credit card,62.54,121.37,0,4,240.6,No
CUST-003612,34,3,Month-to-month,Fiber optic,Yes,No,No,Yes,Electronic check,76.95,235.62,1,3,412.0,Yes
CUST-003613,36,0,One year,No internet service,No,No,No,Yes,Bank transfer,19.95,21.41,1,4,3.4,No
CUST-003614,38,24,Month-to-month,Fiber optic,No,No,No,Yes,Mailed check,64.63,1566.61,3,2,373.1,No
CUST-003615,18,5,Month-to-month,Fiber optic,Yes,Yes,No,No,Mailed check,82.23,433.1,0,4,411.2,No
CUST-003616,58,72,Two year,DSL,No,No,Yes,No,Mailed check,52.25,3757.71,1,3,181.4,No
CUST-003617,63,2,One year,DSL,Yes,No,Yes,Yes,Mailed check,68.86,147.92,1,3,78.0,No
CUST-003618,34,18,One year,DSL,Yes,No,No,Yes,Mailed check,48.44,897.94,1,5,130.8,No
CUST-003619,50,52,Month-to-month,Fiber optic,Yes,No,Yes,Yes,Mailed check,92.56,4829.4,1,3,237.3,No
CUST-003620,41,4,Month-to-month,DSL,Yes,No,No,No,Bank transfer,58.7,226.54,1,3,208.7,Yes
CUST-003621,50,7,One year,Fiber optic,Yes,Yes,No,Yes,Bank transfer,86.69,602.93,0,2,510.1,No
CUST-003622,36,35,One year,No internet service,No,Yes,No,No,Electronic check,28.32,971.47,0,4,1.3,No
CUST-003623,32,56,One year,Fiber optic,Yes,No,Yes,Yes,Electronic check,82.88,4677.63,0,3,206.1,No
CUST-003624,61,15,Two year,Fiber optic,Yes,No,No,No,Mailed check,69.4,1047.13,0,3,230.4,No
CUST-003625,44,11,Month-to-month,DSL,Yes,No,Yes,No,Mailed check,61.1,644.03,0,3,194.7,Yes
CUST-003626,75,26,Two year,Fiber optic,Yes,No,Yes,Yes,Bank transfer,84.14,2170.84,1,4,436.5,No
CUST-003627,46,17,One year,DSL,Yes,Yes,Yes,No,Bank transfer,67.57,1145.62,0,4,161.1,No
CUST-003628,31,5,Month-to-month,Fiber optic,Yes,Yes,Yes,Yes,Electronic check,92.62,489.94,1,5,389.8,No
CUST-003629,63,43,Month-to-month,Fiber optic,Yes,No,No,Yes,Bank transfer,68.97,2961.89,2,3,291.7,No
CUST-003630,54,1,One year,Fiber optic,Yes,No,No,Yes,Mailed check,69.89,81.97,0,3,301.7,No
CUST-003631,56,5,Month-to-month,Fiber optic,Yes,No,No,Yes,Mailed check,71.1,341.21,2,3,198.1,Yes
CUST-003632,63,24,One year,Fiber optic,No,No,No,No,Bank transfer,61.12,1479.77,1,3,284.5,No
CUST-003633,35,15,One year,Fiber optic,No,Yes,No,Yes,Bank transfer,69.29,1065.37,0,4,226.8,No
CUST-003634,43,15,Month-to-month,Fiber optic,Yes,No,No,No,Bank transfer,75.92,1154.59,0,4,433.9,No
CUST-003635,42,3,Month-to-month,No internet service,No,No,No,No,Credit card,18.0,4.86,0,3,9.5,No
CUST-003636,26,45,One year,DSL,No,No,Yes,No,Mailed check,50.98,2291.05,0,4,106.4,No
CUST-003637,41,6,Month-to-month,Fiber optic,No,No,No,Yes,Credit card,64.11,363.51,0,2,285.1,No
CUST-003638,65,25,Two year,Fiber optic,No,No,Yes,Yes,Credit card,71.3,1795.92,1,3,147.0,No
CUST-003639,49,0,Month-to-month,Fiber optic,No,No,No,No,Electronic check,71.68,73.08,0,5,260.5,Yes
CUST-003640,25,15,Two year,Fiber optic,No,No,No,Yes,Credit card,61.51,956.88,2,3,205.5,No
CUST-003641,22,18,Month-to-month,DSL,Yes,Yes,No,No,Mailed check,59.24,1059.67,2,3,223.9,No
CUST-003642,70,69,Month-to-month,Fiber optic,No,No,Yes,Yes,Credit card,79.27,5471.09,0,4,209.7,No
CUST-003643,44,41,One year,No internet service,No,No,No,Yes,Credit card,18.0,735.54,1,4,0.2,No
CUST-003644,35,72,Month-to-month,No internet service,No,No,No,No,Mailed check,18.0,1310.37,1,3,5.7,No
CUST-003645,41,7,Month-to-month,Fiber optic,No,No,No,No,Mailed check,61.85,413.52,3,2,205.8,Yes
CUST-003646,23,39,Month-to-month,Fiber optic,No,Yes,No,Yes,Bank transfer,74.91,2901.49,0,3,438.8,No
CUST-003647,66,9,One year,Fiber optic,No,No,Yes,No,Mailed check,86.16,764.17,3,3,331.9,Yes
CUST-003648,39,4,One year,Fiber optic,No,Yes,Yes,Yes,Bank transfer,92.28,380.82,0,5,321.4,No
CUST-003649,66,41,Month-to-month,DSL,No,Yes,Yes,Yes,Mailed check,69.37,2864.95,1,2,169.8,No
CUST-003650,46,23,Month-to-month,Fiber optic,No,No,No,Yes,Mailed check,58.8,1350.54,2,2,266.6,No
CUST-003651,66,47,Month-to-month,Fiber optic,No,No,No,No,Mailed check,60.62,2860.97,0,4,288.4,No
CUST-003652,49,7,Two year,Fiber optic,No,No,Yes,No,Credit card,83.94,597.74,1,3,202.5,No
CUST-003653,58,18,Month-to-month,DSL,Yes,No,No,No,Bank transfer,60.63,1090.19,0,2,148.0,No
CUST-003654,56,19,One year,Fiber optic,No,No,No,Yes,Bank transfer,68.98,1308.99,1,4,315.5,Yes
CUST-003655,54,8,Month-to-month,No internet service,No,Yes,Yes,No,Credit card,42.03,351.49,1,3,2.0,Yes
CUST-003656,50,45,One year,Fiber optic,No,Yes,No,Yes,Credit card,68.85,3136.56,0,4,281.1,No
CUST-003657,42,4,Two year,Fiber optic,Yes,No,No,Yes,Mailed check,81.58,346.08,1,4,315.1,No
CUST-003658,74,36,Month-to-month,DSL,Yes,No,No,No,Electronic check,49.34,1800.3,2,2,58.8,Yes
CUST-003659,31,72,One year,DSL,Yes,No,Yes,Yes,Mailed check,56.95,4141.18,0,2,88.5,No
CUST-003660,45,6,Month-to-month,Fiber optic,Yes,Yes,No,Yes,Bank transfer,83.01,484.1,0,5,238.5,No
CUST-003661,45,8,One year,DSL,No,No,Yes,No,Electronic check,54.09,446.75,1,3,189.2,No
CUST-003662,51,16,Month-to-month,Fiber optic,No,No,Yes,No,Credit card,70.51,1157.29,0,5,274.7,Yes
CUST-003663,39,72,Month-to-month,Fiber optic,No,Yes,Yes,Yes,Electronic check,87.39,6310.86,1,4,363.0,No
CUST-003664,50,2,Month-to-month,Fiber optic,No,No,Yes,No,Electronic check,67.86,123.74,0,5,346.5,Yes
CUST-003665,42,6,Month-to-month,DSL,No,No,No,No,Bank transfer,47.27,267.68,1,2,81.7,No
CUST-003666,21,18,Two year,DSL,No,No,No,Yes,Bank transfer,42.77,802.52,0,3,45.0,No
CUST-003667,45,2,One year,DSL,No,Yes,Yes,No,Mailed check,71.01,150.33,0,4,89.7,No
CUST-003668,28,39,Month-to-month,No internet service,No,Yes,No,Yes,Credit card,28.29,1109.42,0,3,10.7,No
CUST-003669,19,4,Month-to-month,DSL,No,Yes,No,Yes,Credit card,56.37,225.87,0,3,97.3,No
CUST-003670,47,1,One year,No internet service,No,No,Yes,Yes,Electronic check,26.58,56.78,2,4,7.8,No
CUST-003671,52,8,Month-to-month,DSL,Yes,Yes,Yes,Yes,Credit card,62.53,519.72,1,3,154.0,No
CUST-003672,53,46,Month-to-month,DSL,No,No,No,No,Bank transfer,43.19,1983.02,1,3,168.5,No
CUST-003673,54,4,One year,DSL,No,No,No,Yes,Mailed check,48.06,210.47,0,3,79.3,No
CUST-003674,18,2,Month-to-month,Fiber optic,Yes,Yes,Yes,Yes,Credit card,91.36,186.28,1,3,489.6,No
CUST-003675,25,10,Month-to-month,Fiber optic,No,Yes,No,Yes,Credit card,76.75,784.94,1,3,262.7,Yes
CUST-003676,75,43,Month-to-month,DSL,No,Yes,No,No,Bank transfer,53.73,2337.51,1,3,107.3,No
CUST-003677,29,6,Month-to-month,Fiber optic,No,No,No,Yes,Mailed check,59.75,383.23,2,2,404.4,Yes
CUST-003678,54,34,One year,Fiber optic,Yes,Yes,Yes,Yes,Electronic check,93.32,3138.37,0,4,279.3,No
CUST-003679,35,33,One year,No internet service,Yes,No,No,No,Mailed check,28.86,962.65,0,4,1.2,No
CUST-003680,46,8,Two year,DSL,No,No,Yes,Yes,Bank transfer,63.35,536.36,1,4,145.1,No
CUST-003681,36,15,Month-to-month,Fiber optic,No,Yes,Yes,No,Bank transfer,78.37,1161.17,2,3,246.6,Yes
CUST-003682,53,7,One year,Fiber optic,No,No,No,Yes,Credit card,61.68,471.54,0,2,181.5,No
CUST-003683,47,6,Two year,No internet service,Yes,No,No,Yes,Mailed check,29.98,192.29,0,5,3.8,No
CUST-003684,38,20,One year,No internet service,Yes,No,Yes,Yes,Bank transfer,47.07,960.57,1,3,3.6,No
CUST-003685,29,72,Two year,DSL,Yes,Yes,Yes,No,Bank transfer,70.0,5059.15,1,4,184.3,No
CUST-003686,49,11,Two year,Fiber optic,No,Yes,Yes,No,Bank transfer,85.98,918.89,1,2,449.5,No
CUST-003687,27,72,Two year,Fiber optic,No,Yes,No,Yes,Credit card,71.18,5144.87,1,3,336.0,No
CUST-003688,51,13,Two year,Fiber optic,Yes,No,Yes,No,Credit card,84.79,1112.13,0,5,318.8,No
CUST-003689,84,22,One year,No internet service,No,No,No,No,Electronic check,25.76,557.76,4,4,4.0,No
CUST-003690,65,11,Month-to-month,DSL,No,No,No,Yes,Credit card,45.55,533.52,0,3,155.4,No
CUST-003691,56,4,Two year,DSL,No,Yes,Yes,Yes,Credit card,60.79,205.26,1,4,115.9,No
CUST-003692,44,1,Two year,Fiber optic,Yes,Yes,No,Yes,Electronic check,76.49,64.24,1,4,201.0,No
CUST-003693,18,55,Month-to-month,No internet service,No,No,No,Yes,Bank transfer,18.46,1044.37,0,5,6.4,No
CUST-003694,25,8,Month-to-month,Fiber optic,No,Yes,No,No,Bank transfer,67.54,560.5,3,3,453.6,Yes
CUST-003695,64,66,Month-to-month,Fiber optic,Yes,No,No,No,Mailed check,71.81,4728.71,2,4,221.6,No
CUST-003696,33,13,Two year,DSL,Yes,No,Yes,No,Credit card,65.29,834.53,0,3,114.8,No
CUST-003697,35,0,Month-to-month,DSL,No,No,Yes,No,Credit card,58.43,55.19,2,2,97.4,Yes
CUST-003698,43,17,Month-to-month,No internet service,Yes,Yes,Yes,No,Electronic check,41.07,706.02,1,4,0.1,No
CUST-003699,29,48,Month-to-month,DSL,No,Yes,Yes,No,Electronic check,60.9,2916.33,0,2,238.5,Yes
CUST-003700,27,22,Month-to-month,No internet service,No,No,No,No,Electronic check,18.14,399.36,0,4,5.8,No
CUST-003701,44,40,Two year,Fiber optic,Yes,Yes,Yes,No,Credit card,87.18,3491.05,0,2,373.9,No
CUST-003702,32,16,Month-to-month,Fiber optic,No,No,Yes,No,Electronic check,74.1,1181.16,1,3,565.2,Yes
CUST-003703,34,5,Month-to-month,Fiber optic,No,No,No,No,Bank transfer,69.5,340.95,2,2,333.1,Yes
CUST-003704,33,11,Month-to-month,Fiber optic,No,No,Yes,Yes,Bank transfer,83.82,901.03,2,4,153.9,Yes
CUST-003705,53,21,One year,No internet service,Yes,No,No,Yes,Electronic check,26.43,557.05,1,2,4.7,No
CUST-003706,42,42,One year,Fiber optic,No,Yes,Yes,No,Electronic check,79.44,3338.1,0,4,276.1,No
CUST-003707,42,3,Month-to-month,Fiber optic,No,Yes,No,Yes,Credit card,70.59,195.58,0,3,289.4,Yes
CUST-003708,54,51,Month-to-month,Fiber optic,Yes,No,Yes,Yes,Mailed check,85.42,4364.61,1,3,286.1,No
CUST-003709,43,1,Two year,DSL,Yes,Yes,No,Yes,Mailed check,62.46,88.55,0,3,184.0,No
CUST-003710,41,0,One year,No internet service,No,Yes,No,Yes,Mailed check,24.02,27.83,1,5,2.9,No
CUST-003711,52,6,One year,No internet service,No,No,Yes,Yes,Electronic check,29.29,186.87,2,2,7.4,Yes
CUST-003712,55,28,Month-to-month,Fiber optic,Yes,No,Yes,Yes,Mailed check,97.26,2745.56,0,4,141.6,No
CUST-003713,43,3,Two year,DSL,Yes,Yes,No,No,Electronic check,52.53,159.43,1,3,163.7,No
CUST-003714,46,58,One year,Fiber optic,No,No,No,No,Electronic check,69.51,4051.96,0,3,152.4,No
CUST-003715,33,29,Month-to-month,No internet service,No,Yes,No,Yes,Electronic check,33.45,926.51,0,4,0.0,No
CUST-003716,32,4,Two year,Fiber optic,Yes,No,No,Yes,Bank transfer,71.73,275.28,1,2,471.2,No
CUST-003717,57,5,Two year,No internet service,Yes,No,No,Yes,Electronic check,30.2,131.48,0,2,0.0,No
CUST-003718,52,4,One year,No internet service,No,No,No,Yes,Electronic check,18.0,102.72,4,2,1.5,Yes
CUST-003719,52,17,One year,DSL,No,No,No,No,Credit card,45.12,782.19,0,3,146.3,No
CUST-003720,49,30,Month-to-month,DSL,Yes,Yes,Yes,No,Bank transfer,76.8,2282.33,2,3,119.1,No
CUST-003721,46,5,Month-to-month,Fiber optic,No,No,No,Yes,Credit card,65.6,310.99,1,3,191.2,No
CUST-003722,55,6,Month-to-month,Fiber optic,No,Yes,No,Yes,Credit card,71.19,402.22,1,4,319.8,No
CUST-003723,59,12,One year,Fiber optic,Yes,No,No,No,Mailed check,81.67,989.09,1,4,267.5,No
CUST-003724,59,1,Month-to-month,Fiber optic,Yes,Yes,No,No,Bank transfer,83.1,89.48,1,2,234.1,No
CUST-003725,43,69,Month-to-month,DSL,No,Yes,No,No,Credit card,54.54,3757.31,1,4,140.9,No
CUST-003726,66,3,Two year,DSL,No,Yes,Yes,Yes,Mailed check,58.95,161.81,1,4,99.8,No
CUST-003727,48,13,Month-to-month,No internet service,Yes,No,No,Yes,Electronic check,18.0,235.87,0,5,0.7,No
CUST-003728,54,18,Two year,No internet service,No,No,Yes,Yes,Electronic check,33.87,663.69,1,3,4.8,No
CUST-003729,49,10,Month-to-month,Fiber optic,No,No,Yes,Yes,Credit card,77.03,765.12,0,5,345.6,No
CUST-003730,49,43,Month-to-month,Fiber optic,No,No,Yes,No,Electronic check,80.81,3500.2,0,4,273.4,No
CUST-003731,34,9,Month-to-month,Fiber optic,No,No,No,Yes,Credit card,65.62,587.08,2,2,375.6,Yes
CUST-003732,56,9,Month-to-month,Fiber optic,No,No,No,No,Bank transfer,65.22,608.84,0,4,201.4,No
CUST-003733,85,20,Month-to-month,DSL,No,Yes,No,No,Bank transfer,51.15,1037.53,1,3,180.2,Yes
CUST-003734,39,14,Month-to-month,DSL,Yes,No,Yes,No,Mailed check,59.45,834.1,1,4,139.0,No
CUST-003735,46,22,One year,DSL,No,No,Yes,No,Mailed check,47.77,1066.18,0,5,111.0,No
CUST-003736,38,5,Month-to-month,DSL,No,No,No,Yes,Electronic check,40.57,229.27,3,2,242.3,Yes
CUST-003737,38,14,Month-to-month,No internet service,No,No,Yes,No,Bank transfer,26.49,374.66,1,4,1.9,No
CUST-003738,68,11,Month-to-month,DSL,Yes,Yes,No,No,Bank transfer,58.77,645.3,3,3,91.8,Yes
CUST-003739,35,11,Month-to-month,No internet service,No,Yes,Yes,Yes,Bank transfer,29.83,343.88,0,3,6.2,No
CUST-003740,38,8,Month-to-month,No internet service,No,No,Yes,Yes,Mailed check,29.62,272.02,0,5,3.5,No
CUST-003741,21,13,Month-to-month,DSL,Yes,Yes,No,Yes,Bank transfer,68.65,867.09,0,3,181.4,Yes
CUST-003742,34,10,One year,Fiber optic,No,No,No,Yes,Mailed check,64.63,623.4,2,3,258.2,Yes
CUST-003743,19,72,One year,No internet service,No,Yes,Yes,No,Credit card,38.24,2784.02,1,3,8.3,No
CUST-003744,54,49,Two year,Fiber optic,No,Yes,Yes,Yes,Electronic check,83.08,4062.54,0,4,316.6,No
CUST-003745,85,5,One year,Fiber optic,No,Yes,Yes,Yes,Credit card,84.06,447.64,1,5,307.4,No
CUST-003746,39,1,Month-to-month,DSL,No,No,Yes,No,Mailed check,54.37,43.34,0,5,24.7,No
CUST-003747,20,2,Month-to-month,Fiber optic,Yes,No,No,No,Mailed check,72.17,137.41,0,4,318.4,No
CUST-003748,58,8,Month-to-month,Fiber optic,No,No,No,Yes,Mailed check,62.29,521.56,0,2,464.3,Yes
CUST-003749,34,16,One year,Fiber optic,No,No,Yes,No,Bank transfer,69.54,1129.76,0,5,299.2,Yes
CUST-003750,64,16,Month-to-month,No internet service,Yes,Yes,Yes,No,Electronic check,51.86,809.52,1,4,4.0,No
CUST-003751,41,12,Month-to-month,DSL,No,No,Yes,Yes,Mailed check,52.59,645.46,0,4,147.0,No
CUST-003752,36,54,Two year,No internet service,No,No,Yes,Yes,Mailed check,40.0,2149.08,1,3,3.5,No
CUST-003753,42,41,Month-to-month,No internet service,Yes,No,No,Yes,Electronic check,24.18,1002.54,2,3,5.9,No
CUST-003754,56,52,Month-to-month,Fiber optic,No,No,Yes,No,Electronic check,70.21,3654.59,0,4,163.8,No
CUST-003755,42,4,Two year,No internet service,Yes,No,No,No,Credit card,37.68,149.75,1,5,12.6,No
CUST-003756,38,4,Month-to-month,DSL,No,Yes,No,Yes,Credit card,43.6,164.51,1,4,143.6,No
CUST-003757,42,29,Month-to-month,Fiber optic,No,Yes,No,No,Mailed check,59.68,1699.76,1,2,331.0,No
CUST-003758,26,3,Month-to-month,No internet service,Yes,No,No,Yes,Electronic check,20.77,52.15,0,4,0.0,No
CUST-003759,51,28,Month-to-month,No internet service,No,Yes,Yes,No,Mailed check,37.31,1061.03,0,3,4.5,No
CUST-003760,18,2,Two year,Fiber optic,No,Yes,No,Yes,Credit card,64.31,140.21,0,2,225.8,No
CUST-003761,38,17,One year,No internet service,No,Yes,No,Yes,Credit card,23.19,380.04,0,3,0.4,No
CUST-003762,56,1,Month-to-month,Fiber optic,No,Yes,No,No,Credit card,60.83,85.43,0,4,336.5,Yes
CUST-003763,50,7,Month-to-month,No internet service,No,No,Yes,No,Bank transfer,37.44,271.92,2,4,0.0,No
CUST-003764,54,8,Month-to-month,DSL,Yes,Yes,Yes,Yes,Bank transfer,73.1,599.77,1,3,134.3,Yes
CUST-003765,44,34,One year,Fiber optic,Yes,No,Yes,No,Electronic check,78.67,2656.69,0,3,370.7,No
CUST-003766,63,3,Month-to-month,No internet service,Yes,No,Yes,Yes,Mailed check,28.42,124.07,0,3,4.6,No
CUST-003767,59,27,Month-to-month,DSL,No,Yes,No,No,Credit card,46.48,1267.33,0,5,178.2,No
CUST-003768,52,7,One year,Fiber optic,Yes,Yes,No,Yes,Electronic check,82.25,609.3,1,5,401.2,No
CUST-003769,59,19,Two year,No internet service,No,Yes,No,Yes,Electronic check,31.38,586.47,0,4,3.4,No
CUST-003770,56,51,Two year,No internet service,No,Yes,No,Yes,Credit card,24.82,1232.11,1,4,7.4,No
CUST-003771,38,32,Two year,DSL,Yes,Yes,No,Yes,Credit card,56.49,1791.67,3,3,128.6,No
CUST-003772,25,36,Month-to-month,DSL,No,No,No,Yes,Electronic check,42.11,1539.69,1,4,104.9,Yes
CUST-003773,51,72,One year,Fiber optic,Yes,Yes,No,Yes,Mailed check,80.52,5777.76,0,2,322.5,No
CUST-003774,53,2,Two year,Fiber optic,No,No,No,No,Electronic check,69.41,171.58,0,4,283.7,No
CUST-003775,61,65,Month-to-month,DSL,Yes,No,Yes,Yes,Electronic check,64.28,4166.64,1,1,182.0,No
CUST-003776,31,60,Month-to-month,Fiber optic,Yes,Yes,No,No,Electronic check,77.13,4638.49,0,2,463.8,No
CUST-003777,31,18,Month-to-month,DSL,Yes,Yes,Yes,Yes,Bank transfer,74.9,1355.83,1,1,71.5,Yes
CUST-003778,52,42,Two year,No internet service,No,Yes,No,No,Electronic check,33.47,1402.47,0,5,7.1,No
CUST-003779,44,0,Two year,No internet service,Yes,Yes,No,No,Credit card,32.57,29.42,0,3,4.0,No
CUST-003780,18,16,Two year,DSL,No,No,No,No,Electronic check,45.42,709.94,0,2,151.2,No
CUST-003781,51,13,Month-to-month,DSL,No,No,No,Yes,Electronic check,41.24,578.23,0,5,63.6,No
CUST-003782,18,72,Two year,No internet service,No,Yes,Yes,No,Electronic check,38.4,2778.07,0,3,10.0,No
CUST-003783,31,7,Month-to-month,No internet service,Yes,Yes,No,No,Bank transfer,29.37,176.01,1,4,5.8,No
CUST-003784,65,17,Month-to-month,Fiber optic,No,Yes,Yes,No,Credit card,90.11,1507.64,1,3,377.5,Yes
CUST-003785,72,4,One year,DSL,Yes,No,No,Yes,Electronic check,57.43,243.24,1,4,121.5,No
CUST-003786,27,17,One year,Fiber optic,No,No,No,No,Bank transfer,73.69,1255.41,1,3,263.5,No
CUST-003787,40,36,Two year,Fiber optic,No,No,No,No,Electronic check,62.2,2205.78,2,3,356.0,Yes
CUST-003788,46,27,Month-to-month,Fiber optic,No,No,No,No,Electronic check,75.35,2088.12,0,2,374.0,No
CUST-003789,72,0,Month-to-month,DSL,Yes,No,Yes,Yes,Electronic check,66.22,13.33,0,3,119.4,Yes
CUST-003790,38,1,Month-to-month,No internet service,No,No,Yes,Yes,Electronic check,31.33,24.95,0,2,7.2,Yes
CUST-003791,38,24,Month-to-month,No internet service,No,Yes,Yes,No,Credit card,44.29,1066.21,0,2,2.1,No
CUST-003792,68,21,Two year,Fiber optic,Yes,No,No,Yes,Bank transfer,67.9,1415.13,1,4,333.2,No
CUST-003793,39,15,Month-to-month,Fiber optic,No,No,No,No,Credit card,65.17,997.48,0,5,396.8,Yes
CUST-003794,56,6,Month-to-month,Fiber optic,Yes,No,No,Yes,Credit card,72.22,446.44,0,3,318.4,No
CUST-003795,23,0,Month-to-month,Fiber optic,No,No,No,No,Credit card,67.09,72.79,0,1,263.1,No
CUST-003796,42,34,One year,Fiber optic,No,No,Yes,Yes,Mailed check,74.78,2543.95,0,4,405.5,No
CUST-003797,20,21,Two year,No internet service,Yes,No,Yes,Yes,Electronic check,37.3,796.91,0,4,7.3,No
CUST-003798,29,32,Month-to-month,Fiber optic,Yes,Yes,No,No,Electronic check,77.1,2465.88,0,2,353.4,No
CUST-003799,58,30,Month-to-month,DSL,No,No,Yes,Yes,Electronic check,55.55,1639.14,1,3,187.1,No
CUST-003800,44,16,Two year,Fiber optic,No,Yes,No,Yes,Electronic check,71.39,1164.46,3,1,244.6,Yes
CUST-003801,40,11,One year,DSL,Yes,Yes,No,No,Electronic check,65.44,757.71,2,3,57.9,Yes
CUST-003802,34,2,Month-to-month,No internet service,Yes,Yes,Yes,Yes,Bank transfer,35.22,75.0,4,3,0.0,Yes
CUST-003803,42,14,Month-to-month,No internet service,No,No,No,Yes,Mailed check,23.83,338.59,0,5,3.8,No
CUST-003804,50,14,Two year,Fiber optic,Yes,No,No,Yes,Mailed check,70.64,991.12,0,4,325.8,No
CUST-003805,60,6,One year,No internet service,Yes,No,Yes,Yes,Mailed check,39.11,211.18,2,3,2.0,No
CUST-003806,18,45,Month-to-month,Fiber optic,No,No,Yes,No,Electronic check,71.57,3212.66,1,5,302.0,No
CUST-003807,33,24,Month-to-month,No internet service,No,No,No,No,Electronic check,20.23,504.33,2,3,4.5,Yes
CUST-003808,47,3,Month-to-month,Fiber optic,No,No,No,No,Bank transfer,63.04,197.1,1,2,325.2,Yes
CUST-003809,44,58,Month-to-month,DSL,Yes,Yes,Yes,No,Credit card,69.88,4090.28,1,4,156.4,No
CUST-003810,51,19,Month-to-month,DSL,No,No,Yes,No,Bank transfer,59.92,1156.34,0,4,130.0,Yes
CUST-003811,49,7,Month-to-month,No internet service,No,Yes,Yes,Yes,Credit card,41.18,283.05,0,4,1.4,Yes
CUST-003812,40,64,Month-to-month,No internet service,No,Yes,No,No,Mailed check,33.1,2134.83,1,3,9.6,No
CUST-003813,37,14,Month-to-month,Fiber optic,No,No,Yes,No,Credit card,74.04,1035.58,0,3,371.0,Yes
CUST-003814,41,40,Month-to-month,No internet service,Yes,Yes,No,No,Bank transfer,37.41,1466.45,0,2,1.6,No
CUST-003815,62,22,Month-to-month,Fiber optic,No,No,Yes,No,Credit card,80.17,1787.65,0,3,407.2,No
CUST-003816,34,6,Two year,Fiber optic,No,No,No,No,Electronic check,65.44,405.79,5,2,102.6,Yes
CUST-003817,44,28,Month-to-month,Fiber optic,Yes,No,Yes,Yes,Credit card,93.43,2677.88,3,3,229.8,No
CUST-003818,48,7,Two year,Fiber optic,No,No,Yes,Yes,Mailed check,73.81,508.96,2,5,359.6,No
CUST-003819,68,9,Two year,Fiber optic,No,No,No,Yes,Mailed check,65.75,609.45,0,3,320.5,Yes
CUST-003820,40,11,Two year,DSL,Yes,No,No,No,Mailed check,54.52,587.94,1,4,141.4,No
CUST-003821,59,11,Month-to-month,Fiber optic,Yes,No,No,No,Mailed check,67.01,722.8,1,4,359.2,No
CUST-003822,63,20,Month-to-month,DSL,Yes,No,No,Yes,Credit card,59.32,1236.06,2,3,140.4,No
CUST-003823,44,33,One year,Fiber optic,No,No,No,Yes,Credit card,64.47,2089.29,0,3,251.9,Yes
CUST-003824,42,12,Month-to-month,DSL,No,No,No,Yes,Bank transfer,47.19,568.52,1,5,149.4,Yes
CUST-003825,40,16,Month-to-month,Fiber optic,No,No,No,Yes,Electronic check,72.9,1204.16,1,4,172.7,Yes
CUST-003826,41,3,Month-to-month,Fiber optic,Yes,No,No,Yes,Mailed check,74.08,194.27,0,5,311.1,No
CUST-003827,58,16,One year,DSL,No,No,Yes,No,Mailed check,57.2,907.9,0,5,119.8,No
CUST-003828,48,5,Two year,No internet service,No,Yes,No,Yes,Bank transfer,26.33,152.68,4,3,6.1,No
CUST-003829,49,9,Month-to-month,No internet service,Yes,Yes,No,No,Electronic check,28.98,239.63,1,3,7.9,No
CUST-003830,28,9,Two year,Fiber optic,Yes,No,Yes,No,Bank transfer,83.1,757.34,2,3,315.4,No
CUST-003831,30,17,One year,No internet service,No,No,Yes,No,Mailed check,31.24,518.12,3,3,7.9,No
CUST-003832,77,30,Month-to-month,DSL,Yes,No,Yes,Yes,Electronic check,65.49,1994.32,1,3,133.0,No
CUST-003833,42,14,Month-to-month,No internet service,No,Yes,Yes,Yes,Electronic check,44.89,657.37,0,5,5.4,No
CUST-003834,33,2,Month-to-month,Fiber optic,No,Yes,No,Yes,Electronic check,75.65,144.56,0,3,453.3,No
CUST-003835,66,59,Two year,Fiber optic,Yes,No,Yes,Yes,Credit card,82.06,4786.96,1,5,382.4,No
CUST-003836,49,5,One year,Fiber optic,Yes,No,No,Yes,Bank transfer,72.88,377.57,3,3,203.1,No
CUST-003837,54,13,One year,No internet service,No,No,No,Yes,Bank transfer,27.0,374.31,1,5,1.3,No
CUST-003838,43,67,One year,Fiber optic,No,Yes,Yes,No,Electronic check,74.38,4996.8,0,5,272.8,No
CUST-003839,40,59,Month-to-month,Fiber optic,Yes,No,No,Yes,Credit card,71.86,4250.53,1,3,412.3,No
CUST-003840,42,19,Two year,DSL,No,No,No,No,Electronic check,38.47,739.06,0,4,122.9,No
CUST-003841,24,27,Two year,No internet service,No,No,No,Yes,Mailed check,32.22,865.94,0,4,2.7,No
CUST-003842,44,41,One year,DSL,Yes,Yes,Yes,Yes,Bank transfer,74.86,3056.78,0,3,131.1,No
CUST-003843,49,8,Month-to-month,DSL,Yes,No,No,Yes,Electronic check,50.52,407.67,0,5,128.4,No
CUST-003844,73,27,Month-to-month,Fiber optic,No,No,Yes,Yes,Credit card,76.82,2072.05,1,3,260.1,Yes
CUST-003845,46,7,Month-to-month,No internet service,No,No,Yes,Yes,Credit card,27.89,211.51,1,3,5.2,Yes
CUST-003846,18,30,Month-to-month,Fiber optic,Yes,No,Yes,No,Mailed check,94.96,2834.21,0,3,309.3,Yes
CUST-003847,44,11,One year,Fiber optic,No,No,No,Yes,Mailed check,53.53,582.62,0,4,136.8,No
CUST-003848,85,7,One year,DSL,Yes,Yes,Yes,Yes,Electronic check,72.64,512.44,0,4,55.4,No
CUST-003849,58,39,Two year,Fiber optic,No,No,No,Yes,Bank transfer,64.64,2507.99,1,3,102.8,No
CUST-003850,33,4,Month-to-month,DSL,No,No,No,Yes,Mailed check,39.86,133.77,0,3,192.0,No
CUST-003851,54,23,Month-to-month,DSL,No,No,No,No,Credit card,43.74,1021.02,2,2,92.0,No
CUST-003852,34,0,Month-to-month,Fiber optic,No,No,No,No,Bank transfer,56.9,32.87,0,5,382.9,No
CUST-003853,25,14,Two year,Fiber optic,No,No,Yes,No,Mailed check,84.85,1193.71,0,4,248.4,No
CUST-003854,40,44,One year,Fiber optic,Yes,No,No,No,Electronic check,73.13,3230.44,1,3,369.1,No
CUST-003855,46,36,Month-to-month,Fiber optic,No,Yes,Yes,Yes,Mailed check,87.58,3183.36,0,3,155.6,Yes
CUST-003856,18,16,One year,No internet service,Yes,No,Yes,Yes,Mailed check,37.58,649.45,0,3,1.5,Yes
CUST-003857,28,10,One year,DSL,Yes,Yes,Yes,Yes,Credit card,77.72,805.59,1,2,126.2,No
CUST-003858,45,6,Month-to-month,Fiber optic,No,Yes,No,No,Bank transfer,71.17,414.91,2,2,301.0,Yes
CUST-003859,39,4,Month-to-month,Fiber optic,No,No,Yes,No,Bank transfer,82.36,325.51,0,2,280.3,Yes
CUST-003860,51,1,Month-to-month,No internet service,No,Yes,No,No,Electronic check,28.84,36.9,3,4,2.5,No
CUST-003861,27,8,Month-to-month,No internet service,No,Yes,Yes,No,Mailed check,37.83,303.41,0,4,4.6,No
CUST-003862,56,4,One year,No internet service,Yes,No,Yes,No,Mailed check,45.0,185.08,2,2,6.5,No
CUST-003863,27,29,Month-to-month,Fiber optic,No,Yes,Yes,No,Credit card,103.93,3040.89,0,4,352.6,Yes
CUST-003864,70,0,One year,DSL,Yes,No,No,No,Bank transfer,47.34,51.9,1,2,222.2,No
CUST-003865,19,37,One year,Fiber optic,Yes,Yes,No,Yes,Electronic check,78.4,2921.05,0,4,191.0,No
CUST-003866,29,5,Month-to-month,No internet service,No,No,Yes,Yes,Credit card,25.53,106.98,1,3,3.2,Yes
CUST-003867,51,43,Two year,Fiber optic,No,No,No,Yes,Electronic check,67.07,2895.56,1,3,242.4,Yes
CUST-003868,70,27,Month-to-month,DSL,No,No,No,Yes,Bank transfer,46.13,1213.94,1,4,180.9,Yes
CUST-003869,50,5,One year,Fiber optic,No,No,Yes,Yes,Credit card,86.71,457.81,1,5,374.2,No
CUST-003870,53,23,Month-to-month,DSL,No,No,Yes,No,Bank transfer,55.72,1279.7,1,2,127.7,No
CUST-003871,45,72,One year,Fiber optic,Yes,Yes,Yes,Yes,Credit card,95.76,6868.95,0,5,323.6,No
CUST-003872,30,12,Month-to-month,No internet service,Yes,Yes,No,Yes,Credit card,23.6,279.45,1,3,5.3,No
CUST-003873,38,9,Month-to-month,Fiber optic,No,No,Yes,Yes,Electronic check,77.76,711.15,0,5,246.5,No
CUST-003874,27,27,Month-to-month,No internet service,Yes,No,No,Yes,Bank transfer,23.65,615.57,0,4,2.8,No
CUST-003875,26,32,One year,Fiber optic,No,No,No,No,Bank transfer,67.96,2158.94,0,2,239.4,No
CUST-003876,51,17,One year,DSL,Yes,Yes,Yes,Yes,Mailed check,76.76,1298.8,1,3,92.8,No
CUST-003877,28,1,One year,DSL,No,No,No,Yes,Credit card,42.0,60.47,0,4,59.0,No
CUST-003878,50,0,Month-to-month,Fiber optic,Yes,Yes,Yes,Yes,Credit card,93.7,55.24,1,4,320.1,Yes
CUST-003879,25,60,One year,Fiber optic,Yes,No,No,No,Mailed check,71.22,4284.17,0,4,336.0,No
CUST-003880,49,18,One year,Fiber optic,No,Yes,Yes,Yes,Electronic check,83.24,1495.03,0,4,488.2,No
CUST-003881,38,8,Month-to-month,Fiber optic,No,No,No,Yes,Electronic check,67.06,559.71,0,3,332.8,Yes
CUST-003882,66,19,Month-to-month,DSL,Yes,No,Yes,Yes,Electronic check,59.98,1149.44,0,3,163.7,No
CUST-003883,50,17,Month-to-month,Fiber optic,No,No,No,Yes,Bank transfer,60.0,1048.98,0,3,292.6,No
CUST-003884,64,1,Two year,Fiber optic,No,Yes,Yes,No,Bank transfer,87.34,97.35,0,2,302.4,No
CUST-003885,34,2,Month-to-month,Fiber optic,Yes,No,No,Yes,Electronic check,69.61,116.78,0,4,362.1,No
CUST-003886,46,10,Month-to-month,Fiber optic,No,Yes,No,Yes,Bank transfer,77.4,784.37,1,3,446.3,No
CUST-003887,30,72,Two year,Fiber optic,No,No,Yes,No,Electronic check,68.12,4916.27,2,5,436.0,No
CUST-003888,39,9,Two year,DSL,Yes,Yes,No,Yes,Credit card,63.68,560.93,1,5,119.1,No
CUST-003889,41,22,Month-to-month,Fiber optic,No,No,No,Yes,Credit card,65.04,1421.7,2,4,169.0,No
CUST-003890,34,1,Two year,No internet service,Yes,No,No,No,Electronic check,27.53,0.0,0,5,5.9,No
CUST-003891,27,9,Month-to-month,DSL,No,No,No,Yes,Electronic check,45.74,427.94,2,4,158.6,No
CUST-003892,24,10,Two year,Fiber optic,No,No,No,Yes,Credit card,57.77,576.39,0,3,285.4,No
CUST-003893,18,26,Month-to-month,No internet service,Yes,No,No,Yes,Electronic check,33.61,863.89,3,2,9.3,Yes
CUST-003894,29,7,Month-to-month,DSL,No,No,Yes,No,Credit card,54.85,365.22,0,3,147.5,Yes
CUST-003895,54,55,Two year,DSL,No,Yes,No,No,Electronic check,46.83,2567.09,1,3,85.5,No
CUST-003896,21,3,Month-to-month,Fiber optic,Yes,No,No,Yes,Mailed check,83.82,261.56,0,3,271.1,Yes
CUST-003897,24,45,Two year,DSL,No,No,No,No,Bank transfer,43.26,1951.63,1,3,192.4,No
CUST-003898,72,3,Month-to-month,Fiber optic,No,Yes,No,Yes,Mailed check,66.68,194.66,1,5,231.9,No
CUST-003899,35,43,Month-to-month,DSL,No,No,No,Yes,Credit card,49.06,2086.36,0,5,175.5,No
CUST-003900,50,14,Two year,Fiber optic,No,Yes,Yes,No,Credit card,84.32,1174.86,1,3,311.7,No
CUST-003901,55,72,Month-to-month,DSL,Yes,No,No,Yes,Mailed check,58.05,4164.09,1,2,215.7,No
CUST-003902,55,2,Two year,DSL,Yes,No,No,Yes,Mailed check,53.42,103.58,0,2,169.1,No
CUST-003903,22,21,Two year,Fiber optic,Yes,No,Yes,Yes,Bank transfer,89.78,1898.87,1,5,272.9,No
CUST-003904,42,72,Month-to-month,Fiber optic,No,No,Yes,No,Credit card,87.26,6272.97,0,4,256.4,No
CUST-003905,21,18,Month-to-month,No internet service,No,No,Yes,No,Electronic check,28.21,542.22,0,2,4.3,No
CUST-003906,82,62,Month-to-month,Fiber optic,No,Yes,No,No,Mailed check,68.71,4249.57,2,2,385.1,No
CUST-003907,21,3,Month-to-month,Fiber optic,No,Yes,No,No,Mailed check,62.99,155.61,1,3,306.7,No
CUST-003908,29,9,Month-to-month,Fiber optic,Yes,No,No,No,Electronic check,74.9,670.55,0,5,430.4,No
CUST-003909,29,8,Month-to-month,No internet service,No,Yes,Yes,No,Credit card,38.63,297.85,0,4,3.8,No
CUST-003910,23,17,Two year,DSL,Yes,Yes,Yes,No,Credit card,77.31,1383.4,0,3,203.9,No
CUST-003911,65,11,Month-to-month,DSL,Yes,No,Yes,Yes,Credit card,64.86,705.07,0,3,177.1,Yes
CUST-003912,81,1,One year,No internet service,No,Yes,No,No,Bank transfer,25.58,0.0,0,2,7.8,No
CUST-003913,38,22,Month-to-month,DSL,Yes,Yes,No,Yes,Credit card,59.98,1320.38,1,3,221.8,Yes
CUST-003914,25,10,Month-to-month,No internet service,Yes,Yes,No,Yes,Electronic check,32.83,325.04,1,5,4.9,No
CUST-003915,18,65,Month-to-month,DSL,No,Yes,Yes,No,Electronic check,64.84,4191.29,0,3,149.7,No
CUST-003916,41,7,Month-to-month,No internet service,No,No,No,No,Mailed check,21.13,155.1,2,3,0.0,Yes
CUST-003917,40,31,One year,DSL,No,Yes,No,Yes,Mailed check,53.69,1675.71,1,4,91.8,No
CUST-003918,35,17,Month-to-month,Fiber optic,Yes,Yes,No,Yes,Credit card,77.86,1325.24,1,2,299.9,No
CUST-003919,48,48,Two year,Fiber optic,Yes,No,No,No,Credit card,75.75,3630.66,1,4,204.3,No
CUST-003920,51,5,Two year,Fiber optic,Yes,No,No,Yes,Mailed check,76.09,373.08,1,3,303.3,No
CUST-003921,50,2,Month-to-month,DSL,Yes,No,No,Yes,Electronic check,51.37,90.27,3,3,98.8,Yes
CUST-003922,40,4,Two year,No internet service,No,No,Yes,Yes,Electronic check,31.59,100.73,1,3,7.0,No
CUST-003923,28,2,Two year,DSL,Yes,No,No,Yes,Mailed check,52.12,133.94,1,3,73.1,No
CUST-003924,55,23,Month-to-month,DSL,No,No,No,Yes,Bank transfer,38.86,942.53,0,4,189.3,No
CUST-003925,45,8,Two year,DSL,Yes,Yes,No,Yes,Credit card,56.57,432.02,0,3,63.2,No
CUST-003926,58,37,Month-to-month,No internet service,No,No,Yes,No,Electronic check,35.8,1312.55,1,3,4.2,No
CUST-003927,57,17,One year,DSL,Yes,No,No,Yes,Credit card,57.23,951.28,0,4,110.7,No
CUST-003928,24,59,Month-to-month,Fiber optic,Yes,No,Yes,Yes,Bank transfer,86.69,5132.52,0,2,450.1,Yes
CUST-003929,23,9,Two year,DSL,Yes,Yes,No,Yes,Mailed check,53.93,465.07,4,1,138.8,No
CUST-003930,34,6,Two year,Fiber optic,No,No,No,Yes,Electronic check,69.89,433.31,1,3,338.7,Yes
CUST-003931,29,27,Two year,Fiber optic,No,No,Yes,No,Electronic check,86.26,2337.58,1,3,281.0,No
CUST-003932,56,0,Two year,Fiber optic,No,No,No,Yes,Bank transfer,67.97,64.91,1,4,284.1,No
CUST-003933,50,72,Month-to-month,Fiber optic,Yes,No,No,No,Credit card,72.99,5282.48,1,3,365.7,No
CUST-003934,61,0,One year,Fiber optic,No,No,No,Yes,Bank transfer,60.68,53.68,2,2,235.6,No
CUST-003935,51,19,Month-to-month,Fiber optic,No,Yes,Yes,No,Credit card,82.93,1575.72,0,3,395.0,No
CUST-003936,48,23,Month-to-month,No internet service,No,No,No,Yes,Mailed check,18.0,389.66,1,4,3.4,Yes
CUST-003937,63,38,Month-to-month,Fiber optic,No,No,No,No,Electronic check,64.0,2383.17,2,4,210.6,No
CUST-003938,52,8,Two year,No internet service,No,No,No,Yes,Electronic check,26.45,232.8,2,2,6.5,No
CUST-003939,46,14,One year,Fiber optic,No,No,No,No,Credit card,69.42,959.51,0,3,509.6,No
CUST-003940,67,6,Month-to-month,No internet service,No,No,No,Yes,Mailed check,18.29,132.87,3,3,5.2,Yes
CUST-003941,47,3,Two year,DSL,No,No,Yes,Yes,Credit card,57.44,165.27,0,3,154.6,No
CUST-003942,40,31,Two year,No internet service,Yes,Yes,No,Yes,Mailed check,33.98,1051.2,0,3,1.3,No
CUST-003943,32,25,Month-to-month,DSL,Yes,Yes,Yes,No,Electronic check,68.83,1724.87,0,2,75.9,No
CUST-003944,56,56,Month-to-month,DSL,Yes,No,Yes,Yes,Bank transfer,58.28,3252.89,2,3,81.5,No
CUST-003945,64,7,One year,Fiber optic,Yes,No,Yes,No,Bank transfer,89.14,591.67,0,5,161.9,No
CUST-003946,44,5,One year,Fiber optic,Yes,No,No,Yes,Bank transfer,78.91,377.12,1,3,295.1,Yes
CUST-003947,65,5,Month-to-month,DSL,No,No,No,Yes,Electronic check,41.96,190.8,0,2,138.0,No
CUST-003948,18,0,Month-to-month,Fiber optic,No,No,No,No,Electronic check,61.73,61.06,1,5,117.7,Yes
CUST-003949,44,23,Month-to-month,Fiber optic,No,No,Yes,Yes,Bank transfer,81.54,1897.76,0,5,257.1,No
CUST-003950,44,0,Month-to-month,No internet service,No,No,Yes,Yes,Bank transfer,28.67,14.16,1,3,4.6,No
CUST-003951,34,11,Month-to-month,Fiber optic,Yes,Yes,Yes,No,Electronic check,84.07,922.78,0,4,292.0,No
CUST-003952,81,13,Month-to-month,DSL,Yes,Yes,No,Yes,Mailed check,56.78,742.92,2,4,113.5,No
CUST-003953,44,15,Month-to-month,Fiber optic,No,No,Yes,No,Bank transfer,83.78,1240.82,0,4,450.9,No
CUST-003954,39,72,One year,Fiber optic,No,Yes,No,Yes,Bank transfer,68.38,4931.07,0,2,315.9,No
CUST-003955,45,0,Month-to-month,Fiber optic,No,No,Yes,No,Electronic check,73.76,95.77,0,3,358.9,No
CUST-003956,18,4,Month-to-month,DSL,No,Yes,No,Yes,Credit card,48.65,202.47,1,2,205.0,Yes
CUST-003957,34,29,Month-to-month,No internet service,Yes,No,No,No,Electronic check,22.25,644.25,3,4,9.5,No
CUST-003958,60,34,Two year,No internet service,No,No,Yes,No,Electronic check,25.41,847.12,0,5,6.9,No
CUST-003959,36,42,Month-to-month,Fiber optic,No,Yes,Yes,Yes,Electronic check,81.69,3428.61,1,4,265.4,Yes
CUST-003960,33,30,Month-to-month,Fiber optic,No,Yes,Yes,Yes,Electronic check,75.99,2264.64,1,3,197.6,Yes
CUST-003961,65,8,Month-to-month,No internet service,No,Yes,Yes,Yes,Bank transfer,36.01,276.35,3,4,4.2,No
CUST-003962,65,27,One year,Fiber optic,Yes,No,No,No,Electronic check,74.32,2004.2,1,3,276.4,No
CUST-003963,53,41,Month-to-month,Fiber optic,Yes,No,No,Yes,Electronic check,74.88,3065.92,0,4,298.6,No
CUST-003964,38,35,Month-to-month,DSL,Yes,No,Yes,Yes,Electronic check,64.3,2271.16,1,3,143.5,No
CUST-003965,41,3,Two year,No internet service,No,No,No,Yes,Electronic check,18.0,42.24,1,2,2.4,Yes
CUST-003966,33,6,One year,Fiber optic,No,No,Yes,Yes,Mailed check,74.94,457.41,2,3,204.6,Yes
CUST-003967,30,4,Month-to-month,Fiber optic,No,Yes,No,Yes,Electronic check,72.73,281.63,3,1,296.1,Yes
CUST-003968,29,42,Month-to-month,No internet service,No,Yes,Yes,No,Electronic check,41.1,1707.98,0,2,3.1,No
CUST-003969,36,17,Two year,No internet service,Yes,No,Yes,No,Credit card,38.64,669.01,0,5,9.8,No
CUST-003970,29,8,Two year,DSL,No,Yes,No,Yes,Mailed check,47.48,388.22,1,1,56.7,No
CUST-003971,22,4,One year,DSL,Yes,No,Yes,No,Electronic check,65.42,249.68,3,2,186.5,Yes
CUST-003972,48,2,One year,No internet service,No,Yes,Yes,No,Bank transfer,36.23,9.96,1,5,6.4,No
CUST-003973,49,28,Two year,DSL,Yes,No,No,Yes,Electronic check,47.91,1363.89,5,2,161.6,No
CUST-003974,71,2,Two year,No internet service,No,Yes,No,Yes,Electronic check,27.53,70.6,1,3,7.8,No
CUST-003975,35,19,Month-to-month,DSL,No,Yes,No,Yes,Electronic check,51.09,993.79,0,3,159.2,No
CUST-003976,49,6,Two year,Fiber optic,Yes,Yes,No,No,Electronic check,73.46,464.92,1,2,357.9,No
CUST-003977,50,3,One year,No internet service,No,No,Yes,No,Electronic check,28.84,86.81,0,4,0.8,No
CUST-003978,41,0,One year,DSL,No,Yes,No,No,Electronic check,50.05,41.72,0,3,137.3,No
CUST-003979,56,10,Month-to-month,Fiber optic,Yes,No,No,No,Mailed check,65.38,617.97,2,3,362.5,Yes
CUST-003980,57,12,Month-to-month,DSL,Yes,No,Yes,No,Electronic check,61.37,739.15,0,4,233.9,No
CUST-003981,50,53,Two year,No internet service,No,Yes,Yes,Yes,Electronic check,41.16,2172.49,2,2,6.8,No
CUST-003982,41,10,One year,Fiber optic,Yes,No,No,Yes,Credit card,70.55,689.84,2,3,248.2,No
CUST-003983,40,4,Month-to-month,DSL,Yes,Yes,No,Yes,Bank transfer,55.01,192.86,1,2,149.5,No
CUST-003984,24,21,One year,Fiber optic,No,No,Yes,No,Bank transfer,82.41,1710.0,0,2,400.7,No
CUST-003985,33,1,Month-to-month,DSL,No,No,No,No,Mailed check,46.75,19.83,0,5,101.3,Yes
CUST-003986,36,64,Month-to-month,No internet service,Yes,No,Yes,Yes,Bank transfer,43.48,2802.58,0,4,6.5,No
CUST-003987,28,46,One year,No internet service,No,No,No,Yes,Bank transfer,18.0,850.31,0,4,2.1,No
CUST-003988,52,29,One year,No internet service,No,Yes,No,Yes,Mailed check,24.58,697.97,0,3,0.0,No
CUST-003989,63,55,Month-to-month,DSL,No,No,Yes,No,Credit card,56.95,3156.74,5,2,94.9,Yes
CUST-003990,31,13,Month-to-month,DSL,No,No,Yes,Yes,Credit card,58.13,757.74,3,1,133.2,No
CUST-003991,49,39,Month-to-month,DSL,Yes,No,No,Yes,Electronic check,64.43,2542.14,1,3,214.4,No
CUST-003992,29,14,One year,Fiber optic,Yes,No,Yes,No,Electronic check,85.42,1207.81,0,2,177.3,No
CUST-003993,40,72,Two year,DSL,No,No,No,No,Electronic check,50.42,3642.88,2,3,173.5,No
CUST-003994,35,17,One year,DSL,No,No,No,Yes,Mailed check,56.44,964.38,0,2,84.1,No
CUST-003995,54,19,One year,DSL,No,Yes,No,No,Credit card,59.58,1117.59,1,4,48.0,No
CUST-003996,35,16,Month-to-month,Fiber optic,No,No,No,Yes,Bank transfer,65.79,1026.23,0,5,271.7,No
CUST-003997,60,21,Month-to-month,Fiber optic,No,No,No,No,Mailed check,70.74,1489.64,1,5,201.2,No
CUST-003998,41,72,Two year,Fiber optic,No,Yes,No,Yes,Mailed check,71.64,5156.17,1,4,312.8,No
CUST-003999,35,3,Month-to-month,Fiber optic,Yes,No,No,Yes,Bank transfer,72.81,270.42,0,3,416.2,No
CUST-004000,26,4,Month-to-month,Fiber optic,No,Yes,Yes,No,Mailed check,87.21,363.79,1,3,256.9,Yes
CUST-004001,49,16,Month-to-month,Fiber optic,No,Yes,No,Yes,Bank transfer,75.42,1189.83,1,3,235.0,No
CUST-004002,58,17,One year,No internet service,No,No,Yes,No,Bank transfer,34.54,585.49,2,2,0.6,No
CUST-004003,49,10,Month-to-month,Fiber optic,No,Yes,Yes,Yes,Bank transfer,82.16,814.23,0,5,249.4,No
CUST-004004,79,3,Month-to-month,No internet service,No,No,No,Yes,Bank transfer,18.0,53.21,1,3,4.5,No
CUST-004005,66,33,One year,Fiber optic,Yes,Yes,Yes,No,Bank transfer,84.97,2777.78,0,5,296.8,No
CUST-004006,40,6,Month-to-month,No internet service,Yes,No,Yes,Yes,Bank transfer,40.81,263.01,1,2,4.9,No
CUST-004007,40,35,Month-to-month,DSL,Yes,No,No,Yes,Credit card,54.18,1888.4,0,3,108.1,No
CUST-004008,52,72,Two year,No internet service,Yes,No,Yes,Yes,Bank transfer,44.15,3191.89,0,2,6.8,No
CUST-004009,32,55,Two year,No internet service,Yes,Yes,No,Yes,Bank transfer,26.7,1456.43,1,4,0.0,No
CUST-004010,62,5,Month-to-month,DSL,Yes,Yes,No,No,Credit card,59.52,289.65,1,3,100.9,No
CUST-004011,50,6,Month-to-month,Fiber optic,No,No,No,Yes,Credit card,63.99,395.81,0,3,374.8,Yes
CUST-004012,49,9,Month-to-month,DSL,No,No,Yes,No,Mailed check,56.71,468.97,0,3,243.3,No
CUST-004013,55,30,Month-to-month,Fiber optic,No,No,No,Yes,Credit card,71.23,2156.65,0,4,281.9,No
CUST-004014,71,34,Two year,No internet service,No,No,Yes,Yes,Credit card,38.41,1335.34,0,4,5.8,No
CUST-004015,48,1,One year,No internet service,Yes,No,No,Yes,Electronic check,33.08,62.09,3,4,6.2,No
CUST-004016,43,12,Month-to-month,Fiber optic,Yes,Yes,Yes,Yes,Mailed check,91.47,1083.62,0,2,276.3,No
CUST-004017,68,47,One year,DSL,Yes,Yes,No,Yes,Mailed check,58.05,2734.38,2,4,92.9,No
CUST-004018,60,19,Month-to-month,Fiber optic,Yes,No,Yes,Yes,Bank transfer,91.02,1720.46,1,3,167.2,Yes
CUST-004019,40,20,Month-to-month,DSL,No,No,No,Yes,Credit card,53.55,1041.28,0,5,103.5,No
CUST-004020,45,6,Two year,DSL,No,Yes,Yes,No,Electronic check,70.99,427.71,0,4,145.3,No
CUST-004021,48,12,Month-to-month,DSL,Yes,No,Yes,No,Credit card,67.45,780.27,0,4,116.9,No
CUST-004022,50,26,Month-to-month,No internet service,No,Yes,Yes,Yes,Credit card,38.2,1005.19,0,3,2.2,No
CUST-004023,25,29,Two year,Fiber optic,Yes,No,No,Yes,Bank transfer,76.46,2233.72,0,3,348.0,No
CUST-004024,22,44,Month-to-month,No internet service,Yes,No,No,No,Bank transfer,31.78,1424.14,3,3,8.1,No
CUST-004025,32,2,Month-to-month,DSL,No,No,Yes,Yes,Bank transfer,55.0,120.25,1,5,156.9,Yes
CUST-004026,31,23,Month-to-month,Fiber optic,No,No,Yes,Yes,Electronic check,76.04,1740.65,1,3,248.0,Yes
CUST-004027,35,18,Month-to-month,Fiber optic,No,No,Yes,No,Electronic check,92.24,1656.54,0,5,338.7,No
CUST-004028,55,3,Month-to-month,Fiber optic,No,Yes,No,Yes,Electronic check,69.0,209.46,0,4,282.6,No
CUST-004029,42,15,Month-to-month,DSL,No,No,No,Yes,Electronic check,49.26,768.16,3,1,160.8,Yes
CUST-004030,48,15,Month-to-month,No internet service,Yes,No,No,Yes,Bank transfer,25.43,410.92,1,2,6.2,No
CUST-004031,27,3,Month-to-month,Fiber optic,No,No,No,Yes,Credit card,64.38,191.46,0,5,264.1,No
CUST-004032,38,9,One year,Fiber optic,No,Yes,Yes,No,Electronic check,78.39,725.17,0,3,386.4,No
CUST-004033,54,57,Two year,DSL,No,Yes,No,Yes,Bank transfer,46.4,2634.48,1,2,109.5,No
CUST-004034,54,47,One year,Fiber optic,No,No,No,Yes,Electronic check,68.09,3208.96,0,3,336.8,Yes
CUST-004035,34,33,One year,Fiber optic,No,No,No,Yes,Mailed check,67.49,2220.18,2,3,380.3,No
CUST-004036,47,9,Two year,DSL,Yes,No,Yes,No,Electronic check,74.2,672.68,0,4,150.5,No
CUST-004037,78,14,Month-to-month,Fiber optic,No,No,No,Yes,Electronic check,65.13,895.38,2,3,246.7,Yes
CUST-004038,45,71,Month-to-month,No internet service,Yes,Yes,No,Yes,Credit card,34.78,2440.97,1,3,1.1,No
CUST-004039,35,54,Month-to-month,Fiber optic,Yes,Yes,Yes,Yes,Mailed check,90.79,4877.73,1,1,339.8,No
CUST-004040,42,39,Month-to-month,DSL,No,Yes,Yes,Yes,Electronic check,58.14,2279.12,1,2,228.3,No
CUST-004041,46,9,Two year,Fiber optic,No,Yes,No,No,Electronic check,73.95,643.26,3,3,332.9,No
CUST-004042,43,4,Month-to-month,Fiber optic,No,No,No,Yes,Credit card,64.15,249.78,1,4,151.4,No
CUST-004043,45,4,Two year,DSL,No,Yes,Yes,Yes,Mailed check,55.82,241.09,0,4,158.4,No
CUST-004044,23,1,Month-to-month,DSL,No,Yes,No,No,Credit card,56.54,78.95,0,5,199.8,No
CUST-004045,31,17,Month-to-month,No internet service,Yes,No,Yes,No,Bank transfer,37.13,611.62,3,2,9.0,Yes
CUST-004046,43,19,Month-to-month,Fiber optic,No,No,Yes,Yes,Mailed check,78.65,1446.34,1,4,252.9,Yes
CUST-004047,43,61,Month-to-month,DSL,Yes,Yes,Yes,Yes,Mailed check,72.83,4426.56,0,4,135.4,No
CUST-004048,37,21,Month-to-month,DSL,No,Yes,No,No,Credit card,52.05,1097.06,2,2,123.8,No
CUST-004049,42,5,One year,Fiber optic,No,No,Yes,Yes,Credit card,71.98,373.32,1,4,149.6,No
CUST-004050,46,33,Month-to-month,No internet service,Yes,No,No,Yes,Electronic check,34.98,1130.74,0,5,3.6,No
CUST-004051,58,6,Two year,Fiber optic,No,No,Yes,Yes,Mailed check,73.36,404.83,0,3,425.3,No
CUST-004052,44,48,Two year,No internet service,No,Yes,Yes,No,Electronic check,25.72,1216.4,1,3,2.2,No
CUST-004053,51,1,Month-to-month,DSL,No,No,Yes,Yes,Credit card,61.24,50.86,1,5,144.6,No
CUST-004054,37,6,Two year,Fiber optic,No,No,Yes,Yes,Bank transfer,81.08,528.23,0,4,244.8,No
CUST-004055,54,72,Month-to-month,DSL,No,No,No,No,Electronic check,39.03,2812.36,0,2,119.7,No
CUST-004056,51,9,Month-to-month,Fiber optic,No,No,Yes,No,Mailed check,76.97,705.7,1,3,334.9,Yes
CUST-004057,58,0,Month-to-month,DSL,Yes,No,No,Yes,Mailed check,58.4,80.4,1,3,149.7,No
CUST-004058,56,8,One year,No internet service,No,Yes,No,Yes,Credit card,33.06,255.49,1,3,2.2,No
CUST-004059,54,10,Month-to-month,DSL,No,No,No,No,Mailed check,48.06,482.61,1,3,121.3,Yes
CUST-004060,44,6,One year,Fiber optic,No,No,No,Yes,Electronic check,69.13,419.84,1,3,240.4,Yes
CUST-004061,49,28,Two year,Fiber optic,No,Yes,Yes,No,Bank transfer,86.58,2436.37,0,4,315.7,No
CUST-004062,61,17,Month-to-month,DSL,Yes,Yes,No,Yes,Electronic check,58.31,988.7,0,3,54.3,No
CUST-004063,35,25,Two year,DSL,No,Yes,Yes,No,Bank transfer,57.56,1459.88,2,3,142.6,No
CUST-004064,36,23,One year,DSL,No,No,No,Yes,Mailed check,43.69,1026.94,1,4,139.6,No
CUST-004065,48,0,Month-to-month,Fiber optic,No,No,Yes,Yes,Credit card,82.62,76.95,4,3,273.1,Yes
CUST-004066,51,5,Month-to-month,DSL,Yes,No,No,Yes,Bank transfer,58.57,308.03,1,2,95.2,No
CUST-004067,33,44,Month-to-month,DSL,No,No,No,Yes,Electronic check,46.02,2032.66,0,4,151.4,No
CUST-004068,44,47,Month-to-month,DSL,No,No,No,Yes,Credit card,43.33,2089.75,0,3,146.9,No
CUST-004069,44,15,One year,Fiber optic,No,No,No,Yes,Credit card,73.67,1122.97,0,5,364.6,No
CUST-004070,18,10,Month-to-month,DSL,No,Yes,Yes,No,Mailed check,63.62,643.92,0,4,245.6,No
CUST-004071,42,12,Month-to-month,Fiber optic,No,Yes,Yes,No,Bank transfer,86.19,1022.89,2,4,319.3,Yes
CUST-004072,43,12,One year,No internet service,No,No,Yes,Yes,Bank transfer,25.97,290.95,2,4,5.6,No
CUST-004073,43,55,One year,No internet service,Yes,No,No,No,Bank transfer,27.72,1535.15,1,5,8.1,No
CUST-004074,66,0,Two year,No internet service,No,No,No,Yes,Electronic check,25.43,0.0,0,4,5.4,No
CUST-004075,27,20,Month-to-month,Fiber optic,No,No,Yes,No,Mailed check,70.15,1435.48,1,1,337.7,No
CUST-004076,33,9,One year,DSL,Yes,No,No,Yes,Electronic check,52.81,434.1,0,3,96.5,No
CUST-004077,18,46,Month-to-month,No internet service,No,Yes,Yes,Yes,Credit card,40.04,1821.26,3,4,1.6,No
CUST-004078,38,27,One year,Fiber optic,Yes,Yes,No,No,Credit card,86.14,2345.78,0,2,489.9,No
CUST-004079,39,13,Month-to-month,Fiber optic,No,No,No,No,Electronic check,69.88,907.73,0,5,380.5,Yes
CUST-004080,37,28,Month-to-month,Fiber optic,No,No,Yes,Yes,Bank transfer,85.47,2396.82,0,3,320.2,Yes
CUST-004081,62,72,Two year,DSL,No,No,Yes,No,Electronic check,61.16,4389.77,1,4,99.9,No
CUST-004082,58,8,One year,Fiber optic,Yes,Yes,No,Yes,Electronic check,83.45,665.05,1,5,313.2,No
CUST-004083,46,23,One year,Fiber optic,Yes,No,Yes,Yes,Electronic check,80.22,1858.74,0,4,451.6,No
CUST-004084,39,60,Month-to-month,DSL,No,No,Yes,Yes,Mailed check,52.08,3108.15,0,3,204.4,No
CUST-004085,60,35,One year,No internet service,No,Yes,Yes,Yes,Credit card,46.4,1618.76,0,4,6.7,No
CUST-004086,45,2,Month-to-month,No internet service,Yes,No,No,Yes,Electronic check,25.73,51.57,0,3,2.6,No
CUST-004087,33,34,Month-to-month,DSL,No,Yes,No,No,Credit card,48.29,1636.44,3,3,150.7,No
CUST-004088,19,22,Month-to-month,No internet service,No,No,No,Yes,Mailed check,18.0,411.02,1,2,9.2,No
CUST-004089,38,44,Month-to-month,DSL,No,No,No,Yes,Electronic check,50.3,2222.39,1,3,199.5,No
CUST-004090,56,14,Month-to-month,No internet service,Yes,Yes,No,Yes,Mailed check,28.4,395.51,3,2,6.1,Yes
CUST-004091,79,15,One year,Fiber optic,Yes,No,No,Yes,Bank transfer,68.9,999.38,0,3,444.9,No
CUST-004092,46,35,Month-to-month,No internet service,No,No,No,Yes,Mailed check,25.47,915.09,3,3,5.9,No
CUST-004093,34,8,Two year,No internet service,No,Yes,Yes,Yes,Mailed check,26.96,197.21,0,4,7.9,No
CUST-004094,27,18,Two year,DSL,No,No,Yes,Yes,Electronic check,63.79,1183.74,0,2,77.4,No
CUST-004095,53,48,Month-to-month,Fiber optic,Yes,No,No,No,Bank transfer,68.85,3287.9,1,2,168.8,No
CUST-004096,19,2,One year,Fiber optic,No,No,No,No,Mailed check,64.27,133.62,0,2,363.1,No
CUST-004097,53,23,Month-to-month,Fiber optic,No,Yes,No,Yes,Credit card,67.12,1556.48,1,3,371.4,Yes
CUST-004098,57,72,Two year,Fiber optic,Yes,No,No,Yes,Mailed check,66.35,4773.27,0,3,200.0,No
CUST-004099,52,18,Month-to-month,Fiber optic,No,Yes,Yes,Yes,Electronic check,79.21,1432.02,0,4,331.1,Yes
CUST-004100,42,32,Month-to-month,Fiber optic,No,Yes,Yes,Yes,Credit card,78.86,2517.87,1,3,260.4,Yes
CUST-004101,53,67,Month-to-month,Fiber optic,No,No,No,Yes,Electronic check,58.85,3980.73,1,3,280.6,No
CUST-004102,48,9,Two year,No internet service,No,No,Yes,Yes,Electronic check,39.71,361.43,0,2,3.9,No
CUST-004103,33,1,Month-to-month,DSL,No,Yes,No,Yes,Bank transfer,46.15,43.82,1,3,154.8,Yes
CUST-004104,73,0,Two year,No internet service,No,No,Yes,Yes,Electronic check,22.56,27.44,1,2,2.3,No
CUST-004105,40,8,Month-to-month,DSL,Yes,No,No,Yes,Mailed check,42.68,364.08,1,4,94.4,No
CUST-004106,57,72,One year,Fiber optic,No,No,Yes,No,Mailed check,79.18,5708.77,0,4,340.3,No
CUST-004107,18,9,Month-to-month,Fiber optic,Yes,No,No,No,Credit card,64.33,582.64,2,2,350.1,Yes
CUST-004108,64,63,Month-to-month,No internet service,Yes,No,Yes,No,Bank transfer,39.11,2435.24,1,3,4.2,No
CUST-004109,67,8,Month-to-month,Fiber optic,No,No,Yes,No,Bank transfer,86.85,717.91,2,3,289.3,Yes
CUST-004110,45,31,Month-to-month,DSL,No,Yes,No,No,Credit card,51.91,1616.22,2,5,116.1,No
CUST-004111,53,1,One year,Fiber optic,Yes,Yes,Yes,Yes,Bank transfer,92.62,83.71,0,2,330.5,No
CUST-004112,53,18,One year,Fiber optic,Yes,No,Yes,Yes,Electronic check,82.35,1488.83,1,3,405.3,No
CUST-004113,35,14,Month-to-month,Fiber optic,Yes,Yes,No,No,Credit card,78.93,1132.84,0,4,233.9,No
CUST-004114,53,1,Month-to-month,DSL,Yes,Yes,Yes,Yes,Credit card,69.92,84.22,1,3,84.9,Yes
CUST-004115,33,39,Month-to-month,Fiber optic,Yes,Yes,Yes,Yes,Mailed check,92.54,3648.43,1,3,437.9,No
CUST-004116,36,17,One year,No internet service,Yes,Yes,Yes,No,Bank transfer,54.29,940.42,0,3,4.3,No
CUST-004117,62,5,One year,Fiber optic,No,No,No,No,Mailed check,62.86,275.71,0,4,233.4,No
CUST-004118,60,22,Two year,Fiber optic,Yes,Yes,Yes,Yes,Electronic check,87.06,1940.54,1,5,309.7,No
CUST-004119,34,28,Two year,Fiber optic,No,Yes,No,Yes,Bank transfer,70.62,1942.5,0,3,357.4,No
CUST-004120,34,6,Month-to-month,No internet service,Yes,No,No,Yes,Mailed check,32.8,223.82,0,3,4.1,No
CUST-004121,35,4,Month-to-month,DSL,No,No,Yes,Yes,Mailed check,55.31,238.94,0,4,158.8,No
CUST-004122,56,22,Two year,DSL,Yes,No,No,No,Mailed check,54.33,1228.86,0,4,235.5,No
CUST-004123,30,41,Month-to-month,DSL,Yes,No,No,Yes,Bank transfer,55.56,2286.82,0,4,166.8,No
CUST-004124,50,37,Month-to-month,No internet service,No,No,No,Yes,Credit card,30.76,1143.84,1,5,5.6,Yes
CUST-004125,56,14,Month-to-month,Fiber optic,Yes,No,Yes,No,Credit card,89.61,1279.31,1,2,177.5,Yes
CUST-004126,44,15,One year,No internet service,Yes,Yes,No,Yes,Bank transfer,29.64,421.06,1,3,6.8,No
CUST-004127,60,19,One year,No internet service,No,Yes,Yes,No,Credit card,27.04,514.57,2,2,4.9,Yes
CUST-004128,40,1,Two year,Fiber optic,No,No,No,No,Electronic check,65.75,61.15,0,3,397.6,Yes
CUST-004129,42,27,Month-to-month,Fiber optic,No,No,Yes,No,Electronic check,73.47,1975.1,2,2,318.6,No
CUST-004130,30,26,Month-to-month,DSL,Yes,No,No,No,Credit card,50.57,1303.41,0,3,110.9,No
CUST-004131,60,59,Month-to-month,Fiber optic,Yes,No,Yes,No,Bank transfer,80.02,4724.34,0,4,253.2,No
CUST-004132,34,72,One year,Fiber optic,No,Yes,No,Yes,Credit card,68.47,4944.21,1,1,242.2,No
CUST-004133,50,9,Month-to-month,Fiber optic,No,Yes,No,Yes,Bank transfer,68.37,645.08,0,3,405.3,Yes
CUST-004134,44,8,Two year,Fiber optic,Yes,No,Yes,No,Electronic check,84.42,669.66,0,3,291.5,No
CUST-004135,29,12,Month-to-month,DSL,Yes,Yes,Yes,No,Bank transfer,67.64,804.33,1,3,128.6,Yes
CUST-004136,36,5,One year,DSL,No,No,Yes,Yes,Electronic check,53.41,210.63,1,2,145.4,No
CUST-004137,66,4,Two year,DSL,No,No,No,No,Mailed check,47.65,219.89,3,4,124.3,No
CUST-004138,48,14,Month-to-month,DSL,Yes,No,No,No,Bank transfer,52.99,714.7,0,4,155.7,No
CUST-004139,30,39,One year,Fiber optic,No,No,Yes,Yes,Bank transfer,77.02,3013.39,0,5,398.8,No
CUST-004140,50,37,Month-to-month,DSL,No,Yes,No,Yes,Mailed check,50.75,1883.6,4,3,177.5,No
CUST-004141,43,9,Two year,No internet service,Yes,No,Yes,No,Bank transfer,35.52,339.49,1,4,7.8,No
CUST-004142,85,1,Two year,Fiber optic,No,No,No,No,Credit card,72.18,54.59,0,3,432.3,No
CUST-004143,49,3,One year,DSL,No,No,Yes,No,Electronic check,67.16,212.96,1,2,128.2,Yes
CUST-004144,39,4,Month-to-month,No internet service,Yes,No,No,No,Electronic check,34.19,169.33,2,2,1.1,No
CUST-004145,66,24,Two year,DSL,Yes,Yes,No,Yes,Electronic check,50.18,1208.97,0,4,192.9,No
CUST-004146,18,9,Two year,Fiber optic,Yes,Yes,No,Yes,Mailed check,75.69,663.69,1,4,331.7,No
CUST-004147,46,47,One year,Fiber optic,Yes,No,No,Yes,Electronic check,76.54,3568.04,1,5,243.9,No
CUST-004148,75,19,Two year,DSL,No,No,No,Yes,Mailed check,41.25,813.53,1,3,42.8,Yes
CUST-004149,43,3,Month-to-month,DSL,No,No,No,No,Electronic check,41.49,115.69,0,3,113.3,Yes
CUST-004150,19,1,Month-to-month,DSL,No,Yes,Yes,Yes,Electronic check,56.14,51.33,2,3,201.3,Yes
CUST-004151,39,21,Month-to-month,DSL,No,Yes,Yes,Yes,Mailed check,61.19,1335.56,2,4,165.5,No
CUST-004152,67,1,Month-to-month,Fiber optic,Yes,No,Yes,No,Credit card,80.89,99.35,0,5,218.4,No
CUST-004153,51,11,Month-to-month,DSL,Yes,No,No,No,Electronic check,41.05,474.46,0,5,133.6,No
CUST-004154,32,7,One year,DSL,No,Yes,No,Yes,Electronic check,56.76,430.15,1,4,146.5,No
CUST-004155,35,13,Month-to-month,No internet service,Yes,No,Yes,Yes,Electronic check,42.08,515.84,0,5,3.8,No
CUST-004156,37,14,Month-to-month,DSL,Yes,No,Yes,Yes,Credit card,58.32,847.17,1,3,142.8,Yes
CUST-004157,50,29,One year,Fiber optic,No,Yes,No,Yes,Mailed check,75.34,2218.28,0,4,275.5,No
CUST-004158,65,6,One year,DSL,No,Yes,No,No,Credit card,51.63,300.86,2,4,159.9,No
CUST-004159,61,72,Two year,DSL,Yes,Yes,No,Yes,Electronic check,64.8,4680.64,0,4,174.1,No
CUST-004160,52,31,Month-to-month,Fiber optic,No,Yes,No,Yes,Electronic check,74.67,2334.12,0,4,393.4,No
CUST-004161,25,10,Two year,DSL,Yes,No,Yes,No,Mailed check,61.12,597.04,0,3,179.5,No
CUST-004162,25,0,Month-to-month,Fiber optic,No,No,No,Yes,Bank transfer,68.34,86.63,0,5,175.4,No
CUST-004163,53,9,Month-to-month,Fiber optic,No,Yes,No,No,Credit card,74.56,658.34,0,3,296.3,Yes
CUST-004164,25,27,One year,DSL,No,Yes,No,Yes,Electronic check,56.28,1571.4,0,5,135.7,No
CUST-004165,42,6,Month-to-month,Fiber optic,Yes,No,Yes,Yes,Credit card,89.99,543.17,0,3,250.0,No
CUST-004166,50,4,One year,DSL,No,No,No,Yes,Mailed check,55.39,232.9,2,3,78.0,No
CUST-004167,28,37,Month-to-month,DSL,Yes,No,Yes,Yes,Mailed check,69.76,2548.57,0,1,86.4,No
CUST-004168,30,33,Month-to-month,No internet service,No,No,Yes,Yes,Credit card,28.08,934.56,0,3,1.7,No
CUST-004169,44,62,Month-to-month,DSL,No,Yes,Yes,Yes,Mailed check,63.89,3985.58,0,2,123.9,No
CUST-004170,53,5,Month-to-month,DSL,Yes,Yes,No,No,Credit card,53.75,250.86,3,2,116.4,No
CUST-004171,61,28,Month-to-month,Fiber optic,No,No,No,Yes,Bank transfer,71.05,1978.96,0,4,239.5,No
CUST-004172,54,6,Month-to-month,No internet service,Yes,No,Yes,Yes,Electronic check,35.72,200.1,3,2,4.6,Yes
CUST-004173,46,48,Month-to-month,Fiber optic,No,Yes,Yes,Yes,Electronic check,94.16,4496.6,0,5,346.9,No
CUST-004174,34,55,One year,No internet service,No,No,Yes,Yes,Credit card,30.54,1653.79,0,5,2.4,No
CUST-004175,29,25,Month-to-month,DSL,No,No,No,Yes,Credit card,44.78,1140.09,0,3,156.2,No
CUST-004176,37,1,One year,Fiber optic,No,Yes,No,Yes,Credit card,68.68,43.37,0,5,198.0,No
CUST-004177,51,18,One year,DSL,No,No,No,Yes,Bank transfer,41.42,709.89,2,2,108.1,No
CUST-004178,50,2,Month-to-month,DSL,No,No,No,No,Bank transfer,42.35,74.06,0,4,159.3,No
CUST-004179,18,2,Month-to-month,Fiber optic,No,No,No,Yes,Electronic check,66.16,133.32,1,4,371.6,Yes
CUST-004180,33,4,One year,Fiber optic,Yes,Yes,Yes,No,Bank transfer,91.09,375.97,0,5,240.4,No
CUST-004181,63,35,Two year,Fiber optic,No,Yes,No,No,Mailed check,68.87,2392.7,0,3,239.5,No
CUST-004182,46,13,Month-to-month,No internet service,Yes,No,No,Yes,Mailed check,29.53,372.13,0,4,5.8,No
CUST-004183,24,63,Two year,DSL,Yes,Yes,No,Yes,Bank transfer,56.29,3557.09,0,3,174.6,No
CUST-004184,80,24,Month-to-month,Fiber optic,No,No,No,Yes,Electronic check,64.98,1577.61,0,3,240.3,No
CUST-004185,45,7,Month-to-month,DSL,Yes,No,No,Yes,Mailed check,61.83,457.68,2,3,193.3,No
CUST-004186,51,37,Month-to-month,DSL,No,No,Yes,Yes,Credit card,54.13,2012.4,0,3,157.7,No
CUST-004187,51,5,Month-to-month,DSL,Yes,No,No,Yes,Credit card,51.48,224.25,1,3,72.9,No
CUST-004188,39,4,Month-to-month,DSL,No,No,No,Yes,Mailed check,39.23,139.42,1,4,239.0,No
CUST-004189,34,8,Month-to-month,Fiber optic,Yes,No,No,Yes,Mailed check,71.31,595.56,1,3,218.6,Yes
CUST-004190,77,49,Month-to-month,Fiber optic,Yes,No,Yes,Yes,Bank transfer,86.87,4292.05,0,3,358.6,No
CUST-004191,60,72,One year,DSL,No,No,No,Yes,Electronic check,42.36,3048.17,2,5,114.3,No
CUST-004192,57,0,Month-to-month,DSL,No,Yes,Yes,Yes,Electronic check,57.33,53.82,1,3,77.9,No
CUST-004193,54,20,Two year,DSL,Yes,Yes,No,No,Credit card,60.81,1196.18,1,4,78.3,No
CUST-004194,30,10,Two year,Fiber optic,No,No,No,Yes,Electronic check,67.34,701.81,0,3,334.7,No
CUST-004195,64,42,Month-to-month,No internet service,No,No,No,No,Mailed check,23.07,947.77,1,4,7.4,No
CUST-004196,32,31,Month-to-month,Fiber optic,No,Yes,No,No,Mailed check,64.8,2048.03,3,3,369.0,Yes
CUST-004197,49,3,Month-to-month,DSL,Yes,No,No,Yes,Credit card,59.85,177.92,0,1,118.8,Yes
CUST-004198,20,10,Two year,Fiber optic,No,No,No,Yes,Bank transfer,62.56,608.4,1,3,411.0,No
CUST-004199,18,1,Month-to-month,DSL,Yes,No,Yes,Yes,Credit card,59.96,24.3,4,2,154.8,No
CUST-004200,50,4,Month-to-month,No internet service,Yes,Yes,No,Yes,Bank transfer,39.12,151.07,2,3,9.0,No
CUST-004201,33,21,Two year,Fiber optic,Yes,Yes,No,Yes,Electronic check,85.68,1796.76,0,4,379.4,No
CUST-004202,18,20,Month-to-month,No internet service,Yes,No,Yes,Yes,Mailed check,38.42,762.02,2,5,9.1,Yes
CUST-004203,53,61,Month-to-month,DSL,No,No,No,No,Electronic check,40.84,2491.34,1,2,126.9,No
CUST-004204,77,15,Two year,Fiber optic,No,Yes,Yes,Yes,Bank transfer,85.21,1305.86,1,3,253.0,No
CUST-004205,66,3,Two year,Fiber optic,No,No,No,No,Electronic check,58.34,187.4,0,3,176.9,No
CUST-004206,41,19,Month-to-month,DSL,No,No,No,No,Credit card,57.76,1101.34,0,3,204.0,Yes
CUST-004207,45,26,Month-to-month,Fiber optic,No,No,No,Yes,Electronic check,59.84,1578.67,2,3,514.8,Yes
CUST-004208,58,6,Month-to-month,Fiber optic,No,No,Yes,No,Electronic check,78.78,454.35,2,4,261.0,Yes
CUST-004209,62,5,Month-to-month,No internet service,No,No,No,Yes,Mailed check,19.2,110.27,1,3,6.6,No
CUST-004210,40,24,Month-to-month,DSL,No,No,No,No,Electronic check,40.4,983.49,1,3,141.6,Yes
CUST-004211,46,1,Month-to-month,DSL,Yes,No,No,No,Electronic check,48.32,78.31,0,4,154.1,No
CUST-004212,50,58,One year,DSL,Yes,No,No,Yes,Credit card,58.64,3373.71,0,3,97.0,No
CUST-004213,53,23,One year,DSL,No,No,No,Yes,Electronic check,46.84,1060.0,0,3,122.7,No
CUST-004214,43,9,Two year,DSL,No,Yes,No,Yes,Bank transfer,47.52,411.48,2,3,93.1,No
CUST-004215,43,11,Two year,Fiber optic,Yes,No,Yes,Yes,Bank transfer,82.2,913.76,2,3,326.3,Yes
CUST-004216,66,7,Month-to-month,Fiber optic,Yes,Yes,Yes,Yes,Electronic check,86.93,612.99,0,2,178.1,Yes
CUST-004217,63,1,Month-to-month,DSL,No,No,Yes,No,Electronic check,61.41,72.77,3,2,220.6,Yes
CUST-004218,52,35,Month-to-month,No internet service,No,Yes,No,Yes,Bank transfer,30.61,1029.21,1,3,9.3,Yes
CUST-004219,71,5,Month-to-month,Fiber optic,No,Yes,Yes,Yes,Credit card,85.64,457.64,1,5,37.1,No
CUST-004220,39,16,Month-to-month,No internet service,No,No,No,Yes,Bank transfer,21.27,345.02,1,4,9.3,No
CUST-004221,69,5,One year,DSL,No,No,No,No,Electronic check,48.13,251.7,0,2,75.0,No
CUST-004222,53,30,Month-to-month,DSL,No,No,Yes,Yes,Electronic check,48.76,1470.21,0,5,207.9,No
CUST-004223,85,9,Month-to-month,Fiber optic,No,No,Yes,Yes,Bank transfer,78.38,692.86,1,3,434.6,Yes
CUST-004224,27,8,Month-to-month,Fiber optic,Yes,Yes,No,No,Mailed check,84.34,685.08,1,5,356.1,No
CUST-004225,35,16,Two year,DSL,No,Yes,Yes,Yes,Mailed check,64.15,1027.92,2,3,174.8,No
CUST-004226,51,16,One year,Fiber optic,No,No,Yes,Yes,Bank transfer,77.26,1237.42,1,4,287.9,No
CUST-004227,51,66,Month-to-month,Fiber optic,No,No,No,Yes,Credit card,61.82,4089.98,2,3,270.3,No
CUST-004228,74,16,Month-to-month,Fiber optic,No,No,No,No,Credit card,62.15,992.35,0,3,359.4,No
CUST-004229,35,4,Two year,No internet service,Yes,Yes,Yes,No,Bank transfer,43.38,146.31,0,5,9.1,No
CUST-004230,59,3,Month-to-month,Fiber optic,No,Yes,Yes,No,Credit card,84.12,248.73,1,3,281.5,Yes
CUST-004231,62,60,One year,DSL,No,No,No,No,Mailed check,42.57,2586.7,0,4,138.7,No
CUST-004232,56,60,One year,Fiber optic,Yes,Yes,No,Yes,Electronic check,69.88,4181.73,1,3,253.4,No
CUST-004233,31,12,One year,Fiber optic,No,Yes,No,No,Mailed check,74.99,901.76,1,3,341.3,No
CUST-004234,66,20,Month-to-month,Fiber optic,No,No,No,No,Bank transfer,67.61,1368.89,0,4,173.8,Yes
CUST-004235,63,5,Two year,DSL,Yes,No,No,No,Credit card,54.78,316.29,1,3,54.9,No
CUST-004236,54,0,Month-to-month,DSL,No,No,No,No,Credit card,40.32,35.21,3,3,127.3,Yes
CUST-004237,48,9,Month-to-month,Fiber optic,No,Yes,Yes,Yes,Mailed check,80.54,700.32,3,3,308.8,Yes
CUST-004238,48,35,Month-to-month,No internet service,No,Yes,Yes,Yes,Mailed check,40.59,1434.1,0,4,3.9,No
CUST-004239,44,15,Month-to-month,Fiber optic,No,Yes,No,No,Electronic check,71.13,1050.7,3,1,294.2,Yes
CUST-004240,55,7,Month-to-month,No internet service,No,No,No,Yes,Bank transfer,18.0,131.91,0,4,4.7,No
CUST-004241,45,8,One year,Fiber optic,No,Yes,No,Yes,Bank transfer,77.5,632.12,2,2,301.8,No
CUST-004242,32,46,Two year,No internet service,No,No,No,No,Bank transfer,18.0,818.41,1,4,5.4,No
CUST-004243,29,5,Month-to-month,No internet service,Yes,Yes,No,No,Electronic check,19.07,89.91,0,5,2.4,No
CUST-004244,34,3,Two year,No internet service,No,No,Yes,Yes,Mailed check,32.44,113.7,1,3,5.7,No
CUST-004245,48,20,Two year,Fiber optic,No,Yes,Yes,Yes,Electronic check,83.65,1694.85,3,4,267.4,No
CUST-004246,45,6,Month-to-month,DSL,No,No,No,Yes,Mailed check,45.29,272.62,0,5,125.2,Yes
CUST-004247,48,72,One year,No internet service,No,No,No,Yes,Electronic check,22.01,1588.09,2,3,8.9,No
CUST-004248,53,19,Two year,DSL,Yes,Yes,Yes,Yes,Credit card,68.22,1273.7,1,3,169.1,No
CUST-004249,36,72,One year,Fiber optic,No,No,Yes,Yes,Credit card,82.13,5915.72,1,4,197.9,No
CUST-004250,67,1,Month-to-month,DSL,No,Yes,No,No,Bank transfer,44.17,36.34,1,5,173.5,No
CUST-004251,41,31,Two year,Fiber optic,No,No,No,Yes,Electronic check,64.89,2013.16,0,5,281.3,No
CUST-004252,38,72,One year,DSL,No,No,No,Yes,Mailed check,41.87,3043.0,1,3,79.9,No
CUST-004253,52,8,Month-to-month,Fiber optic,No,No,No,No,Electronic check,70.03,537.72,1,4,444.4,Yes
CUST-004254,18,28,Month-to-month,DSL,No,No,No,Yes,Electronic check,41.03,1172.35,0,3,186.7,Yes
CUST-004255,33,12,Month-to-month,Fiber optic,Yes,Yes,Yes,No,Mailed check,91.35,1100.1,4,2,349.9,No
CUST-004256,60,1,Month-to-month,Fiber optic,No,No,No,Yes,Electronic check,65.43,64.89,0,3,310.8,Yes
CUST-004257,19,22,Month-to-month,Fiber optic,No,No,No,Yes,Credit card,65.98,1434.19,1,3,310.9,Yes
CUST-004258,62,8,Month-to-month,No internet service,No,Yes,No,Yes,Credit card,22.35,184.39,3,3,3.5,Yes
CUST-004259,68,1,Two year,DSL,No,Yes,Yes,Yes,Credit card,64.83,108.26,1,4,149.0,No
CUST-004260,39,10,One year,DSL,No,Yes,No,Yes,Electronic check,51.14,460.45,0,4,212.8,Yes
CUST-004261,49,10,Month-to-month,DSL,Yes,Yes,No,No,Mailed check,60.72,568.09,1,5,118.9,No
CUST-004262,62,2,Month-to-month,DSL,No,No,Yes,No,Electronic check,64.87,126.2,0,5,122.7,No
CUST-004263,38,8,Month-to-month,Fiber optic,No,Yes,No,No,Bank transfer,71.58,579.18,0,3,347.4,No
CUST-004264,58,30,Month-to-month,DSL,Yes,Yes,Yes,No,Mailed check,66.02,1999.39,1,3,131.7,Yes
CUST-004265,35,39,One year,Fiber optic,Yes,Yes,No,Yes,Mailed check,88.81,3472.63,1,3,225.6,No
CUST-004266,38,33,Month-to-month,DSL,No,Yes,No,No,Electronic check,55.9,1811.98,1,3,211.1,No
CUST-004267,33,21,Two year,Fiber optic,No,No,No,No,Electronic check,68.27,1445.99,3,3,430.0,Yes
CUST-004268,50,72,Month-to-month,No internet service,No,Yes,No,Yes,Electronic check,25.09,1803.03,1,2,7.4,No
CUST-004269,62,8,Month-to-month,DSL,No,Yes,No,No,Electronic check,54.7,455.31,1,2,153.5,No
CUST-004270,42,9,Two year,Fiber optic,No,Yes,Yes,Yes,Electronic check,72.71,640.05,0,4,219.9,No
CUST-004271,26,24,Month-to-month,DSL,Yes,No,No,No,Credit card,60.73,1426.88,0,4,160.4,No
CUST-004272,29,15,Month-to-month,Fiber optic,No,No,No,No,Electronic check,69.48,1033.18,1,4,214.1,Yes
CUST-004273,51,58,Month-to-month,Fiber optic,Yes,No,No,No,Electronic check,72.11,4192.2,1,3,389.7,No
CUST-004274,73,32,One year,No internet service,Yes,Yes,Yes,No,Credit card,50.35,1618.86,0,3,12.4,No
CUST-004275,51,31,Month-to-month,DSL,No,Yes,No,No,Credit card,54.09,1677.13,1,2,87.1,No
CUST-004276,39,46,Two year,DSL,No,No,No,Yes,Mailed check,39.95,1825.47,0,3,106.3,No
CUST-004277,56,25,One year,DSL,Yes,Yes,No,Yes,Credit card,59.89,1494.61,1,3,118.0,No
CUST-004278,41,15,Two year,DSL,Yes,No,Yes,No,Electronic check,66.88,1032.84,2,2,149.1,No
CUST-004279,39,17,One year,Fiber optic,No,Yes,No,Yes,Bank transfer,70.33,1246.65,0,4,278.7,No
CUST-004280,31,54,One year,DSL,Yes,Yes,Yes,Yes,Credit card,69.9,3783.11,0,3,179.2,No
CUST-004281,66,0,One year,DSL,No,No,No,Yes,Mailed check,49.51,70.01,0,3,170.7,No
CUST-004282,18,11,Month-to-month,Fiber optic,Yes,No,No,Yes,Electronic check,73.88,798.13,3,2,432.6,Yes
CUST-004283,57,31,One year,Fiber optic,No,Yes,Yes,Yes,Bank transfer,92.39,2891.16,0,4,195.0,No
CUST-004284,38,21,One year,Fiber optic,Yes,No,Yes,No,Bank transfer,81.73,1709.35,1,4,447.1,No
CUST-004285,39,2,Month-to-month,Fiber optic,No,No,No,No,Credit card,67.05,108.76,0,3,196.5,Yes
CUST-004286,70,46,One year,Fiber optic,Yes,No,Yes,Yes,Mailed check,80.4,3721.45,0,5,249.1,No
CUST-004287,34,13,Month-to-month,Fiber optic,No,No,No,No,Electronic check,68.39,890.86,0,3,381.1,Yes
CUST-004288,35,24,Month-to-month,DSL,No,No,Yes,Yes,Bank transfer,51.43,1262.2,0,4,197.6,No
CUST-004289,43,1,Month-to-month,Fiber optic,Yes,Yes,Yes,Yes,Electronic check,92.44,108.97,2,2,327.6,Yes
CUST-004290,51,31,Month-to-month,Fiber optic,No,Yes,No,No,Electronic check,76.9,2358.03,0,3,193.7,Yes
CUST-004291,38,35,Month-to-month,DSL,Yes,No,No,No,Electronic check,53.26,1867.79,0,3,105.3,No
CUST-004292,21,5,Month-to-month,No internet service,No,Yes,No,Yes,Mailed check,21.05,87.31,0,4,8.4,No
CUST-004293,32,8,Month-to-month,Fiber optic,Yes,No,No,No,Mailed check,77.73,647.12,0,4,468.3,Yes
CUST-004294,64,8,Month-to-month,Fiber optic,No,No,No,No,Bank transfer,66.8,536.12,1,3,418.4,Yes
CUST-004295,46,72,One year,DSL,No,Yes,No,Yes,Electronic check,50.57,3627.87,0,4,143.7,No
CUST-004296,52,7,Month-to-month,Fiber optic,No,No,No,Yes,Mailed check,60.16,380.52,1,4,251.2,No
CUST-004297,41,72,Two year,Fiber optic,No,Yes,No,No,Bank transfer,62.95,4555.72,1,3,366.1,No
CUST-004298,35,8,Two year,DSL,Yes,Yes,Yes,Yes,Bank transfer,82.26,651.23,0,2,105.5,Yes
CUST-004299,70,12,Month-to-month,Fiber optic,Yes,No,No,No,Credit card,70.13,836.32,0,4,497.9,No
CUST-004300,42,20,Month-to-month,No internet service,Yes,No,No,Yes,Credit card,23.04,470.48,1,4,4.4,No
CUST-004301,38,44,Month-to-month,No internet service,No,No,No,Yes,Electronic check,21.57,931.39,0,4,8.8,No
CUST-004302,61,39,Month-to-month,Fiber optic,Yes,No,Yes,Yes,Credit card,79.91,3086.13,2,4,309.2,Yes
CUST-004303,34,19,Month-to-month,DSL,No,Yes,Yes,Yes,Credit card,65.49,1248.17,0,4,206.5,No
CUST-004304,36,18,One year,No internet service,No,No,No,Yes,Mailed check,26.76,463.06,0,4,6.4,No
CUST-004305,45,1,One year,DSL,Yes,No,No,No,Credit card,47.71,46.17,1,2,149.2,Yes
CUST-004306,45,16,Month-to-month,No internet service,Yes,No,No,No,Mailed check,26.51,406.85,0,2,3.6,No
CUST-004307,49,17,One year,DSL,No,No,Yes,Yes,Credit card,59.15,978.37,1,4,213.9,No
CUST-004308,76,45,Month-to-month,Fiber optic,No,Yes,No,No,Bank transfer,64.91,2888.12,3,3,269.4,Yes
CUST-004309,50,9,Two year,Fiber optic,No,No,No,Yes,Credit card,60.45,546.07,2,4,351.8,No
CUST-004310,18,11,Two year,Fiber optic,Yes,Yes,Yes,Yes,Electronic check,90.42,1016.55,1,5,416.6,No
CUST-004311,50,33,Month-to-month,No internet service,No,No,Yes,Yes,Bank transfer,41.8,1398.96,0,4,3.8,No
CUST-004312,46,6,One year,Fiber optic,No,Yes,Yes,Yes,Electronic check,78.74,472.94,1,3,311.1,No
CUST-004313,46,33,Two year,DSL,Yes,Yes,No,Yes,Credit card,57.59,1928.97,0,3,84.4,No
CUST-004314,49,2,Month-to-month,DSL,Yes,Yes,Yes,No,Electronic check,83.4,156.09,1,4,78.6,Yes
CUST-004315,45,18,Month-to-month,No internet service,No,No,No,No,Mailed check,23.98,448.02,0,4,10.6,Yes
CUST-004316,44,1,One year,DSL,Yes,Yes,Yes,Yes,Credit card,62.53,52.69,1,3,183.1,No
CUST-004317,54,70,Month-to-month,Fiber optic,No,No,Yes,Yes,Mailed check,75.83,5293.58,1,1,262.7,No
CUST-004318,37,44,Month-to-month,Fiber optic,No,No,No,No,Bank transfer,67.92,3004.67,1,2,405.0,Yes
CUST-004319,31,25,One year,DSL,No,Yes,No,No,Mailed check,58.23,1464.4,1,4,215.1,No
CUST-004320,85,15,Month-to-month,No internet service,No,No,Yes,Yes,Bank transfer,38.96,596.99,2,2,9.4,No
CUST-004321,34,69,Month-to-month,DSL,No,No,No,No,Credit card,47.8,3268.43,2,4,123.6,No
CUST-004322,47,8,Two year,DSL,No,No,Yes,No,Credit card,60.58,505.22,0,4,145.9,No
CUST-004323,23,14,Month-to-month,No internet service,No,No,No,Yes,Mailed check,18.0,265.54,0,2,5.0,No
CUST-004324,47,2,Month-to-month,Fiber optic,Yes,No,Yes,Yes,Bank transfer,81.54,155.02,0,4,209.5,No
CUST-004325,31,14,One year,Fiber optic,No,No,No,No,Mailed check,58.51,830.8,1,3,385.9,No
CUST-004326,38,26,Month-to-month,No internet service,No,No,Yes,Yes,Credit card,37.15,987.82,0,3,4.5,No
CUST-004327,61,23,One year,DSL,No,Yes,No,Yes,Bank transfer,52.88,1201.52,1,2,96.6,No
CUST-004328,52,54,One year,No internet service,No,No,No,No,Mailed check,20.53,1094.03,0,5,4.2,No
CUST-004329,54,71,Month-to-month,Fiber optic,Yes,Yes,Yes,No,Mailed check,98.72,7003.35,2,2,304.4,Yes
CUST-004330,18,32,Month-to-month,DSL,No,No,No,No,Electronic check,47.69,1481.65,0,2,132.3,No
CUST-004331,73,5,Two year,Fiber optic,Yes,No,Yes,No,Credit card,90.69,460.05,0,4,384.4,No
CUST-004332,27,20,Two year,Fiber optic,No,No,No,Yes,Electronic check,68.78,1393.82,0,2,431.1,No
CUST-004333,68,72,Month-to-month,Fiber optic,No,No,No,No,Electronic check,69.27,4998.84,1,5,65.6,No
CUST-004334,60,72,Month-to-month,DSL,No,No,Yes,No,Mailed check,51.79,3738.46,1,2,172.4,No
CUST-004335,54,30,Month-to-month,Fiber optic,No,Yes,Yes,No,Bank transfer,87.87,2656.57,0,4,204.1,Yes
CUST-004336,32,11,Two year,Fiber optic,No,No,No,Yes,Bank transfer,67.37,739.07,0,5,376.1,No
CUST-004337,47,9,Two year,Fiber optic,No,No,Yes,No,Electronic check,74.96,643.21,0,4,339.8,No
CUST-004338,38,5,Month-to-month,Fiber optic,Yes,No,No,No,Electronic check,76.42,384.69,0,3,150.5,No
CUST-004339,45,2,Two year,DSL,No,Yes,Yes,Yes,Electronic check,69.43,164.89,0,4,135.8,No
CUST-004340,41,26,Month-to-month,DSL,Yes,No,Yes,Yes,Bank transfer,64.51,1684.48,0,5,112.2,No
CUST-004341,18,30,Month-to-month,DSL,No,Yes,No,Yes,Credit card,47.25,1410.06,0,2,208.0,No
CUST-004342,62,19,One year,Fiber optic,No,No,No,Yes,Credit card,61.48,1183.8,1,4,365.3,No
CUST-004343,44,72,Month-to-month,DSL,Yes,Yes,No,Yes,Mailed check,52.02,3753.16,0,4,271.3,No
CUST-004344,38,53,One year,Fiber optic,Yes,No,Yes,Yes,Mailed check,84.16,4456.16,1,5,418.3,No
CUST-004345,37,45,Month-to-month,DSL,No,No,No,Yes,Mailed check,47.95,2160.13,1,4,157.9,Yes
CUST-004346,50,37,One year,No internet service,Yes,Yes,Yes,Yes,Credit card,54.67,2016.44,0,4,5.2,No
CUST-004347,32,28,Two year,DSL,Yes,No,Yes,Yes,Bank transfer,60.97,1719.46,1,4,119.0,No
CUST-004348,18,5,Month-to-month,No internet service,No,Yes,Yes,No,Electronic check,39.8,181.0,2,2,2.4,Yes
CUST-004349,51,10,Month-to-month,Fiber optic,Yes,Yes,No,No,Electronic check,79.11,797.7,0,3,413.1,Yes
CUST-004350,53,31,One year,DSL,No,No,No,No,Mailed check,44.96,1411.15,0,3,207.6,No
CUST-004351,42,25,Month-to-month,DSL,No,No,Yes,Yes,Bank transfer,49.35,1238.51,3,3,212.5,No
CUST-004352,28,13,One year,DSL,Yes,No,No,No,Credit card,47.95,628.34,0,3,118.8,No
CUST-004353,46,1,One year,DSL,Yes,Yes,Yes,No,Electronic check,80.07,81.47,0,5,109.3,No
CUST-004354,23,10,Month-to-month,Fiber optic,Yes,Yes,No,No,Credit card,84.05,851.19,0,5,249.4,No
CUST-004355,30,45,Two year,DSL,No,No,Yes,No,Credit card,58.41,2621.26,1,1,48.5,No
CUST-004356,34,15,Month-to-month,DSL,No,No,No,Yes,Mailed check,47.31,707.04,0,3,204.4,No
CUST-004357,58,10,Month-to-month,DSL,Yes,No,Yes,Yes,Electronic check,68.72,669.18,1,2,181.4,No
CUST-004358,40,53,Month-to-month,Fiber optic,No,No,No,No,Electronic check,62.76,3320.88,0,5,302.9,No
CUST-004359,38,40,One year,Fiber optic,Yes,No,No,Yes,Bank transfer,70.96,2798.31,0,4,537.9,No
CUST-004360,74,16,Two year,No internet service,Yes,Yes,No,Yes,Electronic check,30.92,495.29,1,5,7.6,No
CUST-004361,50,3,Month-to-month,Fiber optic,Yes,No,Yes,Yes,Credit card,85.84,269.84,2,3,398.3,No
CUST-004362,50,23,Month-to-month,Fiber optic,No,No,No,Yes,Credit card,59.25,1361.41,1,2,297.5,No
CUST-004363,39,46,Month-to-month,Fiber optic,No,Yes,Yes,No,Credit card,79.68,3683.7,2,3,257.0,No
CUST-004364,36,13,One year,DSL,No,Yes,Yes,No,Bank transfer,65.53,878.6,0,3,231.3,No
CUST-004365,18,5,Month-to-month,DSL,Yes,No,No,Yes,Electronic check,51.24,255.88,3,3,94.3,No
CUST-004366,60,43,Month-to-month,No internet service,No,No,No,Yes,Bank transfer,18.0,754.07,0,5,7.4,No
CUST-004367,52,24,Month-to-month,DSL,No,Yes,Yes,No,Bank transfer,61.1,1488.23,0,4,55.2,No
CUST-004368,42,33,Month-to-month,Fiber optic,No,No,No,No,Electronic check,67.73,2252.87,0,3,519.2,No
CUST-004369,43,20,One year,Fiber optic,Yes,No,No,Yes,Electronic check,73.58,1480.58,1,3,341.1,Yes
CUST-004370,56,24,Month-to-month,Fiber optic,No,No,No,Yes,Mailed check,56.55,1346.71,2,2,265.3,Yes
CUST-004371,22,2,Month-to-month,DSL,Yes,No,No,No,Bank transfer,58.16,123.88,1,1,174.1,No
CUST-004372,36,50,Month-to-month,No internet service,Yes,No,Yes,Yes,Electronic check,38.77,1932.27,0,5,1.5,No
CUST-004373,28,15,Month-to-month,Fiber optic,No,No,Yes,Yes,Mailed check,78.7,1165.83,1,3,278.7,No
CUST-004374,72,9,Month-to-month,Fiber optic,No,No,Yes,Yes,Credit card,82.22,747.16,0,5,258.8,No
CUST-004375,58,8,Month-to-month,DSL,No,Yes,No,No,Mailed check,50.38,383.58,0,3,125.3,No
CUST-004376,18,34,Month-to-month,DSL,Yes,No,Yes,No,Electronic check,55.45,1900.42,1,4,182.8,No
CUST-004377,22,13,Month-to-month,DSL,Yes,No,No,Yes,Mailed check,61.78,808.77,0,4,107.5,Yes
CUST-004378,43,22,Month-to-month,DSL,No,No,No,Yes,Mailed check,33.96,744.89,2,4,133.2,No
CUST-004379,38,9,One year,Fiber optic,No,No,Yes,No,Credit card,75.34,677.23,0,3,240.0,No
CUST-004380,25,14,Month-to-month,DSL,No,Yes,No,Yes,Mailed check,57.48,783.26,1,3,222.2,No
CUST-004381,74,7,Month-to-month,Fiber optic,No,Yes,No,Yes,Electronic check,67.51,452.31,2,3,425.7,Yes
CUST-004382,50,34,One year,DSL,Yes,No,No,Yes,Electronic check,49.81,1728.2,0,4,140.3,No
CUST-004383,52,53,Month-to-month,Fiber optic,No,Yes,No,Yes,Electronic check,69.92,3702.74,2,4,342.2,No
CUST-004384,35,3,Month-to-month,DSL,No,Yes,Yes,No,Bank transfer,62.1,157.82,0,3,162.8,No
CUST-004385,56,19,Two year,No internet service,Yes,No,No,Yes,Electronic check,23.7,468.67,2,4,3.6,No
CUST-004386,39,17,Month-to-month,DSL,No,Yes,No,Yes,Credit card,47.82,792.45,2,2,117.9,Yes
CUST-004387,41,14,Two year,Fiber optic,Yes,No,No,Yes,Bank transfer,78.37,1108.71,1,3,415.6,No
CUST-004388,54,54,Month-to-month,No internet service,Yes,Yes,No,Yes,Bank transfer,31.34,1721.84,1,4,1.9,No
CUST-004389,21,40,Two year,Fiber optic,No,Yes,Yes,Yes,Electronic check,85.51,3416.06,1,2,387.8,No
CUST-004390,69,13,Two year,DSL,No,Yes,No,No,Electronic check,46.44,626.87,0,3,124.4,No
CUST-004391,48,16,Month-to-month,Fiber optic,Yes,Yes,Yes,Yes,Mailed check,97.92,1581.4,0,3,280.0,Yes
CUST-004392,64,3,Month-to-month,No internet service,No,No,Yes,Yes,Mailed check,36.69,141.54,0,3,10.0,No
CUST-004393,29,1,One year,Fiber optic,Yes,No,Yes,Yes,Mailed check,84.55,96.19,1,4,275.8,No
CUST-004394,31,26,Month-to-month,Fiber optic,Yes,No,No,No,Bank transfer,76.21,1970.89,2,4,228.9,No
CUST-004395,28,7,Month-to-month,No internet service,No,No,No,No,Credit card,27.61,151.61,2,4,3.2,No
CUST-004396,49,11,Two year,DSL,Yes,No,No,No,Bank transfer,47.99,512.05,0,5,128.2,No
CUST-004397,46,46,One year,Fiber optic,No,No,No,Yes,Electronic check,59.72,2737.08,0,4,310.2,No
CUST-004398,38,10,Two year,Fiber optic,No,No,No,No,Electronic check,66.87,688.55,3,2,316.6,Yes
CUST-004399,30,55,Two year,Fiber optic,No,No,No,No,Credit card,58.54,3243.98,2,3,355.0,No
CUST-004400,26,21,Two year,Fiber optic,Yes,Yes,No,Yes,Electronic check,71.24,1474.12,0,5,344.5,No
CUST-004401,44,25,One year,DSL,No,No,Yes,No,Electronic check,48.98,1248.96,0,3,109.9,No
CUST-004402,38,11,One year,DSL,Yes,No,No,No,Credit card,53.74,575.67,2,3,62.1,No
CUST-004403,35,45,Two year,No internet service,Yes,No,No,No,Electronic check,18.0,793.33,0,4,5.5,No
CUST-004404,68,1,One year,DSL,Yes,No,Yes,Yes,Bank transfer,62.98,35.31,1,3,160.2,No
CUST-004405,44,42,Month-to-month,No internet service,No,No,Yes,Yes,Electronic check,18.0,762.76,0,5,1.2,No
CUST-004406,64,17,One year,DSL,Yes,No,Yes,Yes,Bank transfer,67.19,1130.52,1,3,118.2,No
CUST-004407,37,25,Month-to-month,DSL,No,No,Yes,Yes,Electronic check,59.52,1514.26,0,5,153.3,No
CUST-004408,49,72,Two year,DSL,No,No,No,Yes,Credit card,43.94,3145.52,1,3,199.8,No
CUST-004409,44,25,One year,Fiber optic,No,No,No,No,Electronic check,70.91,1787.39,1,3,304.5,Yes
CUST-004410,20,23,One year,Fiber optic,Yes,Yes,No,Yes,Electronic check,82.98,1884.29,0,3,234.8,No
CUST-004411,66,10,Month-to-month,No internet service,Yes,No,No,Yes,Credit card,24.04,261.04,0,3,6.4,No
CUST-004412,43,4,Month-to-month,DSL,No,No,No,Yes,Bank transfer,40.61,164.78,0,4,81.6,No
CUST-004413,56,8,Month-to-month,Fiber optic,Yes,Yes,No,Yes,Mailed check,83.42,673.22,4,2,417.5,No
CUST-004414,34,56,One year,DSL,No,Yes,No,Yes,Mailed check,54.42,3040.35,0,2,103.8,No
CUST-004415,43,72,One year,Fiber optic,No,No,Yes,No,Mailed check,75.65,5438.5,3,4,343.5,No
CUST-004416,32,14,Month-to-month,DSL,No,Yes,Yes,No,Credit card,54.2,768.74,1,1,131.9,No
CUST-004417,64,7,Month-to-month,Fiber optic,No,Yes,Yes,Yes,Bank transfer,87.65,649.72,1,2,432.3,Yes
CUST-004418,50,14,Month-to-month,No internet service,Yes,Yes,No,Yes,Mailed check,34.33,459.63,0,3,5.5,No
CUST-004419,51,66,Month-to-month,DSL,No,Yes,Yes,Yes,Electronic check,62.71,4132.05,0,4,92.6,Yes
CUST-004420,65,2,Two year,Fiber optic,No,No,No,Yes,Mailed check,50.8,89.35,0,3,330.1,No
CUST-004421,62,2,Two year,DSL,No,No,No,No,Credit card,47.66,65.08,0,4,187.1,No
CUST-004422,56,14,One year,No internet service,No,No,No,No,Electronic check,19.69,245.17,0,3,5.9,No
CUST-004423,24,41,Month-to-month,No internet service,No,Yes,Yes,Yes,Mailed check,35.3,1432.65,0,5,8.1,No
CUST-004424,35,72,Month-to-month,DSL,No,No,No,No,Electronic check,40.82,2931.12,0,4,56.5,No
CUST-004425,30,34,Two year,Fiber optic,Yes,Yes,No,Yes,Bank transfer,79.55,2733.02,2,3,502.2,Yes
CUST-004426,56,12,Two year,DSL,Yes,No,No,No,Credit card,55.34,683.87,0,3,195.9,No
CUST-004427,48,8,Month-to-month,No internet service,Yes,No,No,Yes,Bank transfer,26.09,192.31,0,1,3.3,Yes
CUST-004428,24,21,One year,No internet service,Yes,No,Yes,Yes,Credit card,42.8,914.26,1,4,0.0,No
CUST-004429,42,13,Month-to-month,DSL,No,No,No,No,Credit card,39.24,494.13,2,2,186.2,Yes
CUST-004430,23,12,Month-to-month,DSL,No,No,Yes,No,Credit card,53.74,643.12,0,3,149.7,No
CUST-004431,44,63,Two year,Fiber optic,Yes,No,Yes,No,Mailed check,88.43,5577.57,1,3,324.0,No
CUST-004432,20,7,Two year,Fiber optic,No,No,Yes,Yes,Electronic check,74.98,567.06,1,2,189.8,No
CUST-004433,53,50,Two year,Fiber optic,No,No,Yes,No,Bank transfer,85.58,4284.38,1,3,272.3,No
CUST-004434,51,21,Month-to-month,Fiber optic,No,No,Yes,No,Credit card,78.38,1616.42,1,4,335.8,Yes
CUST-004435,74,7,Month-to-month,DSL,No,No,Yes,Yes,Mailed check,51.16,373.0,0,3,177.6,Yes
CUST-004436,58,17,Two year,Fiber optic,Yes,No,Yes,Yes,Mailed check,77.15,1334.29,0,4,230.9,No
CUST-004437,39,14,One year,DSL,No,No,Yes,No,Bank transfer,60.92,870.65,0,4,26.1,No
CUST-004438,57,4,Month-to-month,DSL,No,No,No,Yes,Electronic check,41.96,147.96,1,3,100.8,No
CUST-004439,24,2,Month-to-month,Fiber optic,Yes,No,No,Yes,Bank transfer,77.58,157.65,1,3,393.6,No
CUST-004440,31,11,Month-to-month,DSL,No,Yes,No,Yes,Bank transfer,48.3,530.94,0,3,111.8,No
CUST-004441,50,51,One year,Fiber optic,No,No,No,Yes,Credit card,66.21,3412.1,1,3,125.1,No
CUST-004442,18,14,Two year,Fiber optic,Yes,No,No,Yes,Bank transfer,71.32,1010.81,0,5,348.6,No
CUST-004443,44,0,Month-to-month,No internet service,No,No,Yes,Yes,Electronic check,33.28,67.61,0,4,7.8,Yes
CUST-004444,30,13,Month-to-month,Fiber optic,No,No,No,No,Mailed check,68.65,878.26,1,2,372.5,No
CUST-004445,47,2,Month-to-month,Fiber optic,Yes,No,No,Yes,Mailed check,73.1,141.87,0,3,176.9,Yes
CUST-004446,29,18,One year,DSL,Yes,No,No,Yes,Mailed check,56.31,1002.83,0,3,202.5,No
CUST-004447,51,1,Month-to-month,Fiber optic,Yes,No,No,Yes,Credit card,64.51,84.08,1,4,373.6,No
CUST-004448,45,8,Month-to-month,Fiber optic,No,No,Yes,Yes,Bank transfer,79.08,655.43,1,5,239.9,Yes
CUST-004449,66,58,One year,DSL,Yes,Yes,Yes,Yes,Bank transfer,71.12,4132.78,1,4,166.5,No
CUST-004450,45,38,Month-to-month,DSL,Yes,No,No,Yes,Bank transfer,51.69,1966.12,0,3,25.2,No
CUST-004451,33,31,One year,DSL,No,Yes,No,No,Bank transfer,39.04,1218.6,3,3,33.6,No
CUST-004452,41,63,One year,No internet service,No,No,No,No,Credit card,18.0,1106.35,0,5,6.6,No
CUST-004453,25,15,Month-to-month,Fiber optic,No,No,No,No,Electronic check,66.14,983.88,0,3,323.5,No
CUST-004454,51,2,One year,DSL,No,No,No,Yes,Electronic check,46.77,86.92,2,2,203.5,Yes
CUST-004455,54,23,One year,Fiber optic,No,Yes,No,No,Electronic check,73.05,1679.88,2,4,296.7,No
CUST-004456,82,71,One year,Fiber optic,Yes,No,Yes,No,Credit card,84.96,6019.12,0,2,388.1,No
CUST-004457,36,11,One year,No internet service,No,No,No,No,Credit card,18.0,181.01,0,4,5.8,No
CUST-004458,41,32,Month-to-month,DSL,Yes,No,No,No,Credit card,47.86,1499.56,3,3,100.8,No
CUST-004459,36,9,Month-to-month,Fiber optic,No,Yes,No,No,Electronic check,60.45,552.69,0,3,477.1,No
CUST-004460,48,8,Month-to-month,Fiber optic,No,No,Yes,No,Credit card,77.62,593.53,3,1,324.3,No
CUST-004461,51,43,Month-to-month,Fiber optic,Yes,No,No,No,Credit card,82.53,3568.78,0,4,383.6,Yes
CUST-004462,44,26,Month-to-month,DSL,Yes,Yes,Yes,Yes,Electronic check,70.54,1840.52,1,2,164.4,No
CUST-004463,61,72,Month-to-month,Fiber optic,Yes,No,No,Yes,Bank transfer,69.2,5000.13,1,3,336.2,No
CUST-004464,36,11,One year,No internet service,No,No,No,Yes,Credit card,20.13,203.59,1,4,3.6,No
CUST-004465,60,2,Month-to-month,Fiber optic,Yes,No,No,No,Mailed check,72.32,181.92,0,3,263.3,No
CUST-004466,53,69,Two year,Fiber optic,No,No,Yes,No,Credit card,68.32,4758.47,0,5,278.7,No
CUST-004467,45,26,One year,No internet service,Yes,No,No,No,Bank transfer,29.27,761.62,0,2,10.7,No
CUST-004468,40,47,Month-to-month,No internet service,No,No,No,Yes,Mailed check,19.46,922.49,0,3,4.5,No
CUST-004469,81,22,One year,Fiber optic,Yes,No,No,No,Electronic check,72.15,1587.04,1,4,285.6,No
CUST-004470,33,48,Month-to-month,DSL,Yes,Yes,No,Yes,Electronic check,68.94,3329.27,1,3,174.0,No
CUST-004471,49,17,Two year,No internet service,Yes,Yes,Yes,No,Bank transfer,45.49,789.18,1,3,0.0,No
CUST-004472,34,5,Two year,DSL,Yes,No,No,Yes,Electronic check,62.11,275.04,0,5,111.8,No
CUST-004473,72,16,Two year,DSL,Yes,Yes,Yes,Yes,Mailed check,66.86,1053.23,1,3,87.3,No
CUST-004474,58,5,One year,DSL,Yes,Yes,No,Yes,Credit card,51.45,265.11,0,5,139.1,No
CUST-004475,35,17,Two year,No internet service,No,No,No,Yes,Electronic check,18.0,321.47,0,4,1.2,No
CUST-004476,53,2,One year,DSL,No,Yes,Yes,Yes,Mailed check,68.87,140.73,1,4,178.9,No
CUST-004477,49,41,Two year,Fiber optic,Yes,Yes,Yes,No,Credit card,87.21,3541.68,1,3,523.4,No
CUST-004478,37,19,Month-to-month,DSL,No,No,No,Yes,Credit card,37.87,730.66,1,2,161.5,No
CUST-004479,56,22,Two year,DSL,No,Yes,No,No,Credit card,52.7,1195.9,0,4,127.2,No
CUST-004480,51,11,One year,DSL,No,No,Yes,Yes,Mailed check,55.08,559.96,1,4,154.4,No
CUST-004481,48,15,Month-to-month,Fiber optic,No,Yes,No,Yes,Electronic check,73.87,1126.84,2,4,369.8,No
CUST-004482,44,68,Two year,DSL,Yes,No,No,Yes,Credit card,49.64,3412.16,1,3,126.9,No
CUST-004483,51,12,One year,DSL,No,No,Yes,Yes,Credit card,52.38,647.43,0,3,248.7,No
CUST-004484,48,23,Two year,No internet service,No,No,Yes,No,Bank transfer,40.3,925.29,2,5,3.6,No
CUST-004485,46,27,Month-to-month,Fiber optic,No,Yes,Yes,No,Electronic check,78.84,2146.62,0,4,418.5,No
CUST-004486,35,48,One year,DSL,No,No,No,No,Bank transfer,40.82,1957.63,0,2,218.3,No
CUST-004487,70,14,One year,DSL,No,Yes,Yes,No,Bank transfer,65.31,925.18,0,3,230.7,No
CUST-004488,29,18,Month-to-month,Fiber optic,No,No,No,No,Credit card,51.07,920.93,2,3,277.3,No
CUST-004489,51,22,One year,DSL,No,Yes,No,No,Electronic check,54.66,1204.75,4,1,100.5,No
CUST-004490,40,5,One year,Fiber optic,Yes,Yes,No,Yes,Electronic check,87.94,424.46,1,3,287.6,No
CUST-004491,71,47,Month-to-month,No internet service,No,Yes,No,Yes,Mailed check,30.33,1416.24,0,5,4.3,No
CUST-004492,31,10,One year,DSL,No,Yes,Yes,No,Credit card,57.79,610.39,2,1,99.5,No
CUST-004493,34,1,Month-to-month,Fiber optic,Yes,Yes,No,Yes,Credit card,75.38,62.98,1,2,403.8,Yes
CUST-004494,30,6,Two year,DSL,Yes,Yes,Yes,No,Electronic check,71.32,388.8,0,1,154.3,No
CUST-004495,50,17,Two year,No internet service,No,No,Yes,No,Mailed check,33.83,645.42,2,2,1.9,Yes
CUST-004496,24,13,Month-to-month,Fiber optic,Yes,No,No,Yes,Bank transfer,81.07,1045.18,2,2,294.4,No
CUST-004497,38,23,Month-to-month,No internet service,No,No,Yes,No,Electronic check,39.84,910.95,0,2,7.4,Yes
CUST-004498,18,12,Month-to-month,Fiber optic,Yes,Yes,No,Yes,Credit card,77.92,927.0,1,5,260.7,Yes
CUST-004499,49,20,Month-to-month,Fiber optic,Yes,Yes,No,No,Mailed check,76.34,1527.12,3,4,464.9,No
CUST-004500,37,43,Two year,DSL,No,No,No,No,Credit card,41.09,1751.69,1,3,233.2,No
CUST-004501,23,4,Month-to-month,Fiber optic,No,Yes,No,No,Bank transfer,74.22,326.67,0,5,284.4,No
CUST-004502,61,38,Month-to-month,No internet service,No,No,No,Yes,Credit card,25.4,961.21,2,3,9.3,No
CUST-004503,25,13,Month-to-month,DSL,Yes,No,Yes,Yes,Electronic check,65.34,828.51,0,2,134.7,Yes
CUST-004504,57,72,One year,DSL,Yes,No,No,Yes,Mailed check,52.99,3757.91,0,3,172.4,No
CUST-004505,34,18,Two year,DSL,Yes,No,Yes,Yes,Mailed check,75.57,1382.16,0,2,151.8,No
CUST-004506,69,3,Month-to-month,DSL,No,No,Yes,Yes,Electronic check,60.4,172.39,0,2,152.5,Yes
CUST-004507,56,39,Month-to-month,DSL,No,No,Yes,Yes,Bank transfer,46.74,1830.37,0,4,135.4,No
CUST-004508,30,21,Month-to-month,DSL,No,No,Yes,No,Credit card,56.83,1174.85,0,4,223.4,No
CUST-004509,31,36,Month-to-month,No internet service,No,Yes,Yes,Yes,Mailed check,39.01,1406.24,1,2,4.1,No
CUST-004510,54,2,Month-to-month,DSL,No,No,No,Yes,Credit card,43.65,86.75,0,4,196.9,No
CUST-004511,41,2,One year,Fiber optic,Yes,Yes,No,Yes,Electronic check,85.31,189.04,0,4,320.0,No
CUST-004512,42,3,Month-to-month,DSL,No,No,No,No,Electronic check,43.35,133.36,0,3,188.2,Yes
CUST-004513,64,7,Month-to-month,DSL,Yes,No,No,No,Electronic check,48.08,314.1,0,2,155.0,No
CUST-004514,34,21,One year,Fiber optic,No,Yes,No,Yes,Credit card,67.45,1464.5,1,4,405.8,No
CUST-004515,46,7,One year,Fiber optic,No,No,No,Yes,Electronic check,68.37,487.28,0,4,329.5,No
CUST-004516,59,31,Month-to-month,Fiber optic,Yes,No,No,Yes,Electronic check,66.23,2034.23,0,5,139.5,Yes
CUST-004517,57,2,Month-to-month,Fiber optic,No,Yes,Yes,Yes,Electronic check,80.54,164.86,0,4,434.3,No
CUST-004518,43,3,One year,No internet service,Yes,Yes,Yes,No,Mailed check,50.24,158.54,3,2,3.1,No
CUST-004519,41,72,Month-to-month,DSL,No,No,Yes,Yes,Mailed check,50.2,3624.08,1,2,129.3,No
CUST-004520,19,44,Two year,Fiber optic,No,Yes,Yes,Yes,Mailed check,77.81,3430.91,2,3,403.9,No
CUST-004521,29,9,Two year,No internet service,Yes,Yes,No,Yes,Credit card,25.52,234.59,0,4,2.3,No
CUST-004522,50,3,Two year,No internet service,No,No,No,No,Mailed check,18.0,72.35,0,4,6.0,No
CUST-004523,43,20,Month-to-month,No internet service,No,Yes,No,Yes,Electronic check,23.39,482.36,0,3,4.3,No
CUST-004524,46,2,Month-to-month,Fiber optic,No,Yes,Yes,No,Bank transfer,81.81,178.55,2,2,391.2,Yes
CUST-004525,61,1,Two year,Fiber optic,No,No,No,No,Electronic check,60.42,24.89,0,5,118.6,No
CUST-004526,27,13,Month-to-month,DSL,No,Yes,Yes,No,Electronic check,61.09,759.48,0,5,173.1,No
CUST-004527,41,25,Month-to-month,DSL,No,No,No,Yes,Credit card,49.9,1231.64,1,2,211.7,No
CUST-004528,48,6,One year,DSL,Yes,No,No,Yes,Electronic check,54.67,323.05,0,4,48.0,No
CUST-004529,34,9,Month-to-month,DSL,Yes,No,No,Yes,Credit card,63.67,557.83,1,4,193.2,No
CUST-004530,66,72,One year,DSL,Yes,Yes,No,No,Bank transfer,55.63,3985.04,1,4,172.8,No
CUST-004531,59,27,Two year,No internet service,No,No,Yes,No,Credit card,29.75,808.03,0,5,4.9,No
CUST-004532,49,72,One year,DSL,No,No,No,No,Mailed check,45.77,3277.98,1,5,142.4,No
CUST-004533,72,28,Month-to-month,No internet service,No,No,No,Yes,Bank transfer,18.0,455.93,0,4,2.1,No
CUST-004534,23,17,Two year,No internet service,No,No,No,Yes,Bank transfer,19.87,310.63,0,3,6.9,No
CUST-004535,45,5,One year,Fiber optic,Yes,No,No,Yes,Credit card,63.41,304.86,0,3,390.3,No
CUST-004536,50,1,Month-to-month,No internet service,No,Yes,No,No,Electronic check,24.15,18.98,2,3,6.3,No
CUST-004537,31,15,One year,Fiber optic,No,No,No,Yes,Bank transfer,69.39,1058.82,1,5,339.8,No
CUST-004538,50,59,Month-to-month,Fiber optic,No,No,No,No,Bank transfer,74.52,4405.37,0,3,400.6,No
CUST-004539,28,4,Month-to-month,No internet service,No,No,No,Yes,Electronic check,27.24,68.86,0,4,5.2,Yes
CUST-004540,55,4,One year,Fiber optic,No,No,Yes,Yes,Electronic check,77.63,339.57,1,4,322.3,Yes
CUST-004541,61,32,Month-to-month,DSL,Yes,No,No,Yes,Credit card,55.41,1769.13,4,2,190.4,Yes
CUST-004542,49,2,Month-to-month,No internet service,No,No,Yes,Yes,Bank transfer,33.65,68.68,0,4,7.2,No
CUST-004543,18,5,One year,Fiber optic,Yes,No,Yes,No,Bank transfer,82.23,413.57,0,3,126.4,Yes
CUST-004544,30,43,Month-to-month,Fiber optic,No,Yes,No,Yes,Bank transfer,66.2,2829.55,2,2,380.3,No
CUST-004545,53,5,Month-to-month,Fiber optic,Yes,No,No,No,Electronic check,74.24,382.47,0,4,383.9,No
CUST-004546,45,39,Month-to-month,DSL,No,No,No,Yes,Electronic check,44.45,1694.58,0,2,170.1,No
CUST-004547,18,25,One year,Fiber optic,No,Yes,No,Yes,Bank transfer,75.2,1906.8,1,4,253.4,No
CUST-004548,64,63,Two year,Fiber optic,Yes,No,No,Yes,Bank transfer,61.1,3853.05,1,4,422.1,No
CUST-004549,47,25,Month-to-month,No internet service,No,No,No,Yes,Bank transfer,19.13,485.51,0,5,5.5,No
CUST-004550,33,2,One year,Fiber optic,No,No,No,Yes,Mailed check,71.05,152.63,0,4,454.0,No
CUST-004551,60,72,Month-to-month,DSL,No,Yes,Yes,Yes,Bank transfer,65.88,4734.53,2,2,195.4,Yes
CUST-004552,35,2,Month-to-month,Fiber optic,No,No,No,Yes,Bank transfer,60.08,145.58,0,5,407.5,No
CUST-004553,35,12,Month-to-month,DSL,Yes,No,Yes,No,Mailed check,58.45,686.9,0,5,179.5,No
CUST-004554,50,29,Month-to-month,DSL,Yes,Yes,No,No,Bank transfer,58.77,1684.32,1,4,147.6,Yes
CUST-004555,72,10,Month-to-month,DSL,No,Yes,No,No,Electronic check,54.93,552.28,0,4,85.1,Yes
CUST-004556,69,6,One year,Fiber optic,No,No,Yes,No,Electronic check,79.58,449.92,0,2,341.8,No
CUST-004557,50,24,One year,Fiber optic,No,No,No,Yes,Credit card,65.58,1562.59,0,4,227.0,No
CUST-004558,52,3,Two year,Fiber optic,Yes,No,Yes,Yes,Mailed check,88.21,269.85,0,2,319.3,No
CUST-004559,57,2,Two year,Fiber optic,Yes,No,Yes,No,Credit card,86.29,187.28,0,3,249.6,No
CUST-004560,26,12,Month-to-month,DSL,No,No,Yes,Yes,Bank transfer,60.0,719.25,0,3,99.3,No
CUST-004561,55,72,Month-to-month,Fiber optic,No,No,No,Yes,Mailed check,69.69,4999.59,0,2,438.7,No
CUST-004562,34,24,Month-to-month,Fiber optic,No,No,Yes,Yes,Credit card,74.78,1787.98,0,4,577.6,No
CUST-004563,50,4,Month-to-month,Fiber optic,No,Yes,No,Yes,Electronic check,66.57,252.92,0,3,251.0,No
CUST-004564,42,51,Two year,No internet service,No,No,No,No,Electronic check,23.64,1203.69,0,5,10.0,No
CUST-004565,53,2,Month-to-month,DSL,No,Yes,No,Yes,Mailed check,48.45,84.49,0,5,180.3,No
CUST-004566,47,68,Month-to-month,DSL,No,No,No,Yes,Bank transfer,35.27,2378.81,1,4,124.7,No
CUST-004567,18,21,Month-to-month,DSL,Yes,No,No,No,Electronic check,60.14,1240.9,0,4,124.8,Yes
CUST-004568,48,2,Two year,Fiber optic,No,No,Yes,No,Electronic check,78.27,119.77,0,3,320.0,No
CUST-004569,55,30,Month-to-month,Fiber optic,Yes,No,No,No,Credit card,74.05,2243.13,1,3,321.5,Yes
CUST-004570,52,18,One year,Fiber optic,Yes,Yes,No,No,Credit card,78.08,1419.76,0,4,92.7,No
CUST-004571,43,17,Month-to-month,DSL,Yes,Yes,Yes,Yes,Credit card,75.19,1253.66,3,3,69.4,No
CUST-004572,70,18,Month-to-month,Fiber optic,Yes,Yes,Yes,Yes,Electronic check,84.58,1535.46,0,4,392.4,Yes
CUST-004573,50,14,Month-to-month,Fiber optic,Yes,No,No,Yes,Credit card,73.02,1023.13,1,4,364.3,No
CUST-004574,52,12,One year,No internet service,Yes,No,Yes,Yes,Credit card,41.41,471.08,1,2,4.2,No
CUST-004575,61,59,One year,DSL,Yes,Yes,Yes,No,Electronic check,73.76,4330.83,2,3,219.6,No
CUST-004576,50,9,Month-to-month,Fiber optic,Yes,No,Yes,No,Electronic check,76.46,685.16,0,4,361.3,No
CUST-004577,32,35,Month-to-month,No internet service,Yes,Yes,Yes,Yes,Electronic check,48.97,1728.77,0,3,4.1,No
CUST-004578,18,48,Month-to-month,Fiber optic,Yes,No,No,Yes,Credit card,70.91,3415.56,1,3,291.5,No
CUST-004579,38,51,Month-to-month,Fiber optic,No,No,Yes,No,Bank transfer,73.74,3749.97,1,4,320.6,No
CUST-004580,56,20,Month-to-month,Fiber optic,No,Yes,No,Yes,Electronic check,63.19,1272.99,0,3,392.3,Yes
CUST-004581,40,18,Month-to-month,No internet service,Yes,Yes,Yes,Yes,Electronic check,57.16,1025.63,3,4,5.7,Yes
CUST-004582,57,12,One year,Fiber optic,Yes,No,No,Yes,Credit card,72.36,853.62,3,4,338.8,No
CUST-004583,47,4,Two year,No internet service,No,No,No,Yes,Bank transfer,21.23,104.13,1,4,3.5,No
CUST-004584,64,30,One year,DSL,Yes,No,No,Yes,Credit card,47.74,1435.32,1,3,87.0,No
CUST-004585,41,25,One year,DSL,Yes,No,No,No,Electronic check,45.35,1143.97,1,3,117.1,No
CUST-004586,52,9,Two year,Fiber optic,Yes,Yes,No,Yes,Credit card,83.07,725.68,4,3,258.3,No
CUST-004587,53,1,Two year,Fiber optic,No,No,Yes,Yes,Electronic check,70.25,59.86,0,5,451.4,No
CUST-004588,68,2,Month-to-month,DSL,No,No,Yes,Yes,Electronic check,63.52,143.44,1,3,170.8,Yes
CUST-004589,19,14,Month-to-month,Fiber optic,No,No,No,Yes,Credit card,74.0,1030.39,1,3,161.2,Yes
CUST-004590,38,15,Month-to-month,DSL,Yes,No,No,Yes,Electronic check,49.12,732.34,0,3,72.2,No
CUST-004591,58,21,Two year,Fiber optic,Yes,No,Yes,Yes,Bank transfer,82.69,1715.27,0,3,403.4,No
CUST-004592,68,6,Month-to-month,DSL,No,No,No,Yes,Mailed check,32.28,197.62,1,3,94.6,No
CUST-004593,49,40,Month-to-month,DSL,No,Yes,No,Yes,Bank transfer,42.28,1669.62,0,4,103.5,No
CUST-004594,41,13,Month-to-month,DSL,No,No,No,No,Electronic check,48.16,633.4,1,4,99.9,No
CUST-004595,56,12,One year,DSL,No,Yes,No,Yes,Mailed check,57.27,667.38,1,3,99.8,No
CUST-004596,58,21,One year,Fiber optic,No,No,No,No,Electronic check,61.09,1278.7,1,4,244.0,No
CUST-004597,40,22,One year,Fiber optic,Yes,No,Yes,No,Credit card,81.85,1832.2,0,4,442.5,No
CUST-004598,50,37,One year,Fiber optic,No,Yes,Yes,Yes,Credit card,75.09,2785.65,0,5,251.8,No
CUST-004599,63,2,Two year,DSL,Yes,No,No,Yes,Credit card,47.35,87.77,0,4,196.6,No
CUST-004600,73,24,Month-to-month,Fiber optic,No,No,No,Yes,Credit card,71.64,1736.5,0,3,357.7,No
CUST-004601,56,18,Two year,Fiber optic,No,No,No,No,Bank transfer,66.55,1183.43,1,3,310.2,No
CUST-004602,46,55,One year,Fiber optic,Yes,Yes,Yes,Yes,Electronic check,82.02,4491.38,1,4,316.4,No
CUST-004603,44,11,Month-to-month,Fiber optic,Yes,No,Yes,Yes,Electronic check,87.83,958.84,1,4,205.0,No
CUST-004604,53,24,Two year,DSL,No,No,No,Yes,Credit card,56.86,1386.61,1,3,132.2,No
CUST-004605,43,49,Two year,DSL,No,No,Yes,Yes,Mailed check,55.03,2717.32,0,3,152.8,No
CUST-004606,48,50,Two year,Fiber optic,Yes,No,No,Yes,Electronic check,69.67,3473.57,0,4,265.6,No
CUST-004607,29,14,Two year,Fiber optic,Yes,No,Yes,No,Electronic check,87.91,1225.06,1,4,445.0,No
CUST-004608,64,2,Month-to-month,DSL,Yes,Yes,No,Yes,Credit card,64.03,136.47,0,3,187.9,Yes
CUST-004609,28,17,Month-to-month,DSL,No,Yes,Yes,Yes,Electronic check,67.11,1189.43,1,4,173.9,Yes
CUST-004610,39,17,Month-to-month,No internet service,No,No,No,No,Mailed check,18.41,308.22,0,3,10.8,No
CUST-004611,46,53,Two year,No internet service,No,No,Yes,No,Bank transfer,29.9,1612.35,0,3,0.0,No
CUST-004612,75,20,Two year,No internet service,No,No,No,Yes,Bank transfer,18.0,364.99,1,4,9.4,No
CUST-004613,39,14,Two year,No internet service,No,No,Yes,No,Electronic check,25.85,378.97,0,4,5.4,No
CUST-004614,35,41,Two year,No internet service,Yes,Yes,No,No,Bank transfer,35.8,1488.07,0,4,1.9,No
CUST-004615,37,36,One year,DSL,Yes,Yes,No,Yes,Electronic check,56.33,2031.4,1,3,75.4,No
CUST-004616,70,32,Month-to-month,DSL,Yes,No,Yes,Yes,Electronic check,66.23,2118.79,2,4,70.0,No
CUST-004617,18,1,Month-to-month,DSL,No,Yes,Yes,Yes,Bank transfer,61.81,57.67,1,3,247.9,Yes
CUST-004618,30,4,Month-to-month,Fiber optic,No,Yes,No,Yes,Credit card,71.31,292.25,1,4,361.1,No
CUST-004619,85,10,One year,Fiber optic,Yes,Yes,No,Yes,Credit card,79.1,814.76,0,5,426.2,No
CUST-004620,54,10,Month-to-month,No internet service,No,No,Yes,No,Electronic check,35.73,383.75,1,3,7.2,No
CUST-004621,28,72,Two year,DSL,Yes,Yes,Yes,No,Electronic check,75.24,5441.49,0,3,186.1,No
CUST-004622,44,56,One year,Fiber optic,No,No,No,No,Mailed check,64.91,3625.64,0,3,394.0,No
CUST-004623,46,9,Month-to-month,Fiber optic,No,No,No,No,Electronic check,63.98,564.46,2,3,292.2,Yes
CUST-004624,58,2,Two year,Fiber optic,No,Yes,No,No,Electronic check,70.82,125.08,0,3,177.8,Yes
CUST-004625,73,56,One year,Fiber optic,No,No,No,No,Electronic check,61.08,3423.56,2,2,223.1,No
CUST-004626,51,2,One year,DSL,No,No,Yes,No,Electronic check,62.43,143.52,0,1,214.0,No
CUST-004627,37,8,Month-to-month,DSL,Yes,No,Yes,No,Bank transfer,62.19,486.22,1,3,137.6,No
CUST-004628,57,12,Month-to-month,DSL,No,No,Yes,Yes,Electronic check,56.2,670.74,3,3,247.1,Yes
CUST-004629,35,2,Month-to-month,Fiber optic,No,Yes,No,No,Electronic check,71.88,156.69,0,3,357.5,No
CUST-004630,29,16,Month-to-month,DSL,Yes,Yes,Yes,No,Electronic check,72.55,1154.38,2,3,129.5,No
CUST-004631,19,29,One year,Fiber optic,No,No,No,Yes,Bank transfer,66.34,1920.05,1,4,402.1,No
CUST-004632,22,16,Two year,Fiber optic,No,No,Yes,No,Mailed check,76.32,1243.41,0,4,157.6,No
CUST-004633,32,19,Two year,DSL,No,No,Yes,Yes,Electronic check,65.22,1239.65,1,4,66.0,No
CUST-004634,27,36,Month-to-month,Fiber optic,Yes,No,No,Yes,Mailed check,73.38,2627.27,0,4,215.7,No
CUST-004635,50,41,Two year,No internet service,Yes,No,No,No,Electronic check,26.74,1098.27,2,5,5.7,No
CUST-004636,27,0,Month-to-month,DSL,No,No,No,Yes,Credit card,53.99,62.66,1,4,126.6,No
CUST-004637,18,31,Month-to-month,Fiber optic,No,No,Yes,No,Mailed check,73.11,2316.5,1,3,125.1,No
CUST-004638,29,12,One year,Fiber optic,Yes,Yes,No,Yes,Bank transfer,87.97,1086.02,0,4,382.2,No
CUST-004639,38,55,Two year,Fiber optic,Yes,Yes,No,Yes,Bank transfer,69.02,3859.95,0,4,441.0,No
CUST-004640,36,14,Two year,Fiber optic,Yes,No,No,No,Bank transfer,70.99,972.55,0,5,253.8,No
CUST-004641,68,5,Two year,No internet service,No,No,Yes,No,Bank transfer,23.65,146.07,0,3,0.0,No
CUST-004642,36,16,Month-to-month,DSL,No,No,No,Yes,Mailed check,38.19,642.1,0,5,127.5,No
CUST-004643,58,72,Month-to-month,DSL,No,No,No,Yes,Mailed check,47.26,3403.33,1,3,139.9,No
CUST-004644,45,24,Month-to-month,DSL,No,Yes,No,Yes,Electronic check,52.43,1250.47,1,4,135.7,No
CUST-004645,44,46,One year,No internet service,No,No,Yes,Yes,Electronic check,28.96,1346.91,0,4,8.0,No
CUST-004646,32,7,Month-to-month,No internet service,No,No,No,Yes,Mailed check,28.17,190.67,0,3,1.0,Yes
CUST-004647,44,11,Month-to-month,Fiber optic,No,No,No,Yes,Mailed check,70.67,754.49,3,4,355.4,Yes
CUST-004648,34,19,Month-to-month,Fiber optic,Yes,Yes,No,No,Electronic check,78.74,1467.72,2,2,279.4,Yes
CUST-004649,48,46,One year,Fiber optic,Yes,No,Yes,Yes,Credit card,75.96,3464.22,1,4,315.7,No
CUST-004650,41,9,One year,Fiber optic,No,No,No,No,Electronic check,69.79,632.77,2,2,128.6,No
CUST-004651,31,14,Month-to-month,DSL,No,No,No,Yes,Electronic check,42.59,609.69,0,4,37.4,No
CUST-004652,60,0,Month-to-month,Fiber optic,Yes,No,Yes,No,Bank transfer,86.46,66.97,0,1,322.6,Yes
CUST-004653,51,7,One year,No internet service,No,Yes,No,Yes,Credit card,29.99,219.6,2,2,6.6,No
CUST-004654,38,72,One year,Fiber optic,No,Yes,Yes,Yes,Mailed check,80.99,5840.81,0,3,243.1,No
CUST-004655,47,24,Month-to-month,No internet service,Yes,No,Yes,Yes,Bank transfer,46.39,1120.29,1,3,5.3,No
CUST-004656,44,72,Month-to-month,Fiber optic,No,No,No,Yes,Electronic check,63.1,4556.8,1,3,431.8,No
CUST-004657,32,39,Two year,Fiber optic,Yes,No,Yes,No,Credit card,87.69,3424.22,1,4,323.7,No
CUST-004658,46,52,One year,No internet service,No,No,Yes,Yes,Bank transfer,35.78,1887.22,2,4,1.1,No
CUST-004659,36,6,Month-to-month,DSL,No,Yes,No,Yes,Electronic check,55.56,345.84,0,5,244.0,No
CUST-004660,31,72,One year,DSL,No,Yes,No,No,Bank transfer,59.72,4274.75,1,3,151.9,No
CUST-004661,21,14,One year,No internet service,No,Yes,No,Yes,Electronic check,21.89,343.26,0,4,4.2,No
CUST-004662,40,25,Month-to-month,Fiber optic,No,Yes,Yes,No,Mailed check,77.34,1914.28,0,3,224.6,No
CUST-004663,54,40,Month-to-month,Fiber optic,Yes,Yes,No,Yes,Mailed check,77.39,3095.28,2,3,410.5,No
CUST-004664,35,29,Two year,Fiber optic,Yes,No,Yes,No,Bank transfer,100.22,2957.42,2,3,263.9,No
CUST-004665,83,2,Month-to-month,Fiber optic,No,No,Yes,No,Credit card,83.75,177.29,3,3,211.3,Yes
CUST-004666,58,18,Month-to-month,No internet service,No,No,Yes,Yes,Mailed check,29.25,510.05,0,4,4.2,No
CUST-004667,65,68,One year,No internet service,No,No,No,Yes,Bank transfer,18.26,1248.42,0,4,5.5,No
CUST-004668,57,67,Month-to-month,Fiber optic,No,Yes,No,No,Bank transfer,70.92,4762.09,1,4,386.0,No
CUST-004669,73,27,One year,DSL,No,No,Yes,No,Electronic check,58.36,1579.74,1,5,171.9,No
CUST-004670,33,14,Month-to-month,No internet service,No,Yes,No,No,Bank transfer,29.21,398.8,0,5,6.0,No
CUST-004671,18,19,Month-to-month,Fiber optic,No,Yes,No,Yes,Credit card,74.41,1388.19,3,3,449.6,Yes
CUST-004672,38,7,Month-to-month,Fiber optic,Yes,Yes,Yes,Yes,Bank transfer,96.98,655.57,0,3,164.2,No
CUST-004673,53,6,Two year,No internet service,No,Yes,No,No,Mailed check,36.01,200.47,2,2,6.0,No
CUST-004674,47,38,One year,DSL,No,No,No,Yes,Bank transfer,44.33,1710.44,1,3,165.8,No
CUST-004675,49,7,Two year,Fiber optic,No,No,No,Yes,Credit card,63.93,423.13,0,3,352.6,No
CUST-004676,65,22,Month-to-month,DSL,No,No,No,Yes,Electronic check,43.18,953.07,1,3,101.1,No
CUST-004677,51,72,One year,Fiber optic,No,No,No,Yes,Electronic check,63.62,4608.61,0,3,150.5,No
CUST-004678,57,24,Month-to-month,DSL,No,No,Yes,No,Bank transfer,58.84,1425.18,1,4,133.8,No
CUST-004679,31,27,One year,DSL,Yes,No,No,Yes,Electronic check,56.18,1545.29,0,4,149.0,No
CUST-004680,29,22,Month-to-month,Fiber optic,Yes,No,Yes,Yes,Credit card,93.63,2048.13,0,4,398.0,No
CUST-004681,69,62,One year,No internet service,No,No,Yes,No,Electronic check,28.46,1777.08,0,4,4.1,No
CUST-004682,47,23,Month-to-month,DSL,No,No,No,Yes,Electronic check,46.79,1099.19,1,3,72.2,No
CUST-004683,36,5,Month-to-month,DSL,No,No,Yes,No,Credit card,52.8,282.82,0,4,182.7,Yes
CUST-004684,36,18,One year,DSL,No,No,No,No,Electronic check,47.02,864.16,0,2,191.8,No
CUST-004685,35,7,Month-to-month,DSL,Yes,Yes,No,No,Mailed check,72.36,482.63,0,4,245.3,No
CUST-004686,34,18,Month-to-month,Fiber optic,No,No,Yes,Yes,Mailed check,76.32,1387.1,1,3,248.8,No
CUST-004687,26,5,Two year,Fiber optic,No,No,No,Yes,Credit card,77.26,396.06,1,1,309.1,No
CUST-004688,22,22,Month-to-month,DSL,Yes,No,Yes,Yes,Electronic check,60.82,1335.03,0,4,203.9,No
CUST-004689,42,10,One year,DSL,No,Yes,No,Yes,Bank transfer,48.7,474.9,3,3,193.3,Yes
CUST-004690,36,30,Two year,Fiber optic,Yes,Yes,Yes,Yes,Credit card,89.29,2687.71,1,5,425.9,No
CUST-004691,62,16,One year,No internet service,Yes,Yes,Yes,Yes,Bank transfer,46.87,730.17,0,4,5.4,No
CUST-004692,49,6,Month-to-month,No internet service,No,No,No,Yes,Electronic check,19.23,106.75,2,2,7.1,Yes
CUST-004693,49,12,One year,Fiber optic,No,No,No,Yes,Electronic check,68.82,844.68,0,5,293.1,No
CUST-004694,34,23,Month-to-month,Fiber optic,No,No,Yes,Yes,Bank transfer,63.26,1475.82,1,2,536.4,No
CUST-004695,43,7,Month-to-month,DSL,No,No,Yes,Yes,Electronic check,52.1,374.34,1,4,177.7,No
CUST-004696,50,2,One year,Fiber optic,No,Yes,No,No,Mailed check,80.47,151.74,0,5,179.2,No
CUST-004697,56,43,Two year,No internet service,No,No,Yes,No,Bank transfer,24.96,1051.05,0,2,3.1,No
CUST-004698,44,7,Month-to-month,DSL,Yes,No,No,No,Bank transfer,51.22,342.95,1,5,146.2,No
CUST-004699,61,20,Month-to-month,Fiber optic,Yes,Yes,Yes,No,Bank transfer,94.06,1906.91,0,4,506.8,Yes
CUST-004700,45,11,One year,DSL,No,No,Yes,Yes,Bank transfer,56.77,628.36,0,4,171.6,No
CUST-004701,57,7,Month-to-month,Fiber optic,No,No,Yes,No,Electronic check,72.75,507.21,0,5,197.9,Yes
CUST-004702,38,46,One year,DSL,No,No,Yes,Yes,Mailed check,59.23,2727.85,0,4,110.0,No
CUST-004703,18,72,Month-to-month,Fiber optic,No,No,No,Yes,Credit card,69.18,4994.65,0,2,347.1,No
CUST-004704,49,6,Month-to-month,No internet service,No,Yes,No,No,Credit card,23.02,117.59,2,1,1.6,Yes
CUST-004705,56,26,One year,DSL,Yes,No,Yes,No,Electronic check,67.04,1733.31,1,2,161.9,No
CUST-004706,54,16,Two year,No internet service,No,No,Yes,Yes,Electronic check,36.3,593.72,0,3,4.4,No
CUST-004707,51,56,Month-to-month,Fiber optic,No,Yes,Yes,Yes,Bank transfer,88.4,4955.2,0,2,269.9,Yes
CUST-004708,40,20,Two year,Fiber optic,No,No,No,No,Mailed check,66.85,1359.12,0,3,405.9,No
CUST-004709,33,3,Month-to-month,No internet service,No,No,No,Yes,Mailed check,28.55,100.72,0,1,6.0,No
CUST-004710,53,55,Month-to-month,Fiber optic,No,Yes,Yes,Yes,Electronic check,83.24,4562.76,2,2,402.7,Yes
CUST-004711,51,72,Month-to-month,Fiber optic,Yes,Yes,No,Yes,Mailed check,74.08,5267.01,0,4,441.1,No
CUST-004712,37,24,Month-to-month,No internet service,Yes,Yes,No,Yes,Electronic check,32.91,793.93,0,4,10.5,No
CUST-004713,62,4,One year,DSL,Yes,Yes,No,Yes,Electronic check,65.06,239.33,1,3,103.2,No
CUST-004714,32,53,Month-to-month,No internet service,No,No,No,Yes,Mailed check,18.0,964.15,0,4,4.2,No
CUST-004715,36,12,Month-to-month,Fiber optic,No,Yes,Yes,Yes,Credit card,71.79,893.29,1,1,332.3,Yes
CUST-004716,70,7,Month-to-month,DSL,No,No,Yes,No,Credit card,59.3,394.51,1,4,97.9,No
CUST-004717,58,26,Two year,DSL,No,No,No,No,Electronic check,42.78,1125.21,0,5,130.3,No
CUST-004718,40,72,Two year,DSL,Yes,Yes,Yes,Yes,Electronic check,82.24,5938.68,1,4,150.2,No
CUST-004719,49,37,Month-to-month,Fiber optic,Yes,No,Yes,Yes,Electronic check,86.33,3201.12,0,3,332.3,Yes
CUST-004720,47,35,Month-to-month,No internet service,Yes,Yes,No,No,Credit card,40.19,1413.21,0,1,7.6,No
CUST-004721,18,3,Two year,Fiber optic,No,No,No,No,Electronic check,62.55,146.12,0,5,384.8,No
CUST-004722,31,39,Month-to-month,DSL,Yes,Yes,No,No,Credit card,61.97,2418.14,0,5,150.4,No
CUST-004723,44,30,Two year,No internet service,Yes,Yes,No,No,Bank transfer,35.86,1075.63,0,4,2.5,No
CUST-004724,40,19,One year,DSL,Yes,No,Yes,No,Credit card,71.9,1387.09,0,5,116.3,No
CUST-004725,49,18,Two year,Fiber optic,No,No,No,Yes,Electronic check,65.96,1206.48,2,3,406.9,No
CUST-004726,62,1,Month-to-month,DSL,No,No,No,Yes,Bank transfer,42.38,32.17,1,4,156.4,No
CUST-004727,40,2,Month-to-month,DSL,Yes,No,Yes,Yes,Electronic check,70.19,102.38,0,4,120.4,No
CUST-004728,29,25,Month-to-month,Fiber optic,No,No,Yes,Yes,Bank transfer,73.43,1803.83,0,3,320.3,No
CUST-004729,50,60,Month-to-month,Fiber optic,No,Yes,No,Yes,Bank transfer,66.91,4042.77,1,3,407.8,Yes
CUST-004730,40,28,Month-to-month,DSL,Yes,No,Yes,Yes,Credit card,64.78,1812.29,2,4,84.0,No
CUST-004731,43,21,Two year,DSL,No,No,No,Yes,Bank transfer,43.37,881.84,0,5,127.6,No
CUST-004732,41,5,Month-to-month,No internet service,No,No,Yes,Yes,Credit card,32.08,133.95,0,5,12.3,No
CUST-004733,79,27,Month-to-month,Fiber optic,No,No,No,No,Mailed check,61.66,1669.44,0,4,305.0,No
CUST-004734,18,0,Month-to-month,Fiber optic,Yes,No,No,No,Bank transfer,78.6,81.02,0,4,269.6,Yes
CUST-004735,39,52,Month-to-month,Fiber optic,No,No,No,Yes,Electronic check,70.53,3700.68,0,4,350.9,No
CUST-004736,45,18,Month-to-month,No internet service,No,No,Yes,Yes,Electronic check,36.15,649.1,4,1,2.7,Yes
CUST-004737,33,12,Month-to-month,No internet service,Yes,Yes,Yes,Yes,Electronic check,49.66,603.64,1,3,7.7,Yes
CUST-004738,58,37,One year,No internet service,No,No,No,Yes,Electronic check,18.0,665.16,0,3,10.3,No
CUST-004739,57,11,Two year,DSL,Yes,Yes,Yes,Yes,Electronic check,71.58,803.76,0,2,83.5,No
CUST-004740,44,38,Month-to-month,Fiber optic,No,No,No,No,Electronic check,69.29,2668.22,2,4,101.6,Yes
CUST-004741,41,14,One year,DSL,No,No,No,No,Electronic check,51.7,742.69,0,4,124.4,No
CUST-004742,43,63,Month-to-month,Fiber optic,No,Yes,No,Yes,Bank transfer,69.98,4448.16,1,1,238.5,No
CUST-004743,43,16,Month-to-month,Fiber optic,Yes,No,Yes,Yes,Mailed check,91.52,1475.14,2,4,296.6,No
CUST-004744,44,8,Two year,Fiber optic,No,Yes,Yes,Yes,Credit card,84.54,644.6,0,5,205.6,No
CUST-004745,42,22,Two year,Fiber optic,Yes,Yes,No,No,Mailed check,66.09,1437.5,2,3,287.6,No
CUST-004746,49,22,Month-to-month,Fiber optic,No,No,No,Yes,Electronic check,64.5,1435.42,2,2,481.7,Yes
CUST-004747,56,54,Month-to-month,No internet service,No,No,Yes,No,Credit card,27.8,1496.37,0,2,2.6,No
CUST-004748,27,8,Month-to-month,DSL,Yes,No,No,Yes,Credit card,49.94,399.56,0,3,151.3,No
CUST-004749,29,43,Month-to-month,DSL,No,No,No,Yes,Mailed check,50.26,2144.98,0,3,81.6,No
CUST-004750,19,15,One year,Fiber optic,No,No,No,No,Electronic check,66.49,1026.24,1,2,127.9,Yes
CUST-004751,58,27,Month-to-month,DSL,No,Yes,No,Yes,Credit card,48.41,1337.7,0,5,183.0,No
CUST-004752,49,38,Two year,Fiber optic,Yes,No,No,No,Credit card,69.62,2640.98,0,4,368.6,No
CUST-004753,53,4,One year,Fiber optic,Yes,No,Yes,Yes,Credit card,87.19,344.38,1,3,265.7,No
CUST-004754,24,11,Month-to-month,Fiber optic,Yes,No,Yes,No,Mailed check,84.08,950.39,0,5,480.8,No
CUST-004755,72,12,Two year,Fiber optic,No,No,No,No,Electronic check,68.48,842.68,0,4,234.5,Yes
CUST-004756,36,3,One year,No internet service,Yes,Yes,No,Yes,Mailed check,29.87,56.99,2,3,6.7,No
CUST-004757,48,8,Month-to-month,No internet service,Yes,No,No,Yes,Bank transfer,26.1,222.39,1,4,2.6,No
CUST-004758,58,4,Month-to-month,Fiber optic,No,No,No,No,Electronic check,59.4,247.52,1,3,304.2,Yes
CUST-004759,30,44,Two year,DSL,No,Yes,Yes,Yes,Electronic check,60.23,2653.85,0,3,140.5,No
CUST-004760,37,20,Two year,Fiber optic,Yes,No,No,Yes,Credit card,83.89,1660.25,1,4,387.6,No
CUST-004761,48,11,Month-to-month,Fiber optic,No,No,Yes,Yes,Electronic check,73.32,789.4,0,5,259.6,No
CUST-004762,85,65,One year,DSL,Yes,Yes,No,No,Electronic check,56.63,3618.98,2,3,111.8,No
CUST-004763,50,5,Two year,DSL,No,No,No,Yes,Bank transfer,40.88,191.27,0,4,123.4,No
CUST-004764,69,9,Two year,DSL,No,No,No,Yes,Credit card,44.08,357.31,3,2,148.6,No
CUST-004765,63,46,Month-to-month,Fiber optic,No,Yes,No,No,Credit card,70.64,3238.62,1,4,443.1,No
CUST-004766,51,2,Month-to-month,DSL,No,Yes,Yes,No,Electronic check,69.09,146.22,1,5,164.8,Yes
CUST-004767,30,44,Two year,Fiber optic,Yes,No,No,Yes,Bank transfer,70.97,3099.33,0,3,232.0,No
CUST-004768,61,8,Month-to-month,Fiber optic,No,No,Yes,Yes,Credit card,77.57,647.2,1,3,239.0,No
CUST-004769,23,7,Month-to-month,Fiber optic,Yes,No,No,Yes,Bank transfer,63.63,484.53,1,3,218.8,Yes
CUST-004770,69,8,One year,Fiber optic,Yes,No,Yes,No,Electronic check,80.68,650.18,0,4,411.2,No
CUST-004771,48,6,Month-to-month,Fiber optic,No,No,No,Yes,Bank transfer,70.43,434.75,2,3,251.7,Yes
CUST-004772,18,10,One year,Fiber optic,No,No,Yes,Yes,Mailed check,72.72,694.83,0,3,427.3,No
CUST-004773,40,20,Month-to-month,DSL,No,Yes,Yes,Yes,Mailed check,66.84,1340.47,0,4,126.0,No
CUST-004774,55,9,One year,Fiber optic,Yes,No,No,Yes,Mailed check,68.37,587.23,0,3,304.6,No
CUST-004775,41,42,Month-to-month,Fiber optic,No,Yes,No,Yes,Electronic check,70.14,2911.4,1,4,184.8,No
CUST-004776,56,7,Two year,No internet service,No,No,Yes,Yes,Credit card,40.57,258.67,1,3,8.3,No
CUST-004777,32,12,Month-to-month,No internet service,No,Yes,No,Yes,Mailed check,29.73,353.67,0,4,1.8,No
CUST-004778,25,1,Month-to-month,Fiber optic,Yes,Yes,No,Yes,Electronic check,69.24,68.43,0,4,319.6,No
CUST-004779,44,26,Two year,Fiber optic,No,No,No,No,Mailed check,81.11,2107.4,4,1,454.9,No
CUST-004780,45,17,One year,Fiber optic,No,Yes,No,No,Bank transfer,65.81,1095.49,0,3,100.7,No
CUST-004781,40,31,Month-to-month,No internet service,Yes,No,Yes,No,Bank transfer,49.33,1531.35,2,2,3.6,No
CUST-004782,63,3,Month-to-month,Fiber optic,No,No,Yes,Yes,Credit card,74.77,210.4,1,2,260.8,No
CUST-004783,32,2,One year,Fiber optic,No,No,Yes,No,Credit card,70.86,144.29,0,3,277.4,No
CUST-004784,50,35,Two year,DSL,Yes,Yes,No,Yes,Bank transfer,56.74,1981.18,0,4,172.4,No
CUST-004785,46,10,Month-to-month,DSL,No,Yes,Yes,No,Bank transfer,59.73,561.25,1,2,201.0,Yes
CUST-004786,22,60,Two year,Fiber optic,Yes,No,Yes,No,Bank transfer,82.26,4922.01,0,4,334.6,No
CUST-004787,25,30,Month-to-month,Fiber optic,No,No,Yes,Yes,Mailed check,77.3,2329.89,2,3,135.2,Yes
CUST-004788,45,4,One year,Fiber optic,No,Yes,No,Yes,Mailed check,73.39,310.33,1,3,353.1,Yes
CUST-004789,75,3,Month-to-month,Fiber optic,No,Yes,Yes,No,Mailed check,90.1,245.66,0,5,421.3,Yes
CUST-004790,54,29,Month-to-month,Fiber optic,Yes,No,No,Yes,Credit card,74.07,2132.75,0,3,313.0,No
CUST-004791,19,32,Two year,No internet service,No,Yes,Yes,No,Bank transfer,38.39,1219.53,0,2,1.0,No
CUST-004792,18,28,Month-to-month,DSL,No,No,No,No,Electronic check,41.39,1182.35,2,3,120.0,Yes
CUST-004793,56,27,Two year,DSL,No,Yes,No,No,Credit card,49.6,1348.58,2,3,209.9,No
CUST-004794,44,54,Month-to-month,DSL,No,No,No,No,Credit card,42.48,2268.32,0,3,78.0,No
CUST-004795,62,47,Month-to-month,DSL,No,No,No,Yes,Electronic check,38.13,1801.95,0,3,58.4,No
CUST-004796,32,14,Two year,Fiber optic,Yes,Yes,No,No,Credit card,91.75,1309.87,1,3,391.1,No
CUST-004797,50,32,One year,DSL,Yes,No,Yes,No,Mailed check,66.21,2123.05,3,2,166.7,No
CUST-004798,58,18,Month-to-month,Fiber optic,No,Yes,No,Yes,Electronic check,72.28,1285.54,1,4,456.2,Yes
CUST-004799,38,3,One year,Fiber optic,Yes,No,No,Yes,Bank transfer,79.09,254.23,0,5,451.9,Yes
CUST-004800,39,55,Month-to-month,Fiber optic,No,No,No,Yes,Electronic check,52.09,2868.65,0,3,326.4,No
CUST-004801,45,3,Two year,DSL,No,Yes,No,No,Bank transfer,62.19,181.58,0,4,201.3,No
CUST-004802,53,37,Month-to-month,DSL,No,No,No,No,Credit card,40.71,1524.13,3,1,166.0,Yes
CUST-004803,45,3,Month-to-month,DSL,No,No,Yes,Yes,Mailed check,52.58,157.66,0,3,187.4,No
CUST-004804,60,6,Month-to-month,DSL,Yes,No,No,No,Electronic check,50.29,303.35,1,5,138.6,Yes
CUST-004805,38,36,One year,No internet service,No,No,Yes,Yes,Electronic check,36.92,1346.32,2,4,2.1,No
CUST-004806,25,8,Two year,Fiber optic,No,No,No,Yes,Mailed check,75.72,595.74,1,4,369.4,No
CUST-004807,75,13,Two year,Fiber optic,No,Yes,Yes,Yes,Bank transfer,91.2,1162.47,0,3,371.6,No
CUST-004808,36,19,Month-to-month,DSL,Yes,No,No,Yes,Credit card,50.59,967.72,1,3,133.8,No
CUST-004809,36,72,Month-to-month,DSL,Yes,Yes,No,Yes,Credit card,50.01,3631.86,1,4,205.0,No
CUST-004810,44,4,Month-to-month,Fiber optic,No,No,Yes,Yes,Bank transfer,74.93,254.23,2,4,464.6,No
CUST-004811,46,5,Two year,Fiber optic,No,No,No,Yes,Mailed check,61.8,323.67,0,3,228.7,No
CUST-004812,39,16,Month-to-month,No internet service,No,Yes,No,No,Mailed check,18.0,288.7,0,4,4.5,Yes
CUST-004813,45,5,One year,Fiber optic,Yes,No,Yes,Yes,Bank transfer,87.91,428.87,0,3,381.1,No
CUST-004814,44,9,Month-to-month,No internet service,Yes,No,No,Yes,Electronic check,28.02,239.25,0,3,6.0,No
CUST-004815,48,2,Two year,DSL,No,Yes,Yes,Yes,Mailed check,65.5,149.06,0,2,136.4,No
CUST-004816,18,4,Month-to-month,No internet service,No,No,Yes,Yes,Mailed check,35.66,156.24,0,4,2.7,Yes
CUST-004817,73,24,Month-to-month,Fiber optic,Yes,No,No,No,Bank transfer,76.42,1813.34,3,3,227.4,Yes
CUST-004818,43,30,Two year,DSL,No,Yes,Yes,No,Electronic check,62.68,1886.49,2,4,77.9,No
CUST-004819,54,10,Two year,Fiber optic,No,No,No,Yes,Mailed check,73.2,759.45,0,4,296.5,No
CUST-004820,24,11,One year,Fiber optic,No,No,Yes,Yes,Credit card,74.55,834.0,0,4,273.5,No
CUST-004821,38,1,One year,Fiber optic,No,Yes,Yes,Yes,Credit card,79.81,46.45,0,5,204.3,No
CUST-004822,35,40,One year,Fiber optic,No,No,No,Yes,Bank transfer,63.84,2566.52,0,4,384.2,No
CUST-004823,67,34,Month-to-month,Fiber optic,No,No,Yes,Yes,Credit card,79.69,2684.51,1,1,288.5,No
CUST-004824,36,56,Month-to-month,DSL,No,Yes,No,Yes,Credit card,54.41,3051.32,0,3,188.3,No
CUST-004825,56,31,One year,Fiber optic,Yes,No,Yes,No,Credit card,83.3,2567.35,1,3,203.0,No
CUST-004826,35,4,One year,Fiber optic,Yes,No,No,No,Credit card,71.4,293.65,3,2,410.9,No
CUST-004827,38,51,Month-to-month,Fiber optic,Yes,No,No,Yes,Bank transfer,79.52,4042.13,1,4,394.7,No
CUST-004828,41,21,Month-to-month,DSL,No,No,No,Yes,Credit card,38.46,786.73,0,5,171.7,No
CUST-004829,64,60,One year,Fiber optic,No,Yes,No,No,Electronic check,84.74,5090.7,0,3,309.2,No
CUST-004830,18,14,Month-to-month,DSL,No,Yes,Yes,Yes,Mailed check,61.5,863.31,1,5,170.1,No
CUST-004831,25,3,One year,Fiber optic,No,No,No,No,Credit card,63.98,208.37,0,4,376.3,No
CUST-004832,18,14,One year,DSL,Yes,No,No,Yes,Electronic check,54.85,757.29,0,4,197.8,No
CUST-004833,29,23,Month-to-month,DSL,No,No,No,Yes,Electronic check,47.66,1065.9,2,4,141.6,Yes
CUST-004834,33,14,Month-to-month,DSL,Yes,No,Yes,Yes,Mailed check,61.73,877.74,0,3,210.1,No
CUST-004835,21,13,Month-to-month,DSL,No,No,Yes,No,Bank transfer,58.69,791.91,1,5,83.8,No
CUST-004836,34,34,Month-to-month,No internet service,Yes,No,Yes,Yes,Bank transfer,35.33,1189.66,0,5,7.4,No
CUST-004837,18,72,One year,Fiber optic,Yes,Yes,Yes,No,Bank transfer,88.01,6346.44,2,4,389.4,No
CUST-004838,30,14,One year,Fiber optic,No,No,Yes,Yes,Electronic check,68.98,959.49,0,4,347.7,No
CUST-004839,63,61,Two year,No internet service,No,Yes,Yes,Yes,Credit card,38.7,2399.35,1,3,4.7,No
CUST-004840,51,23,Month-to-month,No internet service,No,Yes,Yes,No,Electronic check,37.12,843.24,1,4,4.4,No
CUST-004841,48,24,One year,DSL,Yes,Yes,Yes,Yes,Credit card,60.93,1461.4,1,3,118.1,No
CUST-004842,30,5,Month-to-month,Fiber optic,No,No,Yes,Yes,Mailed check,73.6,327.56,1,3,321.6,Yes
CUST-004843,22,15,Two year,Fiber optic,Yes,No,No,No,Electronic check,72.86,1124.36,1,4,363.4,No
CUST-004844,28,8,Month-to-month,No internet service,No,Yes,No,No,Mailed check,30.3,231.71,1,3,6.1,No
CUST-004845,44,11,One year,DSL,No,No,No,No,Bank transfer,38.59,450.46,1,3,160.7,No
CUST-004846,58,1,Month-to-month,Fiber optic,Yes,No,Yes,No,Credit card,83.5,70.1,2,4,394.7,No
CUST-004847,59,15,Month-to-month,Fiber optic,No,No,Yes,No,Bank transfer,71.5,1070.93,0,2,373.8,Yes
CUST-004848,54,11,Two year,No internet service,Yes,Yes,No,No,Credit card,37.63,398.3,1,4,10.3,No
CUST-004849,34,13,Month-to-month,DSL,Yes,Yes,No,No,Mailed check,55.66,704.89,1,2,225.4,No
CUST-004850,45,5,Month-to-month,No internet service,No,Yes,Yes,Yes,Electronic check,40.59,197.09,0,2,0.0,No
CUST-004851,40,1,One year,Fiber optic,Yes,No,Yes,No,Mailed check,83.21,80.44,0,4,487.3,No
CUST-004852,42,20,Month-to-month,Fiber optic,Yes,No,Yes,Yes,Bank transfer,76.48,1522.3,1,4,442.1,No
CUST-004853,76,2,Month-to-month,Fiber optic,No,Yes,Yes,Yes,Electronic check,82.65,134.86,1,3,261.2,Yes
CUST-004854,19,3,Month-to-month,DSL,No,Yes,Yes,No,Electronic check,57.08,176.91,1,2,136.9,Yes
CUST-004855,41,10,Month-to-month,Fiber optic,No,No,No,Yes,Bank transfer,70.6,666.86,1,4,424.1,Yes
CUST-004856,63,17,Two year,Fiber optic,No,No,Yes,No,Mailed check,86.09,1456.77,3,3,380.6,No
CUST-004857,23,5,One year,Fiber optic,No,Yes,Yes,Yes,Credit card,86.19,399.34,0,4,332.6,No
CUST-004858,35,2,Month-to-month,Fiber optic,No,No,No,No,Electronic check,61.8,141.61,4,3,232.8,No
CUST-004859,37,13,Month-to-month,No internet service,No,No,No,Yes,Mailed check,20.11,286.07,0,3,4.3,No
CUST-004860,42,56,Two year,Fiber optic,No,No,Yes,Yes,Mailed check,78.45,4405.04,0,5,329.5,No
CUST-004861,21,19,Two year,DSL,No,No,No,Yes,Credit card,50.42,948.46,2,2,125.4,No
CUST-004862,54,14,Month-to-month,DSL,No,No,Yes,No,Electronic check,56.06,770.01,1,2,117.8,No
CUST-004863,55,5,One year,Fiber optic,No,No,Yes,No,Electronic check,79.04,390.13,2,2,379.6,No
CUST-004864,53,22,Month-to-month,DSL,Yes,No,Yes,No,Electronic check,56.6,1244.1,0,4,175.8,No
CUST-004865,32,2,Month-to-month,No internet service,No,Yes,Yes,No,Credit card,39.21,88.07,0,5,4.5,No
CUST-004866,46,39,Two year,DSL,Yes,Yes,Yes,Yes,Electronic check,66.7,2609.26,2,4,139.0,No
CUST-004867,32,72,Two year,DSL,No,Yes,No,Yes,Credit card,51.21,3646.35,1,3,156.3,No
CUST-004868,40,40,Month-to-month,No internet service,Yes,Yes,No,Yes,Mailed check,28.81,1165.64,1,3,1.2,No
CUST-004869,77,0,Two year,No internet service,No,No,Yes,Yes,Credit card,34.06,41.77,1,4,8.8,No
CUST-004870,46,17,One year,No internet service,No,Yes,Yes,Yes,Electronic check,41.19,684.59,0,2,11.0,No
CUST-004871,27,42,One year,Fiber optic,Yes,No,Yes,Yes,Mailed check,83.84,3501.93,1,2,374.3,No
CUST-004872,48,39,One year,DSL,No,No,Yes,Yes,Credit card,52.67,2055.36,3,4,190.1,No
CUST-004873,25,0,Month-to-month,DSL,Yes,No,No,Yes,Electronic check,55.87,59.47,0,4,70.1,No
CUST-004874,27,20,Two year,Fiber optic,No,Yes,Yes,No,Bank transfer,90.79,1793.76,3,4,337.2,No
CUST-004875,29,52,Month-to-month,Fiber optic,Yes,Yes,No,No,Credit card,88.61,4608.89,0,4,496.6,No
CUST-004876,38,24,Month-to-month,No internet service,No,Yes,No,No,Electronic check,27.98,675.21,0,5,3.7,No
CUST-004877,59,63,Month-to-month,Fiber optic,No,No,No,Yes,Credit card,66.39,4199.73,0,3,341.3,No
CUST-004878,54,28,Two year,No internet service,Yes,Yes,Yes,Yes,Electronic check,39.42,1101.54,2,3,5.7,No
CUST-004879,53,33,Month-to-month,No internet service,No,Yes,Yes,Yes,Electronic check,44.57,1430.25,0,3,0.0,Yes
CUST-004880,29,12,Month-to-month,Fiber optic,No,Yes,Yes,Yes,Electronic check,71.39,861.72,0,4,91.7,No
CUST-004881,37,71,One year,Fiber optic,Yes,No,No,Yes,Bank transfer,78.96,5572.35,0,5,293.0,No
CUST-004882,49,23,Month-to-month,No internet service,No,No,No,No,Electronic check,20.13,445.99,0,3,5.1,No
CUST-004883,36,43,Month-to-month,Fiber optic,Yes,No,No,Yes,Mailed check,60.84,2589.1,0,4,330.1,No
CUST-004884,41,1,Month-to-month,DSL,No,Yes,Yes,Yes,Bank transfer,64.68,74.56,0,5,182.4,No
CUST-004885,52,53,One year,Fiber optic,No,Yes,Yes,Yes,Electronic check,82.22,4335.94,0,4,515.9,No
CUST-004886,40,9,Month-to-month,Fiber optic,No,No,No,Yes,Electronic check,62.76,584.83,1,2,237.5,Yes
CUST-004887,48,3,Month-to-month,Fiber optic,Yes,Yes,Yes,No,Electronic check,89.65,245.79,0,5,236.9,No
CUST-004888,69,10,Month-to-month,Fiber optic,Yes,Yes,No,Yes,Electronic check,78.91,748.83,1,4,334.0,No
CUST-004889,42,13,Two year,No internet service,No,No,No,Yes,Mailed check,19.89,251.61,1,1,1.5,No
CUST-004890,63,14,One year,Fiber optic,No,No,Yes,Yes,Mailed check,69.62,948.12,0,3,317.2,No
CUST-004891,53,5,Month-to-month,Fiber optic,No,No,No,Yes,Credit card,67.01,361.38,0,3,281.4,Yes
CUST-004892,23,3,Two year,DSL,No,No,Yes,Yes,Bank transfer,55.1,151.71,0,3,177.5,No
CUST-004893,28,17,Two year,No internet service,No,Yes,No,Yes,Credit card,33.93,599.89,0,3,3.8,No
CUST-004894,32,3,One year,Fiber optic,Yes,Yes,No,No,Credit card,83.3,243.78,0,4,275.0,No
CUST-004895,32,38,Month-to-month,DSL,Yes,Yes,Yes,Yes,Credit card,75.86,2889.8,0,5,74.0,No
CUST-004896,44,33,Month-to-month,Fiber optic,Yes,Yes,No,Yes,Electronic check,88.31,2903.64,0,5,290.1,No
CUST-004897,54,24,One year,No internet service,Yes,No,Yes,Yes,Electronic check,43.68,1095.86,1,5,1.9,No
CUST-004898,64,11,Month-to-month,DSL,No,No,Yes,Yes,Mailed check,56.27,595.99,3,3,128.9,Yes
CUST-004899,50,1,Month-to-month,No internet service,No,No,Yes,No,Mailed check,19.21,0.0,3,1,8.0,Yes
CUST-004900,38,5,Month-to-month,DSL,No,No,Yes,Yes,Credit card,58.2,296.2,1,1,106.2,No
CUST-004901,18,1,Month-to-month,No internet service,Yes,No,Yes,No,Bank transfer,48.65,28.15,1,4,7.4,No
CUST-004902,46,8,One year,Fiber optic,No,No,No,Yes,Credit card,69.47,559.85,0,3,377.9,No
CUST-004903,45,41,Month-to-month,DSL,Yes,Yes,No,Yes,Electronic check,56.46,2313.47,0,5,130.7,No
CUST-004904,48,3,One year,DSL,Yes,Yes,No,Yes,Bank transfer,59.3,167.31,0,4,92.7,No
CUST-004905,77,54,Two year,Fiber optic,No,No,Yes,No,Bank transfer,74.22,3999.74,1,2,487.0,No
CUST-004906,64,11,Month-to-month,No internet service,Yes,Yes,No,Yes,Electronic check,35.53,399.01,0,3,7.4,No
CUST-004907,57,2,Month-to-month,DSL,No,Yes,No,No,Credit card,48.45,89.67,0,4,138.7,No
CUST-004908,31,2,Month-to-month,No internet service,Yes,No,No,Yes,Bank transfer,35.2,67.34,0,2,0.0,No
CUST-004909,37,19,Month-to-month,Fiber optic,No,Yes,No,No,Electronic check,71.6,1350.44,0,5,322.2,Yes
CUST-004910,44,18,Two year,No internet service,Yes,No,No,Yes,Mailed check,29.29,559.79,1,3,8.7,No
CUST-004911,33,11,One year,Fiber optic,Yes,Yes,No,No,Bank transfer,74.86,849.65,3,3,418.0,Yes
CUST-004912,53,2,Two year,No internet service,No,No,No,Yes,Bank transfer,18.0,6.55,2,2,6.7,No
CUST-004913,50,24,Two year,Fiber optic,No,No,Yes,No,Mailed check,71.22,1709.33,0,5,316.0,No
CUST-004914,29,12,Month-to-month,DSL,No,Yes,Yes,No,Bank transfer,70.09,824.79,2,3,95.2,No
CUST-004915,63,4,One year,Fiber optic,Yes,Yes,No,Yes,Electronic check,76.43,280.82,0,4,330.4,No
CUST-004916,47,3,Month-to-month,DSL,No,No,No,No,Electronic check,45.8,73.43,1,3,72.6,No
CUST-004917,19,9,Month-to-month,Fiber optic,Yes,No,No,Yes,Electronic check,65.26,580.83,1,3,223.9,Yes
CUST-004918,44,4,Month-to-month,No internet service,No,Yes,No,No,Mailed check,19.84,74.39,0,4,4.1,No
CUST-004919,49,33,Month-to-month,No internet service,No,No,No,Yes,Electronic check,18.75,645.87,1,4,0.6,No
CUST-004920,60,17,One year,Fiber optic,Yes,Yes,No,Yes,Bank transfer,77.44,1337.43,3,4,349.3,No
CUST-004921,40,31,One year,No internet service,Yes,Yes,Yes,Yes,Credit card,47.22,1473.66,0,4,4.3,No
CUST-004922,57,28,Month-to-month,DSL,No,No,No,No,Credit card,55.06,1556.44,1,4,108.1,No
CUST-004923,48,57,Month-to-month,Fiber optic,No,Yes,Yes,No,Mailed check,72.91,4172.9,0,4,452.2,No
CUST-004924,25,9,One year,Fiber optic,No,No,Yes,Yes,Bank transfer,81.89,746.76,2,3,273.5,No
CUST-004925,24,10,One year,Fiber optic,No,No,No,Yes,Credit card,67.49,702.6,1,3,306.6,No
CUST-004926,62,13,One year,Fiber optic,No,No,No,No,Mailed check,61.91,779.44,1,2,318.4,No
CUST-004927,63,7,Month-to-month,DSL,Yes,Yes,No,Yes,Electronic check,56.83,388.06,1,3,21.5,Yes
CUST-004928,50,15,Month-to-month,DSL,No,No,No,No,Electronic check,50.6,746.43,0,4,125.8,No
CUST-004929,67,24,One year,DSL,No,No,Yes,Yes,Electronic check,56.69,1349.53,0,4,253.0,No
CUST-004930,61,12,One year,No internet service,No,Yes,No,Yes,Credit card,24.39,289.65,2,4,2.7,No
CUST-004931,55,36,Month-to-month,Fiber optic,No,Yes,No,Yes,Electronic check,65.76,2400.01,0,5,436.2,No
CUST-004932,31,8,Month-to-month,No internet service,No,No,No,No,Electronic check,18.0,161.91,0,2,2.4,Yes
CUST-004933,71,1,Month-to-month,No internet service,Yes,No,Yes,Yes,Bank transfer,33.92,58.38,0,2,9.3,Yes
CUST-004934,53,57,One year,DSL,No,Yes,No,No,Credit card,55.42,3157.38,0,3,176.8,No
CUST-004935,39,37,Month-to-month,DSL,Yes,No,Yes,Yes,Electronic check,61.08,2257.5,0,5,147.2,No
CUST-004936,35,19,One year,Fiber optic,Yes,No,Yes,Yes,Bank transfer,79.03,1513.14,0,5,499.2,No
CUST-004937,49,4,Two year,No internet service,Yes,Yes,No,Yes,Mailed check,34.87,148.12,0,4,7.9,No
CUST-004938,20,5,Month-to-month,DSL,Yes,Yes,No,No,Electronic check,54.92,283.23,0,3,192.7,No
CUST-004939,55,29,Month-to-month,No internet service,No,Yes,Yes,Yes,Mailed check,45.73,1372.54,1,4,8.5,No
CUST-004940,31,72,Month-to-month,Fiber optic,No,No,Yes,Yes,Credit card,77.21,5570.84,0,5,420.0,No
CUST-004941,51,26,Month-to-month,DSL,Yes,No,No,No,Electronic check,54.03,1389.04,0,3,108.0,No
CUST-004942,37,34,Two year,Fiber optic,Yes,Yes,No,Yes,Electronic check,80.04,2707.28,2,3,350.4,No
CUST-004943,41,6,Two year,DSL,Yes,No,Yes,No,Credit card,67.85,423.94,1,3,74.3,No
CUST-004944,34,29,Month-to-month,DSL,No,No,No,No,Credit card,48.55,1423.23,0,5,127.2,No
CUST-004945,43,10,Two year,Fiber optic,No,No,No,Yes,Mailed check,65.15,671.07,1,4,327.0,No
CUST-004946,73,44,Month-to-month,Fiber optic,No,Yes,Yes,No,Electronic check,77.92,3438.9,0,1,307.3,No
CUST-004947,66,24,One year,Fiber optic,No,Yes,No,Yes,Electronic check,70.23,1664.72,1,4,271.0,No
CUST-004948,50,10,One year,Fiber optic,No,No,Yes,Yes,Electronic check,77.3,803.73,2,3,367.7,No
CUST-004949,45,22,Month-to-month,Fiber optic,Yes,Yes,No,No,Electronic check,70.84,1585.34,2,4,343.1,Yes
CUST-004950,58,8,Month-to-month,Fiber optic,No,Yes,Yes,Yes,Bank transfer,72.48,572.13,0,3,290.6,Yes
CUST-004951,62,3,One year,Fiber optic,No,No,No,No,Electronic check,58.94,184.15,0,4,292.1,No
CUST-004952,33,43,Month-to-month,DSL,Yes,No,No,Yes,Electronic check,43.25,1863.47,1,3,83.7,No
CUST-004953,44,22,Two year,No internet service,No,No,Yes,Yes,Bank transfer,29.57,643.11,3,3,9.4,No
CUST-004954,18,6,Month-to-month,Fiber optic,Yes,No,No,Yes,Electronic check,69.14,391.66,1,3,212.4,Yes
CUST-004955,62,4,Month-to-month,Fiber optic,No,No,Yes,Yes,Electronic check,77.44,321.25,0,3,289.2,Yes
CUST-004956,76,18,Two year,DSL,Yes,Yes,Yes,No,Bank transfer,74.55,1312.06,0,2,137.6,No
CUST-004957,46,1,Month-to-month,Fiber optic,No,No,No,No,Electronic check,66.45,54.54,1,3,157.1,Yes
CUST-004958,18,5,Month-to-month,Fiber optic,Yes,Yes,No,Yes,Bank transfer,81.17,440.09,0,3,297.6,Yes
CUST-004959,54,9,Month-to-month,DSL,No,No,No,No,Electronic check,49.73,455.9,0,4,115.0,No
CUST-004960,31,36,Month-to-month,No internet service,No,No,No,Yes,Electronic check,18.37,668.98,0,4,11.2,No
CUST-004961,35,9,Month-to-month,Fiber optic,Yes,No,Yes,Yes,Mailed check,71.97,641.84,0,5,267.3,No
CUST-004962,54,37,Month-to-month,No internet service,Yes,No,No,No,Bank transfer,19.28,682.13,2,2,2.7,Yes
CUST-004963,49,41,Month-to-month,Fiber optic,No,Yes,No,Yes,Electronic check,73.49,3021.38,0,3,400.4,No
CUST-004964,38,58,Month-to-month,Fiber optic,Yes,No,No,Yes,Credit card,73.98,4300.82,0,5,264.9,No
CUST-004965,35,11,Two year,Fiber optic,Yes,Yes,Yes,No,Credit card,94.48,1055.16,1,4,260.5,No
CUST-004966,47,2,Two year,DSL,No,No,Yes,Yes,Mailed check,71.21,134.57,2,3,175.8,No
CUST-004967,39,10,Month-to-month,DSL,No,Yes,No,Yes,Electronic check,52.1,512.83,0,2,191.3,Yes
CUST-004968,28,19,Two year,DSL,Yes,Yes,Yes,No,Electronic check,70.52,1351.24,1,4,155.1,No
CUST-004969,40,20,Two year,No internet service,No,Yes,No,Yes,Credit card,27.73,529.44,1,4,1.7,No
CUST-004970,50,4,Two year,DSL,Yes,No,Yes,No,Electronic check,59.05,252.46,0,3,162.4,No
CUST-004971,42,10,One year,Fiber optic,No,No,No,No,Electronic check,68.77,684.49,1,4,364.9,No
CUST-004972,24,7,Month-to-month,DSL,Yes,No,Yes,Yes,Electronic check,64.14,454.84,0,5,34.4,No
CUST-004973,60,19,Month-to-month,Fiber optic,Yes,Yes,No,Yes,Electronic check,87.41,1706.94,0,3,41.0,No
CUST-004974,18,8,Two year,DSL,Yes,Yes,No,No,Electronic check,51.0,402.56,0,4,175.1,No
CUST-004975,38,6,Month-to-month,No internet service,No,No,No,Yes,Electronic check,20.02,122.91,1,4,3.5,Yes
CUST-004976,36,15,Two year,DSL,Yes,Yes,No,Yes,Bank transfer,55.86,838.5,1,4,126.4,No
CUST-004977,47,8,One year,Fiber optic,No,No,Yes,Yes,Electronic check,71.67,533.78,0,5,307.5,No
CUST-004978,53,1,Month-to-month,DSL,No,No,Yes,Yes,Credit card,60.11,72.34,0,5,211.0,Yes
CUST-004979,62,33,Month-to-month,Fiber optic,No,No,No,Yes,Mailed check,63.41,2045.77,1,3,162.5,No
CUST-004980,34,4,Two year,Fiber optic,Yes,Yes,Yes,No,Electronic check,97.65,405.75,1,2,213.1,No
CUST-004981,54,1,Month-to-month,DSL,No,No,Yes,Yes,Credit card,54.35,40.52,0,3,160.7,No
CUST-004982,48,14,One year,Fiber optic,No,No,No,Yes,Bank transfer,63.04,867.8,1,3,244.3,No
CUST-004983,19,5,Two year,Fiber optic,Yes,No,Yes,No,Bank transfer,95.07,474.58,0,1,365.4,No
CUST-004984,74,1,Month-to-month,DSL,Yes,No,No,Yes,Electronic check,46.25,19.73,0,4,209.6,No
CUST-004985,23,10,Month-to-month,Fiber optic,No,Yes,No,Yes,Bank transfer,67.08,668.56,3,3,345.9,Yes
CUST-004986,51,8,Month-to-month,Fiber optic,No,No,Yes,No,Credit card,61.55,470.48,0,3,248.7,No
CUST-004987,51,72,Two year,No internet service,No,No,Yes,Yes,Credit card,29.77,2117.65,3,3,9.0,No
CUST-004988,49,43,Month-to-month,Fiber optic,No,Yes,Yes,Yes,Bank transfer,86.45,3712.98,2,3,278.9,No
CUST-004989,38,21,Month-to-month,Fiber optic,Yes,Yes,No,No,Mailed check,81.05,1726.52,0,5,400.6,No
CUST-004990,57,16,Month-to-month,No internet service,Yes,No,Yes,Yes,Credit card,40.72,665.96,1,3,3.4,Yes
CUST-004991,22,37,Month-to-month,Fiber optic,Yes,Yes,No,Yes,Electronic check,74.62,2750.06,1,5,250.0,No
CUST-004992,44,31,Month-to-month,No internet service,No,No,Yes,No,Mailed check,31.05,959.28,0,4,5.8,No
CUST-004993,37,12,Month-to-month,DSL,No,Yes,Yes,Yes,Bank transfer,61.01,721.26,0,4,175.7,No
CUST-004994,35,40,Two year,DSL,No,No,No,No,Mailed check,44.97,1774.92,0,3,240.4,No
CUST-004995,51,22,Month-to-month,Fiber optic,No,No,Yes,Yes,Electronic check,77.87,1692.2,2,3,402.9,No
CUST-004996,61,72,Two year,Fiber optic,No,No,No,No,Electronic check,63.25,4559.29,1,4,318.6,No
CUST-004997,40,19,Two year,No internet service,Yes,No,No,Yes,Electronic check,28.12,519.67,0,5,7.5,No
CUST-004998,57,38,One year,Fiber optic,No,Yes,Yes,Yes,Credit card,82.51,3134.17,0,4,256.8,No
CUST-004999,46,69,One year,DSL,Yes,Yes,No,Yes,Bank transfer,55.63,3818.06,0,4,134.6,No
CUST-005000,32,53,Month-to-month,No internet service,Yes,Yes,No,Yes,Credit card,34.4,1839.04,2,3,6.3,No
CUST-005001,41,35,One year,DSL,Yes,No,Yes,Yes,Credit card,58.61,2064.13,0,4,129.6,No
CUST-005002,41,30,Month-to-month,Fiber optic,No,Yes,No,No,Electronic check,71.91,2188.43,1,3,372.3,No
CUST-005003,35,20,Month-to-month,DSL,No,No,Yes,No,Bank transfer,51.45,1056.23,1,3,249.7,No
CUST-005004,51,20,One year,DSL,Yes,No,No,Yes,Mailed check,52.87,1038.97,0,4,52.9,No
CUST-005005,49,5,Month-to-month,Fiber optic,No,No,Yes,No,Credit card,79.33,379.45,1,3,356.0,Yes
CUST-005006,21,17,Month-to-month,No internet service,No,No,Yes,Yes,Bank transfer,27.37,472.32,0,3,5.1,No
CUST-005007,20,14,One year,Fiber optic,No,No,Yes,Yes,Credit card,82.16,1132.51,1,3,169.2,No
CUST-005008,51,14,Month-to-month,No internet service,Yes,No,No,Yes,Credit card,36.94,521.86,1,3,4.2,No
CUST-005009,33,1,Month-to-month,Fiber optic,Yes,Yes,Yes,No,Electronic check,87.75,80.83,2,4,269.7,No
CUST-005010,50,9,Month-to-month,Fiber optic,Yes,Yes,No,Yes,Bank transfer,78.28,722.85,1,3,240.8,Yes
CUST-005011,57,26,Month-to-month,DSL,Yes,No,Yes,Yes,Electronic check,71.06,1866.47,0,5,109.9,No
CUST-005012,26,11,Month-to-month,Fiber optic,Yes,Yes,No,Yes,Bank transfer,70.01,763.98,0,3,341.5,No
CUST-005013,24,17,Month-to-month,Fiber optic,No,No,No,Yes,Electronic check,65.17,1071.3,0,5,256.8,No
CUST-005014,70,6,Month-to-month,Fiber optic,No,No,No,Yes,Mailed check,63.49,401.15,1,3,231.6,No
CUST-005015,50,7,One year,No internet service,Yes,No,No,Yes,Credit card,32.5,215.28,1,4,4.9,No
CUST-005016,39,2,Two year,Fiber optic,Yes,Yes,No,Yes,Electronic check,77.77,155.07,0,4,297.1,No
CUST-005017,31,26,One year,DSL,No,Yes,No,Yes,Electronic check,53.26,1382.03,0,5,61.3,No
CUST-005018,37,1,Month-to-month,DSL,No,No,Yes,Yes,Electronic check,52.88,60.56,1,4,96.8,No
CUST-005019,27,5,One year,DSL,No,Yes,No,Yes,Electronic check,55.76,266.35,0,5,129.5,No
CUST-005020,58,4,Two year,Fiber optic,No,Yes,No,No,Electronic check,65.39,239.19,1,3,183.4,No
CUST-005021,33,13,Two year,Fiber optic,No,No,No,Yes,Bank transfer,69.35,904.58,1,2,445.3,No
CUST-005022,61,6,Month-to-month,No internet service,No,No,No,Yes,Bank transfer,20.38,138.81,0,3,6.2,Yes
CUST-005023,39,42,Month-to-month,No internet service,No,No,No,Yes,Mailed check,18.0,753.54,1,4,6.8,No
CUST-005024,29,11,Month-to-month,No internet service,No,No,Yes,No,Electronic check,32.32,352.99,0,4,4.8,No
CUST-005025,39,10,One year,DSL,No,No,No,No,Mailed check,48.03,456.57,2,2,122.4,No
CUST-005026,18,17,Month-to-month,No internet service,Yes,Yes,Yes,Yes,Credit card,39.85,687.73,2,3,6.5,Yes
CUST-005027,43,15,Two year,No internet service,No,No,No,Yes,Mailed check,18.0,281.73,0,3,7.7,No
CUST-005028,42,2,Month-to-month,DSL,Yes,No,Yes,No,Mailed check,65.44,128.73,0,3,99.5,No
CUST-005029,57,43,One year,No internet service,No,No,No,Yes,Mailed check,18.0,754.51,1,3,2.8,No
CUST-005030,18,12,Month-to-month,Fiber optic,Yes,No,No,No,Electronic check,74.65,897.44,0,4,357.9,Yes
CUST-005031,62,39,Month-to-month,Fiber optic,No,Yes,No,Yes,Electronic check,69.95,2731.37,1,3,155.3,No
CUST-005032,57,35,Month-to-month,DSL,No,No,No,No,Bank transfer,38.4,1343.18,1,3,96.6,No
CUST-005033,64,13,One year,DSL,No,No,No,No,Electronic check,56.64,714.66,0,4,244.5,No
CUST-005034,44,20,Month-to-month,Fiber optic,No,No,No,Yes,Bank transfer,63.3,1271.07,0,3,414.5,No
CUST-005035,60,1,Month-to-month,DSL,Yes,Yes,No,Yes,Mailed check,59.62,62.87,2,2,162.8,Yes
CUST-005036,23,1,One year,DSL,Yes,No,Yes,Yes,Electronic check,73.86,82.24,0,5,112.9,No
CUST-005037,56,5,Two year,No internet service,No,No,Yes,No,Bank transfer,36.31,178.82,1,3,2.9,No
CUST-005038,33,22,One year,Fiber optic,No,No,Yes,Yes,Electronic check,79.74,1779.95,3,2,365.7,No
CUST-005039,20,14,One year,Fiber optic,No,Yes,Yes,Yes,Electronic check,88.29,1236.02,0,2,306.7,Yes
CUST-005040,28,42,Month-to-month,DSL,Yes,Yes,Yes,Yes,Mailed check,73.76,3125.82,0,1,108.3,Yes
CUST-005041,45,14,Two year,DSL,No,No,No,No,Bank transfer,47.76,673.1,0,5,139.0,No
CUST-005042,33,7,Month-to-month,No internet service,No,Yes,Yes,Yes,Credit card,40.84,262.71,0,3,3.5,No
CUST-005043,51,21,Two year,Fiber optic,No,No,No,Yes,Credit card,64.16,1364.08,2,2,314.1,No
CUST-005044,18,6,Two year,Fiber optic,Yes,No,No,Yes,Mailed check,78.37,462.94,1,4,345.6,No
CUST-005045,18,13,Month-to-month,No internet service,No,No,No,Yes,Electronic check,23.37,294.93,1,5,2.9,Yes
CUST-005046,66,38,Month-to-month,Fiber optic,No,No,No,Yes,Electronic check,53.5,2053.76,1,3,430.8,No
CUST-005047,59,50,One year,DSL,No,No,No,No,Electronic check,49.25,2437.51,0,5,92.7,No
CUST-005048,29,1,One year,Fiber optic,Yes,Yes,Yes,No,Electronic check,87.03,51.99,1,3,246.0,No
CUST-005049,45,23,One year,Fiber optic,No,Yes,No,No,Electronic check,72.21,1656.45,0,2,166.8,No
CUST-005050,60,41,Two year,No internet service,Yes,No,Yes,Yes,Bank transfer,31.64,1303.27,0,5,5.8,No
CUST-005051,51,2,Month-to-month,Fiber optic,No,Yes,Yes,Yes,Bank transfer,80.08,177.51,1,3,425.3,Yes
CUST-005052,47,13,Month-to-month,Fiber optic,No,Yes,No,Yes,Electronic check,69.18,902.24,1,3,363.2,No
CUST-005053,61,4,One year,DSL,No,No,No,Yes,Bank transfer,47.68,145.71,1,4,130.4,Yes
CUST-005054,34,12,Month-to-month,Fiber optic,No,No,No,No,Credit card,62.06,725.3,2,3,503.1,Yes
CUST-005055,45,58,One year,Fiber optic,No,No,Yes,No,Electronic check,66.17,3812.67,1,3,271.5,No
CUST-005056,45,5,Two year,DSL,No,Yes,No,No,Electronic check,48.55,205.05,1,3,131.2,No
CUST-005057,41,13,Month-to-month,Fiber optic,No,No,Yes,No,Mailed check,75.1,972.9,1,3,147.3,Yes
CUST-005058,39,34,Two year,DSL,No,No,No,Yes,Electronic check,48.17,1648.0,1,4,88.3,No
CUST-005059,46,9,Two year,Fiber optic,No,Yes,Yes,Yes,Electronic check,83.74,773.08,1,4,408.9,No
CUST-005060,46,5,Month-to-month,Fiber optic,Yes,No,No,No,Bank transfer,69.17,355.78,1,3,280.2,Yes
CUST-005061,29,23,Two year,Fiber optic,Yes,No,No,Yes,Bank transfer,74.39,1699.81,1,4,435.0,No
CUST-005062,57,11,One year,No internet service,Yes,No,Yes,No,Credit card,49.17,562.52,1,4,0.2,No
CUST-005063,30,18,Month-to-month,Fiber optic,No,No,No,Yes,Electronic check,70.85,1271.09,1,4,394.5,Yes
CUST-005064,42,16,Month-to-month,No internet service,No,No,Yes,Yes,Credit card,22.45,360.41,2,3,10.0,No
CUST-005065,41,2,Month-to-month,Fiber optic,No,No,No,Yes,Electronic check,77.38,141.51,1,3,255.4,Yes
CUST-005066,50,62,One year,Fiber optic,No,Yes,Yes,Yes,Electronic check,88.92,5508.14,0,4,482.6,No
CUST-005067,18,13,Month-to-month,DSL,No,No,Yes,Yes,Electronic check,64.93,835.67,0,2,135.9,No
CUST-005068,58,7,Month-to-month,Fiber optic,No,No,Yes,Yes,Electronic check,69.4,458.17,0,5,194.7,Yes
CUST-005069,35,12,Two year,DSL,No,No,No,Yes,Credit card,42.93,527.9,1,1,145.2,No
CUST-005070,63,7,One year,No internet service,No,No,No,Yes,Electronic check,22.94,163.93,2,3,4.5,Yes
CUST-005071,38,13,One year,No internet service,Yes,No,No,Yes,Electronic check,22.39,306.97,1,4,0.0,No
CUST-005072,44,19,Two year,DSL,No,Yes,Yes,No,Bank transfer,65.64,1233.08,1,4,235.0,No
CUST-005073,74,2,Month-to-month,DSL,No,No,No,Yes,Electronic check,53.17,120.45,1,3,105.9,No
CUST-005074,41,48,Month-to-month,Fiber optic,Yes,No,No,No,Bank transfer,71.33,3392.46,1,3,254.2,Yes
CUST-005075,64,2,One year,DSL,No,Yes,Yes,Yes,Credit card,71.52,153.87,0,3,115.8,No
CUST-005076,46,3,Month-to-month,Fiber optic,No,No,Yes,No,Electronic check,80.51,255.05,2,2,437.4,Yes
CUST-005077,51,59,Month-to-month,Fiber optic,No,Yes,No,Yes,Electronic check,61.71,3620.12,0,2,257.2,No
CUST-005078,46,12,One year,DSL,No,Yes,No,No,Mailed check,46.66,582.25,1,4,94.0,No
CUST-005079,58,65,Month-to-month,Fiber optic,Yes,No,No,Yes,Credit card,78.54,5136.27,1,4,276.6,No
CUST-005080,35,5,Month-to-month,DSL,No,No,Yes,Yes,Credit card,51.84,247.7,2,3,34.6,Yes
CUST-005081,30,15,One year,Fiber optic,Yes,No,No,No,Credit card,78.4,1204.99,0,4,299.3,No
CUST-005082,35,10,One year,Fiber optic,No,No,No,Yes,Bank transfer,68.06,646.57,0,3,340.5,No
CUST-005083,46,10,Month-to-month,DSL,No,No,No,Yes,Mailed check,46.56,462.87,3,3,108.4,No
CUST-005084,42,47,Month-to-month,DSL,No,Yes,No,Yes,Credit card,48.11,2208.89,1,2,214.7,No
CUST-005085,56,5,Two year,No internet service,No,Yes,No,No,Credit card,27.51,156.14,1,4,5.6,No
CUST-005086,65,9,Two year,Fiber optic,Yes,No,No,No,Electronic check,81.41,702.08,1,3,419.9,No
CUST-005087,30,2,Month-to-month,Fiber optic,No,No,Yes,No,Bank transfer,75.05,111.08,0,4,338.7,Yes
CUST-005088,34,36,Month-to-month,Fiber optic,No,No,Yes,Yes,Credit card,80.05,2887.05,0,3,432.8,No
CUST-005089,23,2,One year,DSL,No,Yes,No,Yes,Credit card,61.03,142.79,0,5,128.9,No
CUST-005090,75,2,Month-to-month,Fiber optic,Yes,No,No,Yes,Bank transfer,74.31,140.53,2,2,391.7,Yes
CUST-005091,50,5,Month-to-month,DSL,Yes,Yes,No,No,Bank transfer,56.55,285.48,1,2,200.3,No
CUST-005092,52,26,Month-to-month,Fiber optic,No,No,No,Yes,Credit card,62.49,1659.98,1,4,388.3,Yes
CUST-005093,25,25,Month-to-month,No internet service,No,Yes,No,Yes,Electronic check,18.0,430.99,1,3,8.6,No
CUST-005094,45,21,Month-to-month,DSL,Yes,Yes,Yes,No,Bank transfer,64.94,1344.11,0,4,119.2,No
CUST-005095,53,72,Month-to-month,DSL,No,No,No,Yes,Credit card,46.69,3383.39,0,3,171.7,No
CUST-005096,41,32,Two year,Fiber optic,No,No,No,Yes,Bank transfer,69.85,2239.69,2,3,213.5,No
CUST-005097,61,10,Month-to-month,Fiber optic,No,No,No,Yes,Credit card,62.87,657.2,3,3,432.7,Yes
CUST-005098,80,13,Month-to-month,Fiber optic,No,Yes,No,Yes,Electronic check,75.78,959.23,2,1,358.0,Yes
CUST-005099,31,8,Month-to-month,DSL,No,No,Yes,Yes,Electronic check,61.47,455.98,0,5,102.1,Yes
CUST-005100,30,44,Two year,DSL,Yes,No,No,Yes,Electronic check,49.15,2133.92,1,3,185.7,No
CUST-005101,32,32,Month-to-month,Fiber optic,Yes,No,Yes,Yes,Electronic check,82.02,2638.77,0,4,195.9,No
CUST-005102,69,8,Month-to-month,Fiber optic,Yes,Yes,No,Yes,Bank transfer,72.27,602.17,0,1,211.0,No
CUST-005103,61,13,One year,No internet service,No,No,No,Yes,Mailed check,23.72,329.77,0,3,5.5,No
CUST-005104,43,7,One year,Fiber optic,Yes,No,No,Yes,Electronic check,73.02,522.25,1,4,64.4,No
CUST-005105,46,16,Two year,Fiber optic,Yes,No,No,No,Bank transfer,77.44,1264.1,1,5,401.3,No
CUST-005106,33,7,Month-to-month,Fiber optic,Yes,Yes,No,Yes,Bank transfer,78.7,538.75,0,4,348.1,Yes
CUST-005107,58,37,Month-to-month,Fiber optic,No,Yes,Yes,Yes,Electronic check,78.3,2857.38,1,4,357.6,No
CUST-005108,39,35,Month-to-month,Fiber optic,No,No,No,No,Mailed check,68.9,2379.16,0,3,377.2,No
CUST-005109,41,32,One year,DSL,No,No,No,No,Bank transfer,35.09,1093.82,1,3,152.8,No
CUST-005110,54,29,Month-to-month,DSL,No,No,Yes,Yes,Electronic check,55.31,1565.29,2,3,116.7,Yes
CUST-005111,42,3,Month-to-month,DSL,No,No,Yes,Yes,Credit card,53.13,132.18,0,4,107.6,No
CUST-005112,41,2,Month-to-month,Fiber optic,No,No,No,No,Bank transfer,72.63,126.75,0,5,450.7,No
CUST-005113,45,59,Two year,Fiber optic,No,No,No,No,Bank transfer,73.75,4363.39,0,3,238.4,No
CUST-005114,57,49,Month-to-month,No internet service,Yes,No,No,Yes,Electronic check,30.12,1481.77,0,3,3.0,No
CUST-005115,70,20,Month-to-month,Fiber optic,No,Yes,No,Yes,Bank transfer,68.11,1392.37,1,3,222.8,Yes
CUST-005116,54,13,Two year,Fiber optic,Yes,No,No,Yes,Electronic check,81.61,1036.14,2,3,215.0,No
CUST-005117,57,16,One year,DSL,No,No,No,Yes,Credit card,41.51,671.62,1,5,263.8,No
CUST-005118,42,36,One year,DSL,No,Yes,No,Yes,Electronic check,44.08,1613.2,0,4,110.1,No
CUST-005119,34,29,One year,Fiber optic,Yes,Yes,Yes,Yes,Electronic check,81.06,2340.52,0,4,342.6,No
CUST-005120,55,13,Month-to-month,No internet service,Yes,No,No,No,Bank transfer,28.51,361.73,2,3,6.1,Yes
CUST-005121,48,9,Two year,Fiber optic,No,No,No,No,Electronic check,56.43,535.5,1,3,349.1,No
CUST-005122,24,4,Month-to-month,No internet service,No,Yes,No,Yes,Electronic check,33.09,125.24,0,4,5.7,No
CUST-005123,40,30,Two year,Fiber optic,No,Yes,Yes,Yes,Electronic check,80.1,2431.66,1,4,278.5,No
CUST-005124,44,2,Month-to-month,DSL,Yes,No,No,Yes,Credit card,46.57,63.51,1,4,52.1,No
CUST-005125,37,4,One year,Fiber optic,No,Yes,No,Yes,Mailed check,76.58,338.7,0,3,412.8,No
CUST-005126,67,31,Month-to-month,No internet service,No,Yes,Yes,No,Mailed check,42.38,1338.93,1,3,3.5,No
CUST-005127,52,16,Month-to-month,DSL,No,No,No,No,Electronic check,53.32,833.99,0,4,186.3,Yes
CUST-005128,66,5,Month-to-month,No internet service,No,Yes,No,Yes,Bank transfer,18.0,83.84,0,4,0.0,No
CUST-005129,49,3,One year,DSL,No,Yes,Yes,Yes,Bank transfer,53.45,135.53,2,4,213.6,No
CUST-005130,46,69,Month-to-month,DSL,Yes,No,No,No,Electronic check,60.8,4185.33,0,3,128.2,No
CUST-005131,31,3,Two year,Fiber optic,No,No,Yes,Yes,Electronic check,62.97,157.63,0,4,482.9,No
CUST-005132,45,3,Month-to-month,Fiber optic,Yes,No,No,Yes,Bank transfer,66.92,165.16,0,1,287.0,Yes
CUST-005133,45,5,One year,No internet service,Yes,Yes,Yes,No,Electronic check,46.28,206.32,0,5,4.5,No
CUST-005134,24,25,One year,No internet service,No,No,No,Yes,Credit card,18.0,470.74,0,4,4.2,No
CUST-005135,37,24,Month-to-month,Fiber optic,No,No,Yes,Yes,Electronic check,78.06,1836.24,0,4,404.0,No
CUST-005136,40,7,One year,Fiber optic,No,No,No,No,Electronic check,59.26,442.28,1,5,245.1,No
CUST-005137,51,6,One year,Fiber optic,Yes,Yes,Yes,Yes,Electronic check,97.45,602.99,2,3,331.2,Yes
CUST-005138,52,11,One year,Fiber optic,Yes,Yes,Yes,Yes,Bank transfer,94.59,1066.84,0,4,261.1,No
CUST-005139,36,30,One year,Fiber optic,Yes,No,No,Yes,Electronic check,74.38,2238.29,2,3,320.7,No
CUST-005140,52,18,One year,No internet service,No,Yes,Yes,Yes,Electronic check,36.23,685.12,1,2,3.2,Yes
CUST-005141,42,24,Month-to-month,Fiber optic,Yes,No,Yes,No,Electronic check,79.83,1887.23,1,4,328.3,No
CUST-005142,18,13,Month-to-month,No internet service,No,No,Yes,No,Electronic check,31.33,434.66,0,4,6.2,No
CUST-005143,38,15,Month-to-month,No internet service,No,No,No,No,Electronic check,18.0,330.83,0,1,0.0,Yes
CUST-005144,61,2,One year,Fiber optic,No,No,Yes,Yes,Mailed check,86.58,167.89,1,4,350.9,Yes
CUST-005145,20,18,Two year,DSL,No,No,No,No,Bank transfer,46.6,837.69,1,3,34.8,No
CUST-005146,47,2,Month-to-month,DSL,No,Yes,No,Yes,Electronic check,46.65,74.87,2,4,66.3,No
CUST-005147,69,66,Month-to-month,Fiber optic,No,No,Yes,Yes,Mailed check,84.83,5600.11,0,4,252.5,No
CUST-005148,34,14,Month-to-month,DSL,No,No,Yes,Yes,Credit card,56.77,798.5,2,4,197.2,No
CUST-005149,45,16,One year,DSL,No,Yes,Yes,No,Bank transfer,69.99,1072.58,2,5,146.6,No
CUST-005150,25,54,One year,Fiber optic,Yes,No,No,Yes,Credit card,79.84,4323.6,0,4,445.7,No
CUST-005151,69,41,One year,No internet service,No,No,Yes,No,Electronic check,34.18,1423.57,2,4,2.6,No
CUST-005152,44,21,One year,Fiber optic,Yes,Yes,No,No,Mailed check,72.65,1508.03,1,4,306.6,Yes
CUST-005153,46,22,One year,Fiber optic,No,No,No,Yes,Electronic check,62.1,1357.71,1,2,368.3,Yes
CUST-005154,65,7,Month-to-month,No internet service,No,No,Yes,No,Credit card,49.95,366.61,2,3,6.6,Yes
CUST-005155,55,12,Month-to-month,Fiber optic,No,Yes,Yes,Yes,Credit card,80.24,944.3,0,2,440.4,Yes
CUST-005156,32,1,Month-to-month,Fiber optic,Yes,Yes,No,Yes,Bank transfer,77.71,92.58,0,4,125.3,No
CUST-005157,35,9,Two year,Fiber optic,Yes,Yes,No,Yes,Electronic check,76.64,695.48,2,3,362.8,No
CUST-005158,52,5,One year,Fiber optic,Yes,No,Yes,No,Bank transfer,80.3,448.2,1,1,224.1,No
CUST-005159,36,19,Month-to-month,Fiber optic,Yes,No,No,Yes,Credit card,76.52,1451.32,0,2,308.8,No
CUST-005160,18,0,Month-to-month,DSL,No,No,No,No,Bank transfer,38.31,27.63,1,3,152.6,Yes
CUST-005161,44,23,Month-to-month,Fiber optic,No,No,Yes,Yes,Credit card,72.85,1680.49,0,4,339.1,No
CUST-005162,23,21,Two year,DSL,No,No,No,No,Bank transfer,46.54,979.65,1,5,162.2,No
CUST-005163,69,39,Month-to-month,Fiber optic,No,Yes,No,Yes,Electronic check,69.75,2752.89,1,4,148.7,No
CUST-005164,48,15,One year,Fiber optic,No,No,No,Yes,Credit card,65.82,1018.89,0,4,215.6,No
CUST-005165,31,32,Month-to-month,No internet service,Yes,No,No,Yes,Electronic check,27.84,876.29,2,3,1.9,No
CUST-005166,35,29,One year,DSL,No,Yes,No,Yes,Credit card,45.14,1305.22,3,1,72.3,No
CUST-005167,18,6,One year,DSL,No,Yes,No,Yes,Electronic check,58.32,336.03,1,3,94.1,Yes
CUST-005168,29,18,Month-to-month,Fiber optic,Yes,No,Yes,Yes,Bank transfer,90.72,1615.53,1,3,143.3,Yes
CUST-005169,60,46,One year,DSL,No,No,No,Yes,Electronic check,40.22,1784.91,1,4,176.1,No
CUST-005170,78,17,Month-to-month,No internet service,Yes,No,Yes,Yes,Electronic check,42.38,754.24,0,4,3.3,No
CUST-005171,56,10,Two year,No internet service,Yes,No,No,Yes,Credit card,25.55,242.09,1,4,2.7,No
CUST-005172,44,39,Month-to-month,DSL,No,Yes,No,No,Bank transfer,56.42,2191.46,0,3,73.1,No
CUST-005173,39,3,One year,DSL,Yes,Yes,No,Yes,Credit card,63.29,245.27,1,3,76.4,No
CUST-005174,31,5,Month-to-month,Fiber optic,No,No,No,Yes,Bank transfer,71.28,343.6,0,2,389.7,Yes
CUST-005175,76,1,One year,Fiber optic,Yes,No,No,Yes,Electronic check,68.26,64.6,2,3,468.0,No
CUST-005176,42,1,Month-to-month,Fiber optic,No,No,No,No,Electronic check,58.23,63.57,1,2,231.5,No
CUST-005177,77,7,One year,Fiber optic,No,Yes,Yes,Yes,Mailed check,73.71,522.73,1,5,201.4,No
CUST-005178,66,11,Month-to-month,Fiber optic,Yes,Yes,Yes,Yes,Electronic check,104.38,1135.81,0,5,296.4,No
CUST-005179,19,38,Month-to-month,Fiber optic,Yes,No,Yes,No,Mailed check,89.53,3424.61,1,2,647.1,Yes
CUST-005180,35,72,Two year,DSL,No,Yes,Yes,No,Electronic check,69.22,4987.05,0,4,199.4,No
CUST-005181,35,33,Month-to-month,DSL,No,Yes,No,Yes,Credit card,43.83,1448.64,3,2,113.3,No
CUST-005182,44,6,Month-to-month,DSL,No,No,No,No,Electronic check,48.18,275.61,1,4,91.9,No
CUST-005183,44,1,One year,Fiber optic,No,No,No,No,Bank transfer,56.39,53.78,0,3,425.0,No
CUST-005184,85,69,Month-to-month,DSL,Yes,Yes,Yes,No,Bank transfer,73.28,5075.81,1,3,200.0,No
CUST-005185,29,16,Two year,No internet service,No,No,Yes,Yes,Bank transfer,32.1,533.16,1,4,5.5,No
CUST-005186,48,18,Month-to-month,DSL,No,Yes,Yes,No,Bank transfer,61.51,1098.6,2,4,140.7,Yes
CUST-005187,54,68,Two year,No internet service,No,No,No,Yes,Credit card,18.0,1208.52,0,4,0.0,No
CUST-005188,45,44,Two year,Fiber optic,No,Yes,No,No,Bank transfer,76.88,3400.29,0,4,423.0,No
CUST-005189,47,13,Month-to-month,DSL,No,No,No,Yes,Electronic check,42.39,557.1,2,3,145.7,Yes
CUST-005190,29,56,Month-to-month,DSL,No,No,Yes,No,Electronic check,63.77,3588.66,6,2,145.4,Yes
CUST-005191,47,2,One year,DSL,No,No,No,No,Credit card,44.76,70.14,0,3,142.4,No
CUST-005192,53,2,One year,No internet service,Yes,No,No,Yes,Mailed check,29.87,59.31,1,3,5.3,No
CUST-005193,50,0,Month-to-month,DSL,No,No,Yes,Yes,Bank transfer,59.75,77.34,1,3,159.1,Yes
CUST-005194,54,4,Month-to-month,DSL,Yes,No,No,Yes,Mailed check,55.3,206.96,0,3,149.4,No
CUST-005195,66,25,Month-to-month,No internet service,No,No,No,Yes,Bank transfer,21.14,566.25,0,3,5.3,Yes
CUST-005196,59,31,One year,No internet service,Yes,Yes,Yes,Yes,Mailed check,56.76,1792.16,0,5,0.5,No
CUST-005197,46,0,One year,Fiber optic,No,No,Yes,No,Mailed check,82.64,78.56,2,1,232.7,No
CUST-005198,27,23,Month-to-month,Fiber optic,Yes,No,No,No,Credit card,60.22,1381.13,2,2,327.4,Yes
CUST-005199,36,18,Month-to-month,No internet service,Yes,No,No,No,Mailed check,26.96,491.7,0,4,2.3,No
CUST-005200,42,11,One year,DSL,Yes,No,No,Yes,Electronic check,60.43,668.13,0,2,137.9,No
CUST-005201,49,7,Two year,No internet service,No,No,Yes,Yes,Bank transfer,27.93,219.8,3,2,4.0,No
CUST-005202,38,12,Month-to-month,Fiber optic,Yes,No,No,No,Electronic check,73.02,858.62,0,5,330.7,Yes
CUST-005203,31,37,Month-to-month,No internet service,No,No,No,Yes,Electronic check,20.4,737.4,0,4,2.1,No
CUST-005204,27,4,Month-to-month,No internet service,No,No,No,No,Bank transfer,27.96,117.26,0,5,7.5,No
CUST-005205,20,25,One year,No internet service,No,No,Yes,Yes,Electronic check,26.77,679.15,0,2,9.1,No
CUST-005206,41,0,Month-to-month,DSL,No,No,No,No,Mailed check,40.48,39.76,0,5,119.2,Yes
CUST-005207,23,40,Month-to-month,Fiber optic,No,No,No,Yes,Bank transfer,67.53,2719.11,1,2,399.9,No
CUST-005208,30,7,One year,DSL,No,No,No,No,Electronic check,46.72,354.39,0,4,63.5,No
CUST-005209,39,6,Month-to-month,DSL,Yes,No,Yes,Yes,Electronic check,67.61,420.6,1,1,153.2,Yes
CUST-005210,25,2,Month-to-month,Fiber optic,No,Yes,Yes,Yes,Bank transfer,84.61,176.64,0,4,322.6,Yes
CUST-005211,51,16,Month-to-month,Fiber optic,No,No,Yes,Yes,Credit card,76.41,1218.23,0,4,393.8,Yes
CUST-005212,56,30,Month-to-month,No internet service,Yes,No,No,Yes,Electronic check,30.8,925.5,2,3,4.2,Yes
CUST-005213,37,13,Month-to-month,Fiber optic,Yes,No,No,No,Electronic check,74.03,935.06,2,2,369.5,No
CUST-005214,38,1,Month-to-month,Fiber optic,No,Yes,No,Yes,Credit card,69.75,45.96,2,3,380.5,Yes
CUST-005215,53,42,Month-to-month,DSL,No,No,No,Yes,Credit card,44.68,1901.73,0,4,211.3,No
CUST-005216,34,16,Month-to-month,No internet service,Yes,Yes,No,Yes,Credit card,31.3,535.87,0,2,4.1,No
CUST-005217,33,0,Two year,DSL,No,No,No,Yes,Electronic check,41.46,14.14,0,3,179.9,No
CUST-005218,63,16,Two year,Fiber optic,Yes,No,Yes,Yes,Credit card,87.79,1415.57,0,3,399.5,No
CUST-005219,58,1,Month-to-month,Fiber optic,No,No,Yes,No,Credit card,70.47,39.98,1,4,191.8,No
CUST-005220,54,72,One year,Fiber optic,No,No,No,No,Electronic check,68.44,4960.64,1,2,320.9,No
CUST-005221,59,22,Month-to-month,Fiber optic,No,No,No,Yes,Bank transfer,63.68,1400.63,1,3,333.5,Yes
CUST-005222,18,2,Two year,No internet service,No,No,Yes,No,Electronic check,31.48,113.35,1,4,3.5,No
CUST-005223,65,43,Two year,Fiber optic,No,No,No,No,Mailed check,64.11,2744.0,0,3,205.3,No
CUST-005224,51,6,One year,Fiber optic,Yes,Yes,Yes,No,Bank transfer,93.52,550.93,1,2,117.3,No
CUST-005225,60,14,One year,No internet service,Yes,Yes,No,No,Electronic check,41.4,587.59,0,4,8.9,No
CUST-005226,51,8,Month-to-month,Fiber optic,No,Yes,No,No,Credit card,80.02,658.23,1,4,370.5,Yes
CUST-005227,46,1,Month-to-month,Fiber optic,No,No,Yes,Yes,Credit card,82.24,98.46,1,4,445.1,No
CUST-005228,41,1,Month-to-month,DSL,No,No,Yes,Yes,Credit card,57.39,76.87,2,3,64.0,No
CUST-005229,51,25,Month-to-month,Fiber optic,No,No,No,No,Electronic check,69.0,1720.48,1,3,244.5,No
CUST-005230,40,6,One year,Fiber optic,No,No,No,Yes,Bank transfer,54.89,349.05,2,5,342.1,No
CUST-005231,58,9,Month-to-month,No internet service,No,No,Yes,Yes,Credit card,35.04,359.83,0,4,6.6,No
CUST-005232,21,30,Month-to-month,No internet service,No,No,No,Yes,Electronic check,21.95,674.52,0,5,3.7,No
CUST-005233,37,8,One year,DSL,Yes,No,No,Yes,Bank transfer,45.28,345.88,0,3,120.7,Yes
CUST-005234,76,21,One year,DSL,No,Yes,No,Yes,Electronic check,48.09,1018.43,0,4,71.4,No
CUST-005235,36,58,One year,Fiber optic,No,No,No,No,Bank transfer,66.39,3811.47,0,4,404.0,No
CUST-005236,41,25,Month-to-month,No internet service,No,Yes,Yes,No,Bank transfer,39.91,1011.8,0,5,4.1,Yes
CUST-005237,32,5,Two year,DSL,No,Yes,Yes,No,Credit card,67.79,305.6,2,1,116.4,Yes
CUST-005238,50,6,Month-to-month,Fiber optic,No,Yes,Yes,No,Mailed check,91.35,562.47,0,4,326.6,No
CUST-005239,34,22,One year,Fiber optic,Yes,Yes,Yes,Yes,Credit card,90.25,1984.69,0,4,385.1,No
CUST-005240,42,4,Month-to-month,DSL,No,No,Yes,Yes,Electronic check,51.31,225.34,0,5,190.2,No
CUST-005241,58,28,Month-to-month,Fiber optic,Yes,No,No,Yes,Bank transfer,77.11,2160.05,1,3,404.1,No
CUST-005242,35,72,Two year,Fiber optic,No,No,No,No,Credit card,71.44,5171.95,1,4,310.0,No
CUST-005243,57,9,Month-to-month,Fiber optic,No,No,Yes,No,Bank transfer,83.34,761.51,1,4,301.0,No
CUST-005244,57,14,Month-to-month,DSL,No,No,No,Yes,Credit card,47.35,684.93,0,5,161.9,No
CUST-005245,61,35,Month-to-month,Fiber optic,No,Yes,No,Yes,Bank transfer,81.0,2827.32,0,4,351.6,No
CUST-005246,47,2,Two year,DSL,Yes,No,No,No,Bank transfer,51.63,94.53,0,4,165.6,No
CUST-005247,85,42,Two year,Fiber optic,No,Yes,No,Yes,Credit card,79.0,3290.12,1,3,223.6,No
CUST-005248,61,27,Month-to-month,DSL,Yes,No,Yes,Yes,Electronic check,59.2,1575.65,0,5,83.7,No
CUST-005249,50,6,One year,Fiber optic,No,No,No,No,Bank transfer,53.67,323.96,0,5,400.6,No
CUST-005250,32,18,Month-to-month,Fiber optic,Yes,No,Yes,Yes,Bank transfer,79.12,1425.47,1,4,395.7,No
CUST-005251,44,17,One year,DSL,No,No,No,No,Credit card,42.13,724.25,1,4,262.1,No
CUST-005252,66,9,Month-to-month,DSL,No,Yes,Yes,No,Mailed check,63.0,553.22,2,4,137.4,No
CUST-005253,71,72,Month-to-month,Fiber optic,No,No,No,No,Mailed check,60.34,4347.88,1,3,296.3,No
CUST-005254,67,32,One year,DSL,No,Yes,Yes,No,Electronic check,63.64,2063.41,0,3,167.9,No
CUST-005255,57,33,Two year,No internet service,Yes,No,Yes,No,Credit card,43.23,1435.27,0,4,9.1,No
CUST-005256,26,14,Month-to-month,Fiber optic,No,Yes,Yes,No,Mailed check,84.76,1187.44,0,5,293.7,Yes
CUST-005257,52,29,Month-to-month,DSL,No,No,No,Yes,Bank transfer,44.31,1290.71,0,4,249.4,Yes
CUST-005258,26,34,Two year,DSL,No,No,Yes,Yes,Electronic check,63.01,2167.22,1,4,79.4,No
CUST-005259,23,4,Month-to-month,No internet service,Yes,No,Yes,No,Bank transfer,36.0,147.48,0,4,6.9,Yes
CUST-005260,49,8,Month-to-month,Fiber optic,No,No,Yes,Yes,Mailed check,75.79,595.93,0,5,470.3,No
CUST-005261,53,8,Month-to-month,No internet service,No,No,Yes,Yes,Bank transfer,29.25,223.81,0,4,4.6,No
CUST-005262,59,16,Month-to-month,DSL,Yes,Yes,Yes,Yes,Bank transfer,74.26,1177.28,0,3,106.4,No
CUST-005263,52,29,Month-to-month,DSL,Yes,No,No,No,Bank transfer,50.87,1463.85,2,4,70.3,Yes
CUST-005264,53,4,Month-to-month,Fiber optic,No,Yes,Yes,No,Electronic check,85.0,355.79,1,2,257.3,Yes
CUST-005265,30,42,Month-to-month,DSL,Yes,No,No,Yes,Credit card,57.08,2431.37,1,3,230.0,No
CUST-005266,43,18,Month-to-month,Fiber optic,No,No,No,No,Bank transfer,62.47,1116.29,1,2,318.0,Yes
CUST-005267,22,20,Two year,Fiber optic,Yes,No,Yes,Yes,Electronic check,77.01,1522.16,1,3,134.5,No
CUST-005268,18,40,Month-to-month,Fiber optic,Yes,Yes,No,Yes,Electronic check,77.87,3089.39,0,3,204.9,No
CUST-005269,56,24,One year,DSL,No,Yes,Yes,No,Credit card,59.02,1451.01,0,1,201.2,No
CUST-005270,34,3,Month-to-month,DSL,Yes,No,No,Yes,Credit card,49.79,168.7,0,5,132.5,No
CUST-005271,58,18,Month-to-month,No internet service,Yes,Yes,Yes,No,Credit card,33.64,591.9,3,3,1.2,No
CUST-005272,62,9,Month-to-month,Fiber optic,Yes,No,Yes,No,Credit card,76.9,694.91,1,3,410.1,No
CUST-005273,36,44,Month-to-month,No internet service,Yes,No,No,Yes,Mailed check,32.0,1436.06,1,3,5.9,No
CUST-005274,54,22,One year,No internet service,No,No,No,Yes,Mailed check,18.0,394.73,1,4,3.7,No
CUST-005275,35,40,Month-to-month,No internet service,No,No,No,Yes,Credit card,25.78,1048.45,0,5,7.3,No
CUST-005276,18,7,One year,DSL,No,Yes,No,No,Mailed check,47.42,328.82,0,4,125.1,No
CUST-005277,47,18,Two year,Fiber optic,Yes,No,No,Yes,Bank transfer,75.43,1351.83,0,4,401.0,No
CUST-005278,38,21,Month-to-month,No internet service,Yes,Yes,Yes,Yes,Bank transfer,44.73,886.35,2,1,5.6,No
CUST-005279,38,50,Two year,DSL,No,Yes,Yes,Yes,Electronic check,66.25,3304.41,0,3,152.0,No
CUST-005280,75,18,Month-to-month,DSL,Yes,No,No,No,Electronic check,51.73,920.42,0,4,142.9,No
CUST-005281,22,25,Month-to-month,Fiber optic,Yes,Yes,Yes,No,Electronic check,92.07,2312.16,0,5,302.2,No
CUST-005282,51,17,Month-to-month,Fiber optic,Yes,No,No,Yes,Electronic check,79.15,1350.54,2,4,240.6,No
CUST-005283,30,13,Two year,Fiber optic,No,No,Yes,Yes,Mailed check,79.36,1035.64,0,5,390.3,No
CUST-005284,59,4,One year,DSL,No,No,No,No,Electronic check,41.56,185.29,2,3,156.6,No
CUST-005285,49,9,Two year,Fiber optic,Yes,Yes,Yes,Yes,Electronic check,81.63,687.92,2,3,199.7,No
CUST-005286,51,10,One year,No internet service,Yes,No,Yes,Yes,Electronic check,39.46,393.61,1,4,12.3,No
CUST-005287,31,56,Month-to-month,Fiber optic,No,No,No,Yes,Bank transfer,67.15,3737.0,1,5,139.4,No
CUST-005288,34,17,Two year,Fiber optic,Yes,Yes,No,Yes,Credit card,79.77,1331.06,2,5,326.5,No
CUST-005289,59,12,Two year,Fiber optic,No,No,No,Yes,Mailed check,60.61,721.51,4,1,330.9,No
CUST-005290,72,6,One year,Fiber optic,No,No,Yes,Yes,Bank transfer,77.76,466.99,2,4,279.9,Yes
CUST-005291,52,16,One year,Fiber optic,Yes,No,No,No,Bank transfer,76.3,1230.85,0,4,410.4,No
CUST-005292,32,7,Two year,DSL,Yes,No,Yes,No,Bank transfer,71.97,512.51,1,4,134.6,No
CUST-005293,50,27,Month-to-month,No internet service,No,Yes,No,Yes,Credit card,24.87,654.96,2,4,0.0,No
CUST-005294,81,11,Two year,Fiber optic,No,No,Yes,Yes,Bank transfer,89.28,978.14,0,3,337.6,No
CUST-005295,47,54,Two year,Fiber optic,No,No,Yes,No,Bank transfer,84.27,4579.32,2,1,316.0,No
CUST-005296,67,3,One year,DSL,No,No,No,Yes,Credit card,45.84,169.8,0,5,67.1,No
CUST-005297,34,32,Month-to-month,Fiber optic,No,Yes,Yes,Yes,Bank transfer,84.31,2691.78,1,4,262.0,No
CUST-005298,44,33,Month-to-month,DSL,No,No,Yes,Yes,Mailed check,63.94,2111.88,1,3,150.7,No
CUST-005299,54,2,Two year,DSL,Yes,Yes,No,Yes,Bank transfer,54.18,90.43,1,3,173.5,No
CUST-005300,51,12,Two year,No internet service,Yes,Yes,No,Yes,Electronic check,29.99,380.43,0,4,6.6,No
CUST-005301,34,17,One year,Fiber optic,Yes,No,No,Yes,Bank transfer,66.56,1177.84,1,4,178.6,No
CUST-005302,33,1,Two year,No internet service,No,No,Yes,Yes,Credit card,30.72,20.02,0,2,6.3,No
CUST-005303,60,0,Month-to-month,No internet service,No,No,Yes,No,Bank transfer,27.7,51.22,0,2,3.7,Yes
CUST-005304,63,3,Two year,Fiber optic,No,Yes,Yes,Yes,Electronic check,81.23,258.42,0,4,251.1,No
CUST-005305,68,1,Month-to-month,DSL,No,No,No,Yes,Mailed check,44.83,41.47,0,3,106.0,No
CUST-005306,72,6,Month-to-month,Fiber optic,No,No,No,No,Credit card,58.11,334.74,2,2,325.1,Yes
CUST-005307,47,72,Month-to-month,Fiber optic,No,No,Yes,No,Mailed check,83.83,6085.33,0,3,335.6,No
CUST-005308,40,17,Month-to-month,No internet service,No,No,No,Yes,Credit card,25.96,456.64,0,3,2.6,Yes
CUST-005309,65,20,Month-to-month,Fiber optic,Yes,No,Yes,No,Electronic check,82.7,1673.17,0,2,286.2,No
CUST-005310,56,2,One year,Fiber optic,No,No,No,Yes,Bank transfer,72.41,140.59,0,5,342.8,No
CUST-005311,30,24,Month-to-month,Fiber optic,No,No,Yes,Yes,Electronic check,78.94,1895.78,0,5,410.1,Yes
CUST-005312,29,10,One year,DSL,No,Yes,No,No,Bank transfer,56.5,540.66,0,4,51.7,No
CUST-005313,52,72,Month-to-month,No internet service,No,No,No,No,Credit card,18.0,1311.22,0,3,5.0,No
CUST-005314,42,14,Two year,DSL,Yes,No,Yes,Yes,Bank transfer,63.32,878.99,1,2,183.1,No
CUST-005315,45,44,Month-to-month,DSL,No,No,No,Yes,Mailed check,48.14,2097.63,1,3,97.6,No
CUST-005316,61,6,One year,Fiber optic,No,No,No,Yes,Credit card,64.18,367.98,0,5,430.6,No
CUST-005317,56,33,One year,DSL,No,Yes,No,Yes,Mailed check,50.12,1702.17,0,3,76.0,No
CUST-005318,65,15,Month-to-month,Fiber optic,No,Yes,Yes,Yes,Bank transfer,82.45,1230.8,0,3,351.5,No
CUST-005319,18,4,Month-to-month,DSL,Yes,No,Yes,No,Electronic check,66.87,274.84,0,3,104.2,No
CUST-005320,49,19,Month-to-month,DSL,No,No,Yes,Yes,Bank transfer,57.56,1069.74,2,3,167.3,No
CUST-005321,55,5,Month-to-month,No internet service,Yes,No,No,No,Bank transfer,35.79,175.17,1,3,6.0,Yes
CUST-005322,22,5,Month-to-month,DSL,No,No,Yes,Yes,Mailed check,52.05,232.84,2,3,77.3,Yes
CUST-005323,35,72,Month-to-month,DSL,Yes,No,No,No,Electronic check,53.47,3857.28,4,3,165.2,No
CUST-005324,32,11,One year,Fiber optic,Yes,No,No,No,Electronic check,76.52,823.51,1,3,342.1,No
CUST-005325,45,24,Month-to-month,Fiber optic,No,Yes,No,No,Electronic check,64.78,1570.68,1,3,303.5,No
CUST-005326,69,8,Month-to-month,DSL,No,No,No,Yes,Credit card,43.28,310.45,2,2,225.1,Yes
CUST-005327,75,44,Month-to-month,DSL,No,No,No,Yes,Credit card,45.87,2005.64,2,2,175.1,No
CUST-005328,33,7,Month-to-month,DSL,No,No,Yes,Yes,Bank transfer,64.51,475.1,2,3,167.3,Yes
CUST-005329,53,45,Month-to-month,DSL,No,No,No,Yes,Credit card,45.68,2086.26,2,3,108.8,No
CUST-005330,53,72,One year,Fiber optic,No,Yes,No,No,Electronic check,74.79,5385.0,1,3,359.4,No
CUST-005331,51,32,One year,Fiber optic,No,Yes,No,Yes,Credit card,75.12,2396.07,1,2,353.4,Yes
CUST-005332,51,30,Month-to-month,Fiber optic,No,No,Yes,Yes,Electronic check,63.22,1898.93,3,2,302.0,Yes
CUST-005333,50,38,Month-to-month,DSL,No,No,No,Yes,Electronic check,45.4,1766.24,0,5,165.0,No
CUST-005334,70,3,Month-to-month,No internet service,No,Yes,No,No,Electronic check,23.82,66.09,1,3,4.4,Yes
CUST-005335,62,39,One year,DSL,No,No,No,Yes,Mailed check,52.52,2048.35,1,1,68.6,No
CUST-005336,29,12,Month-to-month,DSL,No,Yes,Yes,No,Bank transfer,66.49,776.82,0,4,128.4,No
CUST-005337,57,17,Two year,DSL,No,No,No,No,Electronic check,49.37,825.74,0,3,90.3,No
CUST-005338,58,13,One year,Fiber optic,No,No,No,Yes,Mailed check,67.6,887.61,0,3,273.2,Yes
CUST-005339,50,51,One year,Fiber optic,No,No,No,No,Bank transfer,65.52,3359.38,0,4,317.4,No
CUST-005340,62,9,Month-to-month,Fiber optic,No,No,Yes,Yes,Credit card,81.18,736.67,1,4,282.7,Yes
CUST-005341,48,10,Two year,No internet service,Yes,Yes,No,Yes,Electronic check,33.89,355.51,0,4,0.0,No
CUST-005342,48,51,Month-to-month,Fiber optic,Yes,Yes,No,Yes,Electronic check,85.42,4336.41,2,2,258.7,No
CUST-005343,47,5,Month-to-month,DSL,No,Yes,No,No,Bank transfer,45.65,206.26,2,2,54.3,No
CUST-005344,18,23,Two year,Fiber optic,Yes,Yes,Yes,Yes,Bank transfer,96.19,2228.26,1,2,460.0,No
CUST-005345,44,11,One year,DSL,No,No,No,Yes,Mailed check,43.19,465.57,1,3,128.2,No
CUST-005346,35,19,Month-to-month,Fiber optic,Yes,No,Yes,Yes,Bank transfer,88.4,1656.11,0,4,375.7,Yes
CUST-005347,27,9,Month-to-month,No internet service,Yes,Yes,Yes,Yes,Mailed check,38.14,347.32,4,2,3.0,No
CUST-005348,67,29,Month-to-month,Fiber optic,No,No,Yes,Yes,Mailed check,78.35,2273.87,1,3,404.0,No
CUST-005349,53,3,Two year,No internet service,No,Yes,Yes,Yes,Credit card,37.24,107.92,3,3,3.6,No
CUST-005350,45,35,Month-to-month,DSL,No,No,Yes,Yes,Credit card,56.77,2018.69,1,3,165.3,No
CUST-005351,37,6,Month-to-month,Fiber optic,Yes,No,No,Yes,Bank transfer,64.16,422.45,0,4,286.3,No
CUST-005352,49,24,Month-to-month,DSL,Yes,No,No,No,Electronic check,53.16,1295.04,1,3,206.3,No
CUST-005353,60,11,Two year,DSL,Yes,Yes,Yes,No,Credit card,71.65,796.74,0,4,112.4,No
CUST-005354,33,24,One year,Fiber optic,Yes,No,No,Yes,Electronic check,64.09,1565.76,0,3,219.4,No
CUST-005355,45,68,Month-to-month,DSL,Yes,No,No,No,Credit card,47.25,3216.16,0,3,76.6,No
CUST-005356,58,22,Two year,DSL,No,No,No,Yes,Bank transfer,45.79,1003.5,0,3,175.3,No
CUST-005357,18,45,Month-to-month,DSL,Yes,Yes,No,Yes,Bank transfer,61.03,2734.68,0,4,53.8,No
CUST-005358,44,9,One year,DSL,No,No,No,No,Mailed check,44.75,387.11,0,4,57.9,No
CUST-005359,39,35,One year,DSL,No,No,No,No,Mailed check,45.22,1601.26,2,3,189.9,No
CUST-005360,43,6,Month-to-month,Fiber optic,Yes,No,No,Yes,Electronic check,73.13,408.74,0,5,410.3,No
CUST-005361,37,22,One year,Fiber optic,No,No,Yes,Yes,Electronic check,74.28,1622.27,0,5,184.9,No
CUST-005362,47,34,Two year,Fiber optic,No,No,No,Yes,Electronic check,64.11,2172.67,1,3,113.5,No
CUST-005363,74,0,Month-to-month,DSL,Yes,No,No,Yes,Electronic check,45.99,17.84,0,5,131.2,No
CUST-005364,40,12,Month-to-month,Fiber optic,No,Yes,Yes,No,Bank transfer,80.08,953.13,0,5,311.0,No
CUST-005365,49,11,Two year,Fiber optic,No,No,Yes,No,Credit card,76.79,846.56,1,2,297.8,No
CUST-005366,75,24,Month-to-month,No internet service,No,Yes,No,Yes,Electronic check,32.18,792.87,1,1,0.1,No
CUST-005367,37,12,Month-to-month,Fiber optic,No,No,Yes,No,Bank transfer,76.39,906.56,1,4,470.6,No
CUST-005368,72,40,Month-to-month,Fiber optic,Yes,Yes,No,Yes,Electronic check,89.31,3574.41,3,3,432.9,No
CUST-005369,45,27,Two year,No internet service,No,Yes,Yes,Yes,Bank transfer,47.65,1256.67,2,1,2.0,No
CUST-005370,72,38,One year,DSL,No,No,Yes,No,Bank transfer,57.35,2154.97,0,4,203.2,No
CUST-005371,56,12,Two year,DSL,No,No,Yes,Yes,Bank transfer,54.93,621.09,0,3,119.2,Yes
CUST-005372,50,32,Month-to-month,Fiber optic,No,Yes,No,No,Electronic check,82.33,2654.14,1,3,349.3,No
CUST-005373,44,6,Two year,DSL,No,Yes,No,Yes,Electronic check,54.73,321.82,0,5,136.2,Yes
CUST-005374,36,72,Month-to-month,No internet service,No,Yes,No,Yes,Electronic check,28.19,2034.1,1,3,9.2,No
CUST-005375,46,6,One year,Fiber optic,No,Yes,Yes,Yes,Credit card,79.39,486.81,1,3,237.8,No
CUST-005376,58,16,One year,Fiber optic,No,Yes,No,Yes,Mailed check,68.86,1117.93,0,3,317.5,No
CUST-005377,45,44,Month-to-month,Fiber optic,Yes,No,Yes,Yes,Bank transfer,80.0,3560.11,1,2,313.1,Yes
CUST-005378,40,18,One year,No internet service,No,No,Yes,No,Electronic check,39.44,709.09,1,2,3.2,No
CUST-005379,41,10,Month-to-month,Fiber optic,Yes,Yes,Yes,No,Mailed check,93.51,920.87,1,1,268.2,No
CUST-005380,60,31,Month-to-month,DSL,No,Yes,No,No,Mailed check,49.45,1546.92,2,4,153.5,No
CUST-005381,63,4,One year,DSL,No,Yes,No,Yes,Electronic check,48.64,241.82,0,4,108.1,No
CUST-005382,35,3,Month-to-month,No internet service,No,No,No,Yes,Mailed check,18.0,43.22,1,4,5.7,Yes
CUST-005383,35,12,One year,Fiber optic,Yes,Yes,Yes,Yes,Electronic check,90.65,1071.9,1,4,268.3,No
CUST-005384,51,42,Month-to-month,DSL,No,No,No,Yes,Electronic check,45.85,1874.6,0,3,107.5,No
CUST-005385,68,28,Month-to-month,No internet service,No,Yes,Yes,Yes,Mailed check,26.62,704.02,0,5,9.4,No
CUST-005386,62,18,One year,Fiber optic,No,No,Yes,No,Credit card,72.18,1327.63,1,3,335.5,No
CUST-005387,26,5,Month-to-month,DSL,Yes,No,No,Yes,Electronic check,49.62,244.63,1,4,167.4,No
CUST-005388,41,17,Two year,Fiber optic,No,Yes,No,No,Electronic check,76.43,1276.55,1,4,339.0,No
CUST-005389,31,18,Two year,Fiber optic,No,No,No,No,Electronic check,62.23,1120.2,0,2,392.3,No
CUST-005390,41,14,Month-to-month,Fiber optic,Yes,No,Yes,Yes,Credit card,76.03,1116.45,0,4,211.5,No
CUST-005391,69,9,Month-to-month,Fiber optic,No,Yes,Yes,Yes,Electronic check,77.5,697.58,1,2,369.7,Yes
CUST-005392,24,9,Month-to-month,Fiber optic,Yes,No,No,Yes,Credit card,81.62,772.87,1,3,302.0,No
CUST-005393,21,1,One year,No internet service,Yes,No,No,Yes,Electronic check,26.14,7.4,3,3,4.5,No
CUST-005394,33,10,Month-to-month,DSL,No,Yes,No,No,Electronic check,45.81,487.31,1,5,134.8,No
CUST-005395,49,25,Two year,Fiber optic,Yes,No,Yes,Yes,Mailed check,76.63,1904.53,0,3,367.2,No
CUST-005396,54,5,Two year,DSL,Yes,No,Yes,Yes,Mailed check,65.12,310.21,1,4,126.1,Yes
CUST-005397,52,3,Month-to-month,No internet service,No,Yes,No,No,Mailed check,26.65,61.16,1,2,8.3,No
CUST-005398,63,18,One year,Fiber optic,Yes,No,No,Yes,Mailed check,75.21,1347.3,2,3,134.4,No
CUST-005399,19,35,Month-to-month,Fiber optic,No,No,No,Yes,Credit card,78.63,2771.57,0,3,250.1,No
CUST-005400,63,1,Month-to-month,Fiber optic,No,No,No,No,Bank transfer,58.82,49.19,0,5,318.4,No
CUST-005401,40,4,Month-to-month,No internet service,No,No,No,Yes,Credit card,18.15,93.99,1,3,1.3,No
CUST-005402,56,18,One year,No internet service,No,No,No,Yes,Credit card,21.46,371.93,0,2,2.3,No
CUST-005403,25,54,Month-to-month,DSL,No,No,Yes,Yes,Mailed check,54.81,2958.1,1,3,143.7,No
CUST-005404,45,19,Two year,Fiber optic,No,No,No,Yes,Credit card,54.67,1028.11,1,3,462.4,No
CUST-005405,49,16,Month-to-month,DSL,No,Yes,No,Yes,Mailed check,53.56,893.2,2,4,172.4,No
CUST-005406,62,72,One year,DSL,No,Yes,No,Yes,Bank transfer,47.84,3454.83,0,5,45.0,No
CUST-005407,21,49,Two year,Fiber optic,No,No,Yes,Yes,Bank transfer,71.68,3518.0,3,3,324.9,No
CUST-005408,45,12,One year,Fiber optic,Yes,No,Yes,Yes,Bank transfer,80.53,960.78,1,4,164.6,No
CUST-005409,29,64,Month-to-month,Fiber optic,No,No,No,Yes,Mailed check,72.76,4644.98,1,3,255.0,Yes
CUST-005410,53,30,Month-to-month,DSL,No,No,No,Yes,Electronic check,51.5,1524.87,2,4,102.1,No
CUST-005411,57,9,Month-to-month,No internet service,No,No,No,Yes,Credit card,18.0,188.44,3,2,3.4,Yes
CUST-005412,64,4,Month-to-month,Fiber optic,Yes,No,Yes,Yes,Electronic check,76.34,273.07,1,3,329.1,No
CUST-005413,37,5,Two year,No internet service,No,No,No,Yes,Electronic check,24.49,115.2,1,4,7.5,No
CUST-005414,59,12,Month-to-month,DSL,No,No,No,No,Electronic check,55.29,681.13,1,3,164.5,Yes
CUST-005415,65,4,Month-to-month,DSL,Yes,No,No,Yes,Bank transfer,64.66,225.13,1,3,180.6,No
CUST-005416,20,68,One year,No internet service,No,No,No,Yes,Electronic check,18.0,1227.57,1,3,5.8,No
CUST-005417,54,7,Month-to-month,DSL,Yes,No,No,No,Credit card,59.79,401.12,0,2,125.9,No
CUST-005418,59,56,Two year,Fiber optic,Yes,Yes,No,No,Bank transfer,78.97,4422.85,0,4,361.1,No
CUST-005419,41,23,Month-to-month,Fiber optic,No,No,No,No,Credit card,55.35,1269.68,0,3,166.1,No
CUST-005420,27,54,Month-to-month,No internet service,No,No,No,Yes,Electronic check,18.0,926.9,0,3,9.3,No
CUST-005421,59,2,One year,DSL,Yes,No,Yes,Yes,Mailed check,61.07,134.9,0,4,177.3,No
CUST-005422,27,17,Month-to-month,Fiber optic,Yes,No,Yes,No,Bank transfer,87.38,1465.7,1,4,373.2,No
CUST-005423,42,5,Two year,DSL,No,Yes,No,No,Electronic check,44.17,209.88,0,2,153.1,No
CUST-005424,44,72,Month-to-month,Fiber optic,Yes,Yes,Yes,No,Mailed check,95.72,6892.85,0,4,390.6,No
CUST-005425,56,47,Month-to-month,Fiber optic,No,Yes,No,Yes,Credit card,73.38,3456.37,0,4,194.3,Yes
CUST-005426,36,7,Month-to-month,No internet service,No,Yes,Yes,Yes,Bank transfer,43.1,310.65,1,3,6.2,No
CUST-005427,35,70,Month-to-month,Fiber optic,No,No,No,Yes,Credit card,61.7,4334.82,2,4,381.0,No
CUST-005428,46,30,One year,Fiber optic,No,Yes,Yes,Yes,Bank transfer,84.98,2500.05,1,4,304.2,No
CUST-005429,60,21,Month-to-month,Fiber optic,Yes,Yes,No,No,Electronic check,73.82,1559.88,1,4,143.0,Yes
CUST-005430,79,42,One year,No internet service,Yes,No,Yes,No,Credit card,43.38,1822.18,2,4,3.6,No
CUST-005431,22,19,Two year,Fiber optic,No,No,No,Yes,Credit card,63.81,1201.32,2,2,129.5,No
CUST-005432,50,40,Month-to-month,Fiber optic,Yes,No,Yes,Yes,Mailed check,84.3,3377.25,0,2,304.0,No
CUST-005433,29,24,One year,Fiber optic,Yes,Yes,Yes,Yes,Electronic check,90.84,2198.57,0,5,506.7,Yes
CUST-005434,60,1,Month-to-month,Fiber optic,No,No,No,Yes,Electronic check,56.29,38.76,1,3,327.3,Yes
CUST-005435,31,11,Two year,Fiber optic,Yes,Yes,No,No,Credit card,84.95,962.49,2,2,288.6,No
CUST-005436,35,19,Month-to-month,Fiber optic,No,No,No,Yes,Electronic check,65.41,1265.72,0,3,313.5,No
CUST-005437,36,24,One year,Fiber optic,No,No,No,Yes,Electronic check,70.97,1710.68,0,3,221.7,No
CUST-005438,44,4,Month-to-month,DSL,Yes,No,No,Yes,Mailed check,58.6,209.94,0,4,157.4,No
CUST-005439,50,31,Month-to-month,Fiber optic,No,No,Yes,Yes,Credit card,72.93,2303.93,2,3,515.2,Yes
CUST-005440,52,21,Month-to-month,Fiber optic,Yes,Yes,Yes,No,Mailed check,89.65,1888.34,0,5,281.7,No
CUST-005441,45,38,Month-to-month,DSL,No,No,Yes,Yes,Mailed check,49.25,1874.47,1,2,101.8,No
CUST-005442,25,43,Two year,Fiber optic,Yes,No,Yes,No,Bank transfer,91.13,3920.86,1,1,362.7,No
CUST-005443,56,53,Month-to-month,Fiber optic,No,No,No,Yes,Credit card,66.62,3541.91,1,2,387.0,No
CUST-005444,44,11,Two year,No internet service,Yes,No,No,Yes,Electronic check,29.01,337.65,1,3,10.2,No
CUST-005445,62,11,Month-to-month,DSL,No,No,No,Yes,Electronic check,43.62,479.32,1,4,200.1,No
CUST-005446,34,39,Month-to-month,DSL,No,No,Yes,Yes,Electronic check,52.15,2008.99,1,3,101.9,No
CUST-005447,21,3,Month-to-month,DSL,No,No,No,Yes,Electronic check,51.41,174.93,0,4,197.7,No
CUST-005448,44,18,Month-to-month,No internet service,No,No,No,Yes,Electronic check,30.03,524.23,1,3,9.2,No
CUST-005449,64,4,Two year,Fiber optic,Yes,No,Yes,Yes,Mailed check,91.61,346.34,0,4,112.0,No
CUST-005450,47,9,Month-to-month,Fiber optic,No,Yes,Yes,Yes,Electronic check,82.16,738.17,0,2,310.3,Yes
CUST-005451,42,72,Two year,No internet service,No,No,No,Yes,Credit card,21.95,1571.28,0,4,7.0,No
CUST-005452,32,5,Month-to-month,Fiber optic,Yes,No,No,No,Electronic check,78.35,399.35,0,4,414.6,Yes
CUST-005453,71,4,Month-to-month,DSL,No,No,No,No,Credit card,45.47,193.28,0,2,151.1,Yes
CUST-005454,30,25,Month-to-month,Fiber optic,No,Yes,No,Yes,Electronic check,80.72,2008.6,0,5,413.5,No
CUST-005455,34,1,One year,Fiber optic,No,No,No,Yes,Electronic check,71.24,73.67,1,2,301.1,Yes
CUST-005456,54,2,Month-to-month,DSL,No,Yes,Yes,No,Credit card,76.93,144.15,0,4,186.7,No
CUST-005457,18,34,Two year,DSL,No,No,No,Yes,Credit card,45.97,1578.32,0,4,225.1,No
CUST-005458,64,33,Month-to-month,DSL,No,No,Yes,Yes,Electronic check,44.93,1492.5,3,3,130.4,No
CUST-005459,54,7,Month-to-month,Fiber optic,No,Yes,Yes,Yes,Credit card,83.36,597.87,0,4,344.7,No
CUST-005460,58,30,One year,Fiber optic,No,No,No,Yes,Credit card,63.1,1887.32,2,3,268.2,No
CUST-005461,53,19,One year,DSL,No,Yes,Yes,Yes,Mailed check,63.86,1218.51,2,4,143.1,No
CUST-005462,43,0,Two year,Fiber optic,Yes,No,No,No,Bank transfer,81.92,92.12,2,3,562.5,Yes
CUST-005463,29,0,Month-to-month,DSL,No,No,Yes,No,Mailed check,54.29,69.27,1,3,236.2,No
CUST-005464,43,26,One year,DSL,No,Yes,Yes,No,Electronic check,58.84,1543.1,1,3,163.6,No
CUST-005465,30,8,Month-to-month,Fiber optic,Yes,Yes,No,No,Electronic check,75.77,603.7,1,3,294.0,Yes
CUST-005466,52,14,Two year,Fiber optic,Yes,No,No,Yes,Electronic check,83.77,1149.79,1,3,360.2,No
CUST-005467,57,0,Month-to-month,No internet service,Yes,Yes,Yes,No,Mailed check,43.7,53.73,0,4,0.0,No
CUST-005468,67,21,Two year,Fiber optic,Yes,Yes,No,No,Electronic check,80.3,1695.34,1,5,225.0,No
CUST-005469,51,15,Month-to-month,Fiber optic,Yes,No,No,Yes,Electronic check,82.23,1211.45,0,5,475.3,Yes
CUST-005470,59,21,One year,No internet service,No,Yes,Yes,No,Electronic check,41.32,884.65,1,4,7.7,No
CUST-005471,41,6,Two year,Fiber optic,No,Yes,Yes,No,Bank transfer,71.73,433.5,1,3,175.9,No
CUST-005472,38,1,Two year,No internet service,Yes,No,No,Yes,Bank transfer,25.58,23.0,1,4,3.3,No
CUST-005473,52,3,Month-to-month,Fiber optic,No,No,Yes,Yes,Credit card,73.74,225.49,2,4,253.1,Yes
CUST-005474,39,31,Month-to-month,Fiber optic,No,No,Yes,No,Credit card,68.29,2135.61,2,3,395.3,Yes
CUST-005475,49,61,Two year,DSL,Yes,No,Yes,Yes,Credit card,62.62,3850.99,1,5,333.4,No
CUST-005476,29,4,One year,Fiber optic,No,Yes,No,Yes,Electronic check,57.39,228.49,0,4,343.6,No
CUST-005477,32,50,One year,DSL,No,No,Yes,Yes,Mailed check,58.63,2926.89,1,3,215.3,No
CUST-005478,55,22,Month-to-month,Fiber optic,No,No,Yes,Yes,Bank transfer,77.04,1707.04,2,4,407.2,Yes
CUST-005479,58,72,Month-to-month,DSL,Yes,No,No,Yes,Electronic check,49.46,3534.32,2,4,88.7,No
CUST-005480,30,2,Month-to-month,No internet service,No,No,No,Yes,Electronic check,18.0,53.25,2,2,3.8,Yes
CUST-005481,55,24,One year,DSL,Yes,No,Yes,Yes,Credit card,71.97,1700.18,1,3,144.3,No
CUST-005482,37,29,Month-to-month,DSL,No,No,Yes,Yes,Mailed check,54.16,1543.15,0,3,138.3,No
CUST-005483,45,3,Month-to-month,Fiber optic,No,No,Yes,No,Mailed check,82.49,278.54,1,1,326.9,Yes
CUST-005484,66,3,Two year,Fiber optic,No,Yes,No,Yes,Bank transfer,70.37,169.46,1,2,334.2,No
CUST-005485,57,11,Month-to-month,No internet service,No,No,No,No,Credit card,27.3,326.44,1,4,4.5,No
CUST-005486,57,15,Two year,DSL,Yes,Yes,Yes,Yes,Credit card,73.92,1139.99,2,3,72.9,No
CUST-005487,74,29,Month-to-month,DSL,Yes,No,No,Yes,Credit card,53.56,1560.03,1,4,100.7,No
CUST-005488,34,27,Month-to-month,DSL,No,No,Yes,No,Electronic check,52.8,1437.71,2,5,125.2,No
CUST-005489,30,34,Month-to-month,Fiber optic,No,No,Yes,No,Bank transfer,83.5,2807.52,1,1,274.9,Yes
CUST-005490,34,30,Month-to-month,Fiber optic,No,No,No,No,Electronic check,63.97,1909.25,1,5,329.5,No
CUST-005491,41,5,One year,Fiber optic,Yes,No,Yes,No,Credit card,80.93,411.82,0,3,232.5,No
CUST-005492,18,72,Month-to-month,Fiber optic,No,No,Yes,Yes,Electronic check,76.21,5493.71,0,4,476.3,No
CUST-005493,42,7,Month-to-month,Fiber optic,Yes,No,No,Yes,Mailed check,72.77,518.28,1,5,391.4,Yes
CUST-005494,37,19,Month-to-month,Fiber optic,Yes,No,No,No,Credit card,77.37,1476.61,0,4,314.4,No
CUST-005495,57,21,One year,DSL,No,No,Yes,Yes,Bank transfer,47.59,999.81,3,3,125.7,No
CUST-005496,50,42,Two year,DSL,No,No,No,Yes,Electronic check,56.92,2366.2,0,3,24.7,No
CUST-005497,36,42,Month-to-month,Fiber optic,No,No,No,Yes,Electronic check,67.32,2834.48,2,3,273.4,No
CUST-005498,54,13,Month-to-month,No internet service,No,Yes,No,No,Mailed check,25.92,314.22,1,3,8.3,No
CUST-005499,56,25,Month-to-month,DSL,No,No,Yes,Yes,Bank transfer,59.22,1473.2,0,5,132.3,No
CUST-005500,33,2,One year,Fiber optic,Yes,Yes,Yes,Yes,Bank transfer,83.34,194.52,0,4,212.5,No
CUST-005501,38,5,Month-to-month,DSL,Yes,No,No,Yes,Electronic check,53.62,236.81,1,4,128.9,No
CUST-005502,18,2,Month-to-month,DSL,No,No,No,Yes,Bank transfer,48.25,94.01,2,3,129.8,No
CUST-005503,29,14,One year,DSL,No,No,No,Yes,Mailed check,43.53,626.78,1,4,109.5,No
CUST-005504,34,36,Month-to-month,No internet service,No,Yes,No,Yes,Credit card,28.62,1043.09,1,2,0.0,No
CUST-005505,46,9,One year,Fiber optic,No,Yes,Yes,No,Bank transfer,86.97,788.84,1,5,210.2,No
CUST-005506,31,23,Month-to-month,DSL,No,No,No,Yes,Credit card,41.36,937.73,2,3,167.0,Yes
CUST-005507,37,10,Two year,Fiber optic,No,No,No,No,Electronic check,71.24,738.62,0,2,284.9,No
CUST-005508,27,43,Month-to-month,Fiber optic,Yes,Yes,No,Yes,Credit card,78.7,3359.62,0,5,367.9,No
CUST-005509,48,36,Month-to-month,Fiber optic,Yes,Yes,No,Yes,Credit card,88.53,3200.94,0,5,371.2,No
CUST-005510,51,49,Month-to-month,Fiber optic,Yes,No,No,No,Mailed check,79.55,3901.01,1,3,309.6,Yes
CUST-005511,51,5,Month-to-month,Fiber optic,Yes,No,Yes,Yes,Credit card,87.03,419.42,0,5,223.9,No
CUST-005512,45,7,One year,DSL,Yes,No,Yes,Yes,Bank transfer,60.94,418.8,0,4,162.7,No
CUST-005513,22,1,Month-to-month,Fiber optic,Yes,No,Yes,Yes,Credit card,84.44,120.66,1,4,156.8,Yes
CUST-005514,36,3,Month-to-month,Fiber optic,No,No,No,Yes,Credit card,70.04,186.88,4,2,395.9,Yes
CUST-005515,39,6,One year,Fiber optic,Yes,No,No,Yes,Credit card,70.2,386.0,0,4,284.8,No
CUST-005516,39,42,Month-to-month,Fiber optic,No,Yes,No,No,Electronic check,73.17,3060.38,1,3,419.6,No
CUST-005517,46,30,One year,DSL,No,No,Yes,Yes,Electronic check,59.73,1800.16,1,3,164.8,No
CUST-005518,66,14,One year,DSL,No,No,No,Yes,Mailed check,44.44,650.64,0,3,139.1,No
CUST-005519,57,27,Month-to-month,DSL,No,Yes,No,Yes,Bank transfer,46.89,1266.54,0,4,137.4,No
CUST-005520,30,28,One year,No internet service,Yes,No,No,Yes,Electronic check,35.99,975.15,0,2,5.4,No
CUST-005521,55,38,Two year,Fiber optic,Yes,Yes,No,Yes,Mailed check,81.38,3094.35,0,5,359.7,No
CUST-005522,55,7,Two year,Fiber optic,No,No,Yes,Yes,Electronic check,75.49,545.55,0,3,287.4,No
CUST-005523,33,1,Month-to-month,No internet service,No,No,No,Yes,Credit card,18.0,24.41,0,3,10.5,No
CUST-005524,58,18,Month-to-month,DSL,No,No,Yes,Yes,Bank transfer,61.49,1116.7,1,3,105.6,No
CUST-005525,43,13,Two year,No internet service,No,Yes,Yes,Yes,Electronic check,37.65,452.01,1,4,4.1,No
CUST-005526,24,8,One year,DSL,No,No,Yes,No,Electronic check,61.89,468.28,0,5,89.0,No
CUST-005527,52,22,Month-to-month,DSL,No,No,No,Yes,Credit card,40.39,885.9,1,4,194.2,No
CUST-005528,48,14,Month-to-month,Fiber optic,Yes,No,Yes,No,Mailed check,86.51,1233.81,0,5,292.1,No
CUST-005529,42,37,One year,Fiber optic,No,No,Yes,Yes,Bank transfer,74.6,2744.41,1,3,411.6,No
CUST-005530,44,12,One year,DSL,No,No,No,Yes,Credit card,53.71,648.61,2,3,115.3,No
CUST-005531,34,3,Two year,DSL,No,No,Yes,Yes,Credit card,58.84,179.84,1,5,144.7,No
CUST-005532,54,0,Two year,DSL,No,No,No,Yes,Electronic check,40.02,19.17,2,3,106.2,No
CUST-005533,44,7,Month-to-month,No internet service,No,Yes,No,No,Bank transfer,30.67,199.97,0,3,0.2,No
CUST-005534,47,11,One year,Fiber optic,Yes,Yes,No,No,Credit card,85.17,936.37,0,3,328.5,No
CUST-005535,50,41,Month-to-month,Fiber optic,No,No,Yes,Yes,Electronic check,75.31,3080.4,0,4,325.3,Yes
CUST-005536,28,13,Month-to-month,No internet service,No,No,Yes,Yes,Bank transfer,27.95,379.76,0,2,5.6,No
CUST-005537,32,15,Month-to-month,No internet service,No,Yes,Yes,No,Credit card,26.99,396.43,0,4,5.8,No
CUST-005538,18,5,Two year,No internet service,No,No,No,Yes,Electronic check,25.5,145.24,0,4,3.6,No
CUST-005539,53,38,Month-to-month,DSL,No,No,Yes,No,Mailed check,48.23,1825.5,1,4,238.8,No
CUST-005540,27,34,Month-to-month,No internet service,Yes,No,No,No,Electronic check,27.76,944.32,1,2,1.3,No
CUST-005541,47,72,Month-to-month,Fiber optic,No,No,No,No,Electronic check,56.37,4074.64,5,1,349.2,Yes
CUST-005542,51,42,Month-to-month,Fiber optic,Yes,Yes,No,Yes,Electronic check,88.01,3694.28,0,3,325.9,Yes
CUST-005543,54,61,Month-to-month,Fiber optic,Yes,Yes,Yes,Yes,Mailed check,97.67,5949.35,3,3,158.2,No
CUST-005544,27,2,Month-to-month,Fiber optic,Yes,No,No,Yes,Bank transfer,74.5,147.62,0,2,403.6,No
CUST-005545,44,40,Month-to-month,No internet service,Yes,No,Yes,Yes,Credit card,45.24,1827.47,1,2,3.4,No
CUST-005546,70,1,Month-to-month,DSL,No,Yes,No,No,Credit card,50.34,56.97,1,4,99.6,No
CUST-005547,71,72,Two year,DSL,Yes,No,Yes,Yes,Credit card,60.88,4340.47,3,3,127.8,No
CUST-005548,60,13,One year,Fiber optic,Yes,Yes,No,Yes,Credit card,70.62,903.62,1,4,281.4,No
CUST-005549,50,4,Two year,DSL,No,No,Yes,Yes,Electronic check,60.96,229.57,3,2,100.6,No
CUST-005550,30,3,Month-to-month,Fiber optic,No,Yes,No,Yes,Mailed check,65.95,209.52,0,3,408.0,Yes
CUST-005551,56,58,Month-to-month,DSL,No,No,Yes,Yes,Credit card,69.63,4000.21,0,5,114.6,No
CUST-005552,43,18,Month-to-month,Fiber optic,No,No,Yes,Yes,Credit card,71.44,1291.51,0,3,163.6,No
CUST-005553,53,0,Two year,DSL,No,No,No,Yes,Mailed check,50.06,62.78,1,3,168.0,Yes
CUST-005554,36,33,Month-to-month,Fiber optic,No,No,Yes,No,Bank transfer,83.38,2764.26,0,4,416.5,No
CUST-005555,42,32,Month-to-month,DSL,No,No,Yes,No,Credit card,50.3,1607.91,0,5,49.4,No
CUST-005556,47,16,Two year,DSL,Yes,Yes,No,Yes,Bank transfer,56.75,875.68,0,3,119.6,No
CUST-005557,49,5,Two year,No internet service,No,Yes,Yes,Yes,Credit card,36.85,179.11,1,3,4.5,No
CUST-005558,52,5,Month-to-month,No internet service,No,No,No,No,Credit card,37.41,216.53,0,4,0.8,No
CUST-005559,36,10,One year,Fiber optic,No,No,Yes,No,Bank transfer,75.77,745.78,0,4,357.5,No
CUST-005560,25,17,Month-to-month,Fiber optic,No,Yes,No,Yes,Electronic check,65.31,1153.89,1,4,250.4,No
CUST-005561,69,72,Month-to-month,Fiber optic,No,Yes,No,Yes,Credit card,73.46,5305.34,1,4,125.9,No
CUST-005562,82,22,Month-to-month,Fiber optic,No,No,No,No,Credit card,59.76,1311.86,0,3,366.7,Yes
CUST-005563,52,5,Two year,Fiber optic,Yes,Yes,No,Yes,Electronic check,78.69,397.96,0,4,308.7,No
CUST-005564,25,21,Month-to-month,No internet service,Yes,No,No,Yes,Credit card,25.73,547.82,1,5,6.9,No
CUST-005565,33,72,One year,No internet service,No,No,No,Yes,Electronic check,22.59,1614.94,4,2,2.9,No
CUST-005566,53,5,Month-to-month,Fiber optic,Yes,No,Yes,No,Credit card,82.19,402.67,1,4,340.1,Yes
CUST-005567,65,5,One year,DSL,No,No,No,Yes,Credit card,41.52,247.49,1,3,158.9,No
CUST-005568,27,1,One year,No internet service,Yes,No,No,Yes,Electronic check,33.4,63.23,1,2,5.1,No
CUST-005569,43,19,One year,Fiber optic,Yes,No,Yes,No,Credit card,86.45,1634.99,3,2,402.0,No
CUST-005570,48,1,Two year,No internet service,No,No,Yes,Yes,Electronic check,32.14,16.56,2,3,7.3,No
CUST-005571,58,72,One year,No internet service,Yes,No,Yes,Yes,Credit card,30.38,2155.5,0,4,6.3,No
CUST-005572,40,50,One year,No internet service,No,No,Yes,Yes,Bank transfer,35.11,1798.63,2,2,11.2,No
CUST-005573,22,3,Month-to-month,DSL,Yes,No,Yes,No,Mailed check,62.65,208.44,1,2,159.2,Yes
CUST-005574,54,6,Two year,Fiber optic,Yes,Yes,No,No,Credit card,80.39,507.27,0,3,272.4,No
CUST-005575,62,7,Month-to-month,Fiber optic,No,Yes,No,No,Electronic check,61.78,421.59,1,3,372.5,Yes
CUST-005576,44,2,Month-to-month,No internet service,No,Yes,No,No,Mailed check,27.39,42.6,1,4,6.0,No
CUST-005577,51,36,Month-to-month,Fiber optic,No,Yes,Yes,No,Bank transfer,83.97,3004.49,1,4,379.0,Yes
CUST-005578,38,33,Month-to-month,Fiber optic,Yes,No,No,No,Electronic check,71.85,2307.85,0,4,544.1,Yes
CUST-005579,32,7,One year,Fiber optic,No,Yes,No,Yes,Electronic check,66.57,448.5,0,3,222.1,No
CUST-005580,60,33,Month-to-month,DSL,No,No,No,No,Bank transfer,50.83,1683.78,0,2,87.8,Yes
CUST-005581,51,24,Month-to-month,Fiber optic,Yes,No,No,Yes,Electronic check,69.27,1667.45,0,5,265.1,Yes
CUST-005582,52,9,Two year,No internet service,No,Yes,No,Yes,Mailed check,30.55,262.63,1,3,4.9,No
CUST-005583,68,14,Two year,DSL,No,No,No,Yes,Bank transfer,50.24,716.45,0,4,217.7,No
CUST-005584,29,72,Month-to-month,Fiber optic,No,No,Yes,Yes,Mailed check,72.84,5231.0,0,3,282.0,No
CUST-005585,37,70,Two year,Fiber optic,No,Yes,No,Yes,Electronic check,74.74,5247.15,0,4,416.7,No
CUST-005586,47,41,Month-to-month,DSL,No,Yes,No,Yes,Electronic check,48.85,2017.95,0,4,94.6,No
CUST-005587,37,7,Month-to-month,DSL,Yes,Yes,No,Yes,Electronic check,62.19,451.71,0,4,198.9,No
CUST-005588,57,20,Two year,No internet service,No,No,No,No,Bank transfer,18.0,361.48,1,4,4.5,No
CUST-005589,42,57,One year,No internet service,No,No,Yes,No,Electronic check,31.42,1774.62,0,3,5.3,No
CUST-005590,30,7,One year,DSL,No,No,Yes,Yes,Credit card,57.39,377.88,3,2,192.6,No
CUST-005591,46,25,Month-to-month,No internet service,No,No,No,No,Electronic check,19.85,452.88,1,4,9.7,No
CUST-005592,48,4,Month-to-month,DSL,Yes,No,Yes,Yes,Electronic check,66.91,282.78,1,5,126.9,Yes
CUST-005593,59,19,Month-to-month,DSL,No,No,Yes,Yes,Credit card,52.96,972.52,2,3,144.2,Yes
CUST-005594,51,33,Two year,DSL,No,Yes,No,No,Electronic check,48.24,1589.22,0,3,151.5,No
CUST-005595,52,72,Month-to-month,Fiber optic,Yes,No,Yes,Yes,Bank transfer,88.57,6381.4,1,4,330.4,No
CUST-005596,50,16,Month-to-month,DSL,No,No,No,No,Electronic check,42.94,665.66,1,4,195.9,No
CUST-005597,42,72,Month-to-month,DSL,No,No,No,Yes,Credit card,42.51,3058.26,0,3,163.6,No
CUST-005598,34,44,One year,Fiber optic,No,No,No,No,Electronic check,60.79,2681.14,1,2,272.8,No
CUST-005599,49,27,Month-to-month,DSL,No,Yes,No,No,Electronic check,48.7,1309.43,1,4,201.8,No
CUST-005600,40,13,One year,Fiber optic,Yes,No,Yes,Yes,Bank transfer,79.86,1047.39,0,4,181.7,No
CUST-005601,70,44,Month-to-month,DSL,Yes,No,No,Yes,Mailed check,56.65,2483.71,0,4,132.9,No
CUST-005602,65,57,Month-to-month,No internet service,Yes,No,No,Yes,Credit card,25.75,1462.19,2,3,4.0,No
CUST-005603,54,11,Month-to-month,Fiber optic,No,No,No,Yes,Credit card,59.58,637.6,1,4,241.9,Yes
CUST-005604,51,19,Month-to-month,Fiber optic,Yes,No,No,No,Credit card,71.98,1364.91,0,3,346.1,No
CUST-005605,44,23,One year,DSL,No,No,Yes,No,Electronic check,50.02,1150.58,2,3,185.8,No
CUST-005606,26,68,Two year,Fiber optic,No,Yes,No,Yes,Bank transfer,66.72,4518.48,1,3,367.2,No
CUST-005607,42,15,Month-to-month,Fiber optic,No,Yes,Yes,Yes,Electronic check,89.77,1355.13,1,4,261.8,No
CUST-005608,47,24,Month-to-month,DSL,Yes,Yes,No,Yes,Electronic check,53.56,1236.13,0,4,113.0,No
CUST-005609,48,72,Month-to-month,Fiber optic,Yes,Yes,Yes,No,Electronic check,90.28,6521.8,2,3,295.3,No
CUST-005610,52,51,Two year,DSL,No,No,Yes,Yes,Mailed check,68.03,3441.18,1,4,73.8,No
CUST-005611,59,4,Two year,Fiber optic,No,Yes,No,No,Mailed check,72.25,309.81,0,4,261.3,No
CUST-005612,35,24,One year,Fiber optic,Yes,No,No,No,Credit card,70.45,1703.21,1,4,280.7,Yes
CUST-005613,35,65,Month-to-month,Fiber optic,Yes,No,No,Yes,Mailed check,63.06,4119.15,0,4,357.3,No
CUST-005614,67,15,Month-to-month,No internet service,No,No,No,Yes,Electronic check,20.83,289.93,0,5,6.3,No
CUST-005615,57,26,Two year,DSL,No,No,No,Yes,Electronic check,41.16,1066.09,0,4,146.3,No
CUST-005616,39,66,Month-to-month,Fiber optic,No,No,No,No,Bank transfer,67.79,4480.02,0,5,411.2,No
CUST-005617,43,19,One year,Fiber optic,Yes,No,Yes,Yes,Bank transfer,81.62,1559.34,0,4,505.2,No
CUST-005618,43,37,Two year,DSL,No,No,Yes,Yes,Electronic check,58.39,2177.23,0,4,133.6,Yes
CUST-005619,45,3,One year,DSL,Yes,Yes,No,Yes,Bank transfer,66.23,211.72,1,2,179.1,No
CUST-005620,52,23,One year,Fiber optic,No,No,Yes,Yes,Credit card,80.36,1857.8,0,4,283.0,No
CUST-005621,83,5,Month-to-month,Fiber optic,Yes,Yes,No,Yes,Electronic check,72.41,371.88,1,4,256.7,No
CUST-005622,48,27,Two year,DSL,Yes,Yes,No,Yes,Credit card,59.44,1618.56,0,3,153.9,No
CUST-005623,55,8,Month-to-month,DSL,Yes,Yes,No,Yes,Credit card,63.82,510.96,2,1,159.6,No
CUST-005624,20,5,Two year,No internet service,Yes,No,Yes,No,Credit card,32.4,184.92,0,1,3.6,No
CUST-005625,38,17,Month-to-month,DSL,No,Yes,No,No,Electronic check,59.44,1008.94,1,3,73.8,No
CUST-005626,63,35,One year,DSL,No,No,No,No,Electronic check,45.7,1565.67,0,3,270.2,No
CUST-005627,51,53,Two year,DSL,No,No,No,Yes,Bank transfer,47.88,2562.55,3,2,218.8,Yes
CUST-005628,18,6,One year,DSL,No,Yes,No,Yes,Mailed check,49.28,305.04,2,4,150.1,No
CUST-005629,55,6,Month-to-month,DSL,Yes,No,No,Yes,Electronic check,53.23,316.4,3,2,156.1,No
CUST-005630,74,72,Month-to-month,Fiber optic,No,No,Yes,Yes,Mailed check,72.53,5224.44,2,2,370.2,No
CUST-005631,18,19,Two year,No internet service,No,No,Yes,Yes,Bank transfer,39.74,785.2,0,5,3.9,No
CUST-005632,68,11,One year,Fiber optic,No,No,No,Yes,Electronic check,73.97,815.67,0,4,404.9,No
CUST-005633,18,5,Month-to-month,DSL,Yes,No,Yes,Yes,Electronic check,75.73,409.03,1,3,81.7,No
CUST-005634,59,30,Two year,DSL,No,Yes,Yes,Yes,Credit card,54.17,1634.53,0,2,75.4,No
CUST-005635,45,10,Two year,No internet service,Yes,Yes,Yes,Yes,Mailed check,47.65,469.24,0,3,4.8,No
CUST-005636,18,19,Two year,Fiber optic,Yes,No,No,No,Electronic check,75.16,1401.85,0,3,413.6,No
CUST-005637,52,0,One year,No internet service,Yes,No,No,No,Credit card,24.47,26.3,1,3,7.1,No
CUST-005638,62,4,Two year,Fiber optic,No,Yes,No,No,Credit card,72.86,317.72,0,3,464.0,No
CUST-005639,50,3,Two year,Fiber optic,Yes,Yes,Yes,Yes,Mailed check,83.82,240.09,2,2,423.1,No
CUST-005640,54,13,Month-to-month,No internet service,Yes,No,Yes,Yes,Electronic check,47.36,623.01,3,3,4.3,No
CUST-005641,39,21,Two year,Fiber optic,No,No,Yes,No,Bank transfer,69.33,1486.63,1,2,351.2,Yes
CUST-005642,18,10,Month-to-month,DSL,Yes,No,No,No,Bank transfer,54.25,507.04,2,1,226.6,No
CUST-005643,55,6,Two year,DSL,Yes,No,No,No,Credit card,56.95,349.65,1,2,145.8,No
CUST-005644,71,15,One year,No internet service,No,No,Yes,Yes,Electronic check,29.0,446.08,0,3,6.1,No
CUST-005645,62,60,One year,No internet service,No,No,Yes,No,Bank transfer,38.86,2338.72,0,3,3.1,No
CUST-005646,18,16,Month-to-month,Fiber optic,Yes,No,Yes,Yes,Electronic check,75.88,1180.0,0,4,439.3,No
CUST-005647,22,6,Month-to-month,No internet service,Yes,No,No,Yes,Credit card,27.85,151.91,0,4,7.1,No
CUST-005648,32,8,Month-to-month,Fiber optic,Yes,Yes,No,No,Electronic check,70.57,522.84,0,4,407.5,No
CUST-005649,21,11,One year,DSL,No,No,No,No,Mailed check,41.13,426.08,0,3,65.8,No
CUST-005650,46,1,Two year,DSL,No,Yes,No,Yes,Bank transfer,48.53,65.4,1,4,176.5,No
CUST-005651,51,10,Month-to-month,DSL,Yes,Yes,Yes,No,Credit card,68.23,675.7,2,1,216.1,Yes
CUST-005652,24,14,Month-to-month,DSL,No,Yes,No,Yes,Bank transfer,57.35,819.28,0,4,189.2,No
CUST-005653,57,67,One year,No internet service,No,No,No,Yes,Mailed check,18.0,1221.29,1,3,3.1,No
CUST-005654,54,55,Month-to-month,DSL,No,Yes,Yes,No,Credit card,55.23,3015.18,0,4,179.4,No
CUST-005655,37,19,Month-to-month,No internet service,No,Yes,No,No,Bank transfer,23.84,456.35,1,1,4.8,No
CUST-005656,42,13,Month-to-month,Fiber optic,No,No,No,Yes,Mailed check,65.57,820.68,0,4,351.4,Yes
CUST-005657,18,7,One year,Fiber optic,No,Yes,No,No,Credit card,73.52,520.13,1,2,487.0,No
CUST-005658,40,12,One year,No internet service,No,Yes,No,Yes,Mailed check,31.77,389.71,1,5,9.3,No
CUST-005659,45,2,Two year,Fiber optic,No,No,No,Yes,Bank transfer,54.25,103.95,2,3,369.7,Yes
CUST-005660,48,6,Month-to-month,DSL,Yes,No,Yes,No,Electronic check,73.44,407.0,0,4,181.0,Yes
CUST-005661,51,19,Month-to-month,DSL,Yes,No,Yes,No,Electronic check,60.91,1127.54,0,3,119.2,No
CUST-005662,49,72,One year,DSL,No,Yes,No,Yes,Mailed check,49.61,3622.77,0,4,219.3,No
CUST-005663,41,46,Two year,Fiber optic,No,No,Yes,Yes,Electronic check,77.12,3559.95,2,4,281.0,No
CUST-005664,49,45,Month-to-month,Fiber optic,Yes,Yes,No,No,Electronic check,68.15,3061.17,0,5,392.0,No
CUST-005665,60,25,Two year,Fiber optic,Yes,No,No,No,Mailed check,70.84,1790.2,1,3,340.1,No
CUST-005666,44,72,One year,Fiber optic,No,No,Yes,Yes,Bank transfer,81.96,5930.55,1,2,302.3,No
CUST-005667,50,10,Two year,Fiber optic,Yes,No,No,Yes,Electronic check,76.16,785.81,1,3,421.0,No
CUST-005668,42,3,Month-to-month,No internet service,No,No,No,Yes,Bank transfer,18.0,50.13,0,4,5.7,No
CUST-005669,35,4,Month-to-month,Fiber optic,Yes,Yes,Yes,Yes,Electronic check,92.07,361.6,0,4,196.9,Yes
CUST-005670,53,1,Month-to-month,No internet service,No,No,No,Yes,Electronic check,22.31,38.23,1,2,3.7,No
CUST-005671,37,15,One year,No internet service,No,No,Yes,No,Electronic check,30.71,455.94,0,3,0.7,No
CUST-005672,51,38,Two year,Fiber optic,No,No,No,Yes,Bank transfer,67.46,2587.45,1,4,299.8,No
CUST-005673,45,12,Month-to-month,No internet service,No,No,No,No,Bank transfer,18.0,218.24,0,5,1.6,No
CUST-005674,40,37,Month-to-month,Fiber optic,Yes,No,No,Yes,Credit card,68.27,2541.86,1,3,268.6,Yes
CUST-005675,40,18,Month-to-month,DSL,No,Yes,No,No,Bank transfer,49.52,912.15,0,2,129.6,No
CUST-005676,37,6,One year,No internet service,No,No,No,No,Credit card,18.0,82.02,2,4,11.5,Yes
CUST-005677,20,13,Two year,No internet service,Yes,Yes,No,Yes,Electronic check,37.47,490.02,0,2,9.3,No
CUST-005678,51,1,Month-to-month,Fiber optic,Yes,No,Yes,Yes,Bank transfer,85.42,108.39,0,4,338.6,No
CUST-005679,48,5,One year,Fiber optic,No,No,Yes,No,Bank transfer,75.89,363.32,4,1,392.3,Yes
CUST-005680,58,45,Month-to-month,Fiber optic,No,No,No,Yes,Mailed check,68.98,3093.14,3,3,288.0,No
CUST-005681,37,37,Two year,No internet service,No,Yes,No,Yes,Credit card,27.94,1057.81,1,3,6.0,No
CUST-005682,73,54,Two year,Fiber optic,Yes,No,Yes,Yes,Mailed check,90.32,4907.84,0,3,290.0,No
CUST-005683,39,26,Month-to-month,DSL,Yes,No,No,Yes,Electronic check,60.9,1512.97,0,5,189.1,No
CUST-005684,32,5,One year,Fiber optic,No,Yes,No,Yes,Bank transfer,72.65,387.22,0,3,327.7,Yes
CUST-005685,30,72,Two year,Fiber optic,Yes,No,Yes,No,Electronic check,81.4,5814.3,1,3,351.3,No
CUST-005686,19,3,Two year,Fiber optic,No,Yes,No,No,Electronic check,74.62,222.6,1,3,418.5,No
CUST-005687,68,11,One year,Fiber optic,No,No,Yes,Yes,Bank transfer,73.42,779.9,0,3,203.5,No
CUST-005688,66,2,Month-to-month,DSL,No,No,Yes,Yes,Electronic check,53.19,95.43,0,5,140.9,No
CUST-005689,54,15,One year,Fiber optic,Yes,No,Yes,Yes,Bank transfer,83.54,1255.2,0,3,408.8,No
CUST-005690,32,3,One year,DSL,No,Yes,No,Yes,Mailed check,56.79,180.99,1,5,64.6,No
CUST-005691,72,6,Month-to-month,DSL,No,Yes,Yes,Yes,Credit card,66.75,429.09,0,3,172.6,No
CUST-005692,40,35,Two year,Fiber optic,No,No,Yes,Yes,Mailed check,81.43,2823.14,1,3,276.4,No
CUST-005693,41,8,Month-to-month,DSL,No,Yes,No,Yes,Mailed check,51.61,436.0,1,3,138.1,Yes
CUST-005694,67,0,Two year,DSL,No,No,Yes,Yes,Mailed check,59.85,54.29,1,3,151.3,No
CUST-005695,55,27,Month-to-month,DSL,Yes,No,No,Yes,Bank transfer,56.0,1506.87,0,3,77.8,No
CUST-005696,78,12,Month-to-month,Fiber optic,No,No,No,Yes,Electronic check,61.56,772.73,0,5,402.2,No
CUST-005697,49,6,Month-to-month,Fiber optic,Yes,Yes,No,No,Mailed check,81.94,508.49,0,5,259.3,No
CUST-005698,39,16,One year,No internet service,No,No,No,Yes,Electronic check,19.98,286.03,0,3,4.4,No
CUST-005699,36,12,Two year,No internet service,Yes,No,Yes,No,Mailed check,37.98,454.19,5,2,7.9,Yes
CUST-005700,18,37,Month-to-month,Fiber optic,No,No,No,No,Credit card,63.22,2324.19,0,4,335.7,No
CUST-005701,41,22,Month-to-month,Fiber optic,No,No,No,No,Bank transfer,62.24,1360.59,0,3,305.8,No
CUST-005702,62,11,Two year,Fiber optic,No,Yes,Yes,Yes,Mailed check,81.6,894.97,3,2,287.2,No
CUST-005703,54,3,One year,DSL,Yes,No,No,Yes,Electronic check,52.96,168.14,1,4,53.3,No
CUST-005704,45,6,Month-to-month,Fiber optic,Yes,Yes,No,Yes,Bank transfer,82.33,468.87,1,2,317.8,Yes
CUST-005705,30,17,Two year,No internet service,Yes,No,No,Yes,Credit card,35.55,599.91,0,4,5.2,No
CUST-005706,48,33,Month-to-month,Fiber optic,No,No,No,Yes,Mailed check,67.84,2230.83,0,4,146.9,No
CUST-005707,60,28,Month-to-month,No internet service,Yes,No,Yes,Yes,Credit card,40.59,1144.2,0,4,11.2,No
CUST-005708,51,13,Month-to-month,Fiber optic,No,No,No,No,Mailed check,55.0,713.94,1,2,531.1,Yes
CUST-005709,48,38,One year,Fiber optic,Yes,Yes,No,No,Electronic check,91.09,3480.18,0,5,287.7,No
CUST-005710,33,8,Month-to-month,Fiber optic,No,No,No,Yes,Credit card,61.46,496.85,0,4,337.1,Yes
CUST-005711,58,2,Two year,Fiber optic,No,No,No,Yes,Bank transfer,61.62,135.31,0,3,336.9,No
CUST-005712,18,36,Month-to-month,No internet service,No,No,No,Yes,Mailed check,26.32,952.18,1,2,9.5,No
CUST-005713,51,32,Two year,DSL,No,No,No,No,Credit card,39.49,1240.69,1,3,84.6,No
CUST-005714,84,5,Month-to-month,Fiber optic,No,No,No,No,Credit card,66.86,326.81,0,3,354.8,No
CUST-005715,22,6,Month-to-month,No internet service,No,No,No,No,Credit card,18.0,94.63,3,3,5.1,No
CUST-005716,41,61,Month-to-month,Fiber optic,Yes,Yes,Yes,Yes,Bank transfer,89.74,5489.32,0,4,146.0,No
CUST-005717,45,32,Month-to-month,Fiber optic,No,No,No,Yes,Bank transfer,65.25,2105.03,2,3,306.2,Yes
CUST-005718,38,8,Month-to-month,Fiber optic,No,Yes,No,Yes,Bank transfer,65.03,518.6,0,5,341.1,No
CUST-005719,61,6,Two year,DSL,Yes,No,Yes,Yes,Mailed check,64.38,389.19,0,3,102.1,No
CUST-005720,52,63,Two year,No internet service,Yes,Yes,Yes,Yes,Electronic check,51.13,3189.6,0,4,3.0,No
CUST-005721,47,29,One year,Fiber optic,No,No,No,No,Credit card,64.63,1866.47,0,5,324.2,No
CUST-005722,57,3,Month-to-month,DSL,No,No,Yes,No,Electronic check,74.49,173.43,1,3,88.3,Yes
CUST-005723,45,2,Two year,Fiber optic,No,No,No,Yes,Credit card,65.46,147.1,1,2,281.8,No
CUST-005724,85,13,Month-to-month,Fiber optic,Yes,No,No,Yes,Electronic check,67.02,915.84,1,3,319.5,Yes
CUST-005725,47,30,One year,DSL,No,Yes,Yes,Yes,Electronic check,60.39,1801.04,0,4,183.2,No
CUST-005726,48,19,One year,DSL,Yes,No,No,Yes,Electronic check,43.33,827.85,0,3,170.4,No
CUST-005727,19,11,Month-to-month,DSL,Yes,No,No,Yes,Mailed check,58.39,650.63,1,4,189.0,No
CUST-005728,37,40,Month-to-month,Fiber optic,No,Yes,Yes,Yes,Electronic check,91.03,3618.47,0,2,204.8,No
CUST-005729,62,19,Two year,Fiber optic,Yes,No,Yes,Yes,Electronic check,89.21,1692.36,1,2,365.5,No
CUST-005730,25,31,Month-to-month,DSL,Yes,Yes,No,Yes,Bank transfer,54.8,1708.15,0,4,145.7,No
CUST-005731,18,1,One year,DSL,Yes,No,Yes,Yes,Mailed check,60.64,64.02,3,4,159.8,Yes
CUST-005732,45,30,Two year,Fiber optic,Yes,No,Yes,Yes,Electronic check,88.68,2661.59,0,2,399.4,No
CUST-005733,66,41,Month-to-month,Fiber optic,Yes,No,No,Yes,Electronic check,70.4,2880.47,0,2,310.2,No
CUST-005734,46,56,Month-to-month,DSL,Yes,No,Yes,No,Electronic check,60.7,3382.88,0,3,156.3,Yes
CUST-005735,40,12,Month-to-month,Fiber optic,No,Yes,No,Yes,Credit card,66.14,807.2,1,3,528.9,No
CUST-005736,18,37,Two year,DSL,No,No,Yes,Yes,Credit card,66.35,2490.16,1,2,84.8,No
CUST-005737,52,4,Month-to-month,DSL,Yes,No,Yes,Yes,Mailed check,62.68,210.61,2,3,168.6,Yes
CUST-005738,55,34,Month-to-month,Fiber optic,No,No,Yes,Yes,Electronic check,81.16,2716.38,1,2,426.6,No
CUST-005739,18,2,Month-to-month,DSL,No,Yes,Yes,No,Electronic check,65.75,107.21,0,3,106.2,No
CUST-005740,62,50,Two year,DSL,Yes,No,No,No,Bank transfer,48.76,2429.18,0,2,153.2,No
CUST-005741,56,36,Two year,DSL,Yes,No,No,No,Electronic check,53.2,1909.95,1,3,109.3,No
CUST-005742,62,3,One year,No internet service,Yes,Yes,No,No,Bank transfer,28.99,89.51,1,3,5.3,No
CUST-005743,54,7,Two year,DSL,No,No,No,No,Electronic check,52.24,367.13,0,5,95.6,No
CUST-005744,55,1,One year,Fiber optic,No,No,Yes,Yes,Bank transfer,72.45,69.68,1,4,402.5,Yes
CUST-005745,53,27,Two year,Fiber optic,Yes,No,No,No,Mailed check,74.83,2045.85,0,2,331.2,No
CUST-005746,58,51,Month-to-month,DSL,Yes,Yes,No,Yes,Electronic check,56.53,2864.51,2,4,180.9,Yes
CUST-005747,18,24,Month-to-month,Fiber optic,Yes,Yes,No,Yes,Electronic check,74.38,1803.27,1,3,264.0,No
CUST-005748,22,7,Two year,DSL,No,No,No,No,Bank transfer,50.39,392.43,0,4,211.4,No
CUST-005749,34,14,Month-to-month,Fiber optic,Yes,Yes,No,No,Bank transfer,76.39,1040.05,0,2,253.7,No
CUST-005750,43,65,Month-to-month,Fiber optic,No,Yes,No,Yes,Bank transfer,61.85,3981.25,1,4,173.9,No
CUST-005751,51,45,One year,Fiber optic,No,No,Yes,No,Electronic check,79.12,3564.11,0,5,338.3,No
CUST-005752,50,35,One year,No internet service,No,Yes,Yes,Yes,Bank transfer,34.46,1219.04,0,4,2.5,No
CUST-005753,62,35,Month-to-month,DSL,Yes,No,Yes,Yes,Electronic check,65.79,2303.37,1,3,189.0,No
CUST-005754,62,72,Month-to-month,DSL,No,No,No,Yes,Bank transfer,49.28,3505.64,0,5,134.5,No
CUST-005755,32,8,Month-to-month,Fiber optic,No,No,Yes,No,Credit card,78.78,596.5,1,3,349.5,No
CUST-005756,49,37,Month-to-month,No internet service,No,Yes,Yes,No,Electronic check,42.44,1560.12,0,4,0.5,No
CUST-005757,32,3,Month-to-month,No internet service,No,Yes,No,No,Credit card,19.51,66.84,0,5,1.9,Yes
CUST-005758,42,10,Month-to-month,Fiber optic,No,No,No,Yes,Credit card,70.99,702.81,1,3,269.6,Yes
CUST-005759,50,13,One year,DSL,Yes,No,Yes,Yes,Credit card,63.51,829.9,0,4,84.4,No
CUST-005760,18,4,Month-to-month,No internet service,No,No,Yes,Yes,Electronic check,24.87,103.19,0,5,5.0,No
CUST-005761,81,18,Month-to-month,Fiber optic,No,No,No,No,Credit card,52.73,967.76,0,4,372.3,No
CUST-005762,53,26,One year,Fiber optic,No,No,No,No,Electronic check,63.46,1626.74,0,4,529.8,No
CUST-005763,36,30,Month-to-month,DSL,No,No,No,No,Mailed check,41.07,1233.86,0,1,100.0,No
CUST-005764,74,38,Month-to-month,Fiber optic,No,No,Yes,Yes,Bank transfer,73.15,2808.47,0,2,343.3,No
CUST-005765,40,16,Month-to-month,DSL,No,Yes,No,Yes,Electronic check,52.67,826.92,0,4,144.4,No
CUST-005766,47,18,One year,DSL,Yes,No,Yes,Yes,Mailed check,73.6,1312.26,0,3,238.0,No
CUST-005767,38,6,Month-to-month,Fiber optic,Yes,Yes,No,Yes,Credit card,74.49,448.67,2,3,253.3,No
CUST-005768,70,60,Month-to-month,Fiber optic,No,No,No,No,Electronic check,65.46,3906.46,0,5,406.0,No
CUST-005769,43,10,One year,DSL,No,No,No,Yes,Bank transfer,42.16,398.31,0,4,141.1,Yes
CUST-005770,47,2,Two year,Fiber optic,No,No,Yes,No,Credit card,72.07,137.2,1,3,320.0,No
CUST-005771,63,13,One year,Fiber optic,No,Yes,Yes,Yes,Electronic check,77.92,1008.08,3,4,292.9,No
CUST-005772,54,20,Two year,Fiber optic,No,No,No,No,Credit card,73.21,1479.23,2,2,305.7,No
CUST-005773,44,64,One year,No internet service,Yes,No,No,No,Credit card,28.07,1778.55,2,2,2.1,No
CUST-005774,62,5,Month-to-month,Fiber optic,No,No,Yes,Yes,Electronic check,76.05,380.86,0,4,371.2,No
CUST-005775,83,21,Month-to-month,Fiber optic,No,No,No,No,Mailed check,61.57,1317.66,0,2,250.1,Yes
CUST-005776,50,13,Month-to-month,No internet service,Yes,No,Yes,Yes,Electronic check,40.34,547.92,2,2,5.6,Yes
CUST-005777,47,3,Month-to-month,Fiber optic,Yes,No,No,Yes,Credit card,69.81,207.23,1,2,411.7,No
CUST-005778,48,15,Month-to-month,DSL,Yes,Yes,No,Yes,Electronic check,68.65,1033.53,1,4,168.9,No
CUST-005779,65,1,Month-to-month,Fiber optic,Yes,No,Yes,Yes,Mailed check,86.26,68.16,0,4,471.5,No
CUST-005780,36,30,One year,No internet service,No,No,No,No,Bank transfer,20.7,626.78,1,3,9.2,No
CUST-005781,41,2,One year,Fiber optic,No,No,Yes,Yes,Bank transfer,77.58,185.77,3,2,337.9,Yes
CUST-005782,22,15,Month-to-month,Fiber optic,No,No,No,Yes,Bank transfer,71.54,1099.09,2,2,413.2,Yes
CUST-005783,27,12,Month-to-month,Fiber optic,No,No,No,No,Electronic check,64.89,778.24,1,2,353.0,Yes
CUST-005784,37,70,Month-to-month,No internet service,No,Yes,No,No,Bank transfer,23.62,1660.32,0,4,7.5,No
CUST-005785,44,14,Month-to-month,No internet service,No,No,Yes,No,Bank transfer,32.81,444.63,0,2,10.0,No
CUST-005786,72,7,Month-to-month,Fiber optic,Yes,No,No,Yes,Bank transfer,76.96,520.13,0,4,301.5,No
CUST-005787,53,25,Month-to-month,Fiber optic,Yes,Yes,No,Yes,Bank transfer,84.91,2115.46,0,2,403.3,No
CUST-005788,31,3,Month-to-month,Fiber optic,No,No,No,Yes,Electronic check,66.08,203.66,0,5,391.6,Yes
CUST-005789,34,12,Two year,Fiber optic,No,No,Yes,No,Electronic check,78.15,952.24,1,3,310.7,No
CUST-005790,66,8,Month-to-month,Fiber optic,No,No,No,Yes,Electronic check,69.96,558.09,1,2,299.6,Yes
CUST-005791,62,72,One year,No internet service,No,Yes,Yes,No,Electronic check,24.33,1760.56,1,3,2.3,No
CUST-005792,45,5,Month-to-month,Fiber optic,Yes,No,No,No,Electronic check,73.44,316.16,0,4,290.5,No
CUST-005793,38,67,Month-to-month,No internet service,Yes,No,No,Yes,Electronic check,25.08,1683.77,1,2,4.7,No
CUST-005794,62,4,Month-to-month,Fiber optic,No,No,Yes,Yes,Mailed check,77.29,296.76,1,4,349.6,No
CUST-005795,30,11,Two year,No internet service,No,No,No,Yes,Bank transfer,21.78,214.56,0,5,11.0,No
CUST-005796,51,4,Month-to-month,Fiber optic,Yes,No,Yes,Yes,Bank transfer,91.23,374.0,0,4,247.7,No
CUST-005797,79,28,Month-to-month,Fiber optic,No,No,Yes,No,Credit card,70.08,1991.18,1,3,276.2,Yes
CUST-005798,48,38,Two year,No internet service,No,Yes,Yes,Yes,Mailed check,34.4,1306.93,0,5,7.2,No
CUST-005799,33,6,Month-to-month,Fiber optic,No,No,No,No,Mailed check,60.55,380.9,0,4,365.6,Yes
CUST-005800,51,23,Month-to-month,No internet service,No,Yes,Yes,Yes,Electronic check,34.97,795.96,1,3,6.6,No
CUST-005801,38,26,One year,DSL,No,No,No,No,Credit card,38.15,1032.96,3,3,51.2,No
CUST-005802,24,13,Month-to-month,No internet service,No,No,No,Yes,Bank transfer,30.69,367.45,1,3,2.5,No
CUST-005803,56,21,Two year,No internet service,No,No,Yes,Yes,Electronic check,36.35,761.33,2,4,7.9,No
CUST-005804,62,14,Month-to-month,Fiber optic,No,No,No,No,Electronic check,61.12,870.71,2,2,361.8,Yes
CUST-005805,40,50,One year,Fiber optic,No,Yes,No,Yes,Electronic check,71.08,3553.38,1,4,267.2,No
CUST-005806,39,7,Month-to-month,DSL,No,No,No,No,Mailed check,42.83,327.34,0,5,128.5,No
CUST-005807,31,4,Two year,Fiber optic,No,No,Yes,No,Electronic check,77.78,269.66,0,5,193.6,No
CUST-005808,43,26,Two year,DSL,No,No,Yes,Yes,Credit card,53.16,1379.94,1,2,137.8,No
CUST-005809,37,16,Two year,Fiber optic,No,No,No,Yes,Electronic check,57.38,913.09,0,3,285.2,No
CUST-005810,30,29,Two year,DSL,No,Yes,Yes,Yes,Credit card,60.14,1741.85,0,3,159.0,No
CUST-005811,73,4,One year,Fiber optic,Yes,Yes,No,Yes,Electronic check,85.91,311.98,0,4,334.5,Yes
CUST-005812,52,16,Month-to-month,Fiber optic,Yes,No,Yes,Yes,Mailed check,77.58,1235.45,0,5,366.1,No
CUST-005813,54,1,Month-to-month,No internet service,Yes,No,No,Yes,Credit card,33.49,26.74,1,3,5.0,No
CUST-005814,58,11,Month-to-month,No internet service,No,Yes,Yes,No,Electronic check,40.8,453.66,1,3,6.0,No
CUST-005815,57,12,Month-to-month,Fiber optic,Yes,No,Yes,No,Credit card,83.0,1017.97,2,3,311.6,No
CUST-005816,39,14,Month-to-month,Fiber optic,No,Yes,No,Yes,Electronic check,74.75,1048.73,1,3,247.0,No
CUST-005817,49,26,One year,DSL,Yes,Yes,Yes,No,Mailed check,72.04,1881.4,2,4,150.0,No
CUST-005818,41,0,One year,Fiber optic,Yes,No,No,Yes,Credit card,62.31,87.46,1,4,408.5,No
CUST-005819,52,72,Two year,DSL,No,No,No,Yes,Electronic check,42.98,3118.34,0,5,115.3,No
CUST-005820,50,18,Month-to-month,DSL,No,Yes,No,Yes,Electronic check,49.12,836.47,0,3,69.9,No
CUST-005821,39,58,One year,Fiber optic,Yes,No,Yes,Yes,Electronic check,92.22,5364.71,0,4,335.1,No
CUST-005822,25,9,One year,Fiber optic,No,No,No,Yes,Electronic check,63.0,582.82,1,2,289.4,Yes
CUST-005823,47,5,Two year,Fiber optic,Yes,No,Yes,No,Mailed check,83.95,414.51,1,2,367.9,No
CUST-005824,42,5,One year,Fiber optic,No,No,Yes,Yes,Bank transfer,71.19,346.78,0,4,529.2,No
CUST-005825,18,32,Month-to-month,DSL,Yes,No,Yes,No,Electronic check,64.68,2047.18,0,4,86.4,Yes
CUST-005826,53,4,Month-to-month,Fiber optic,Yes,Yes,No,Yes,Bank transfer,73.06,253.42,0,3,254.0,No
CUST-005827,59,32,Two year,No internet service,Yes,No,Yes,Yes,Bank transfer,45.43,1470.76,0,2,2.2,No
CUST-005828,83,1,One year,DSL,Yes,No,Yes,Yes,Credit card,62.9,78.2,1,3,186.2,Yes
CUST-005829,39,26,Two year,Fiber optic,No,Yes,Yes,Yes,Credit card,77.04,2001.04,1,4,503.6,No
CUST-005830,37,2,One year,DSL,No,Yes,Yes,Yes,Credit card,69.13,152.46,0,4,228.7,No
CUST-005831,28,25,One year,Fiber optic,Yes,Yes,No,Yes,Electronic check,72.47,1832.22,0,2,241.6,No
CUST-005832,48,2,One year,Fiber optic,No,No,No,No,Electronic check,66.28,96.64,0,2,248.6,No
CUST-005833,48,2,Two year,DSL,No,No,No,Yes,Bank transfer,37.56,80.11,2,4,113.2,No
CUST-005834,33,32,Two year,Fiber optic,Yes,Yes,Yes,No,Electronic check,92.47,2954.19,1,4,297.7,No
CUST-005835,42,39,Month-to-month,Fiber optic,No,No,No,Yes,Electronic check,70.34,2751.91,1,3,335.3,No
CUST-005836,18,18,Month-to-month,Fiber optic,Yes,No,Yes,Yes,Credit card,81.76,1475.41,4,2,322.8,Yes
CUST-005837,59,14,Month-to-month,Fiber optic,No,Yes,Yes,Yes,Mailed check,77.1,1094.8,1,3,204.9,No
CUST-005838,33,17,Month-to-month,DSL,No,No,Yes,Yes,Mailed check,51.26,839.76,0,1,48.6,No
CUST-005839,44,25,Two year,No internet service,Yes,Yes,No,Yes,Mailed check,33.72,869.28,0,3,4.9,No
CUST-005840,24,9,Two year,DSL,Yes,Yes,No,Yes,Electronic check,68.64,607.29,0,4,83.4,No
CUST-005841,36,8,Month-to-month,No internet service,Yes,No,Yes,No,Electronic check,45.34,360.03,1,3,5.2,Yes
CUST-005842,41,51,Month-to-month,DSL,No,No,Yes,Yes,Credit card,62.85,3170.16,2,2,101.9,Yes
CUST-005843,45,27,Month-to-month,Fiber optic,No,Yes,No,Yes,Electronic check,65.65,1770.48,1,5,379.1,No
CUST-005844,52,9,Two year,No internet service,No,Yes,Yes,Yes,Mailed check,43.48,390.96,0,3,6.3,No
CUST-005845,67,4,One year,Fiber optic,Yes,No,No,No,Electronic check,77.94,310.16,1,4,411.5,No
CUST-005846,56,27,Month-to-month,Fiber optic,Yes,No,Yes,Yes,Electronic check,86.53,2321.59,0,4,417.5,No
CUST-005847,59,42,Month-to-month,No internet service,Yes,No,Yes,Yes,Electronic check,36.84,1522.89,1,3,7.1,No
CUST-005848,67,28,One year,DSL,Yes,No,No,No,Electronic check,57.86,1632.91,3,3,103.6,No
CUST-005849,54,28,Month-to-month,No internet service,No,No,No,No,Bank transfer,18.0,469.26,1,5,3.6,No
CUST-005850,44,18,Two year,Fiber optic,No,No,Yes,Yes,Electronic check,80.29,1461.31,1,3,419.8,No
CUST-005851,60,1,Two year,DSL,No,Yes,Yes,Yes,Mailed check,61.1,94.99,1,4,112.4,No
CUST-005852,61,1,Month-to-month,Fiber optic,Yes,No,No,Yes,Bank transfer,68.07,112.41,2,2,429.2,Yes
CUST-005853,55,3,Month-to-month,Fiber optic,No,Yes,No,No,Mailed check,68.97,185.24,0,3,298.7,No
CUST-005854,23,6,Month-to-month,No internet service,No,No,No,No,Electronic check,29.84,190.86,1,4,3.9,No
CUST-005855,32,32,Month-to-month,Fiber optic,Yes,Yes,No,Yes,Electronic check,73.17,2330.19,0,5,229.7,No
CUST-005856,41,3,Month-to-month,DSL,No,Yes,Yes,Yes,Electronic check,67.96,228.37,1,4,170.4,No
CUST-005857,57,2,Month-to-month,No internet service,No,No,Yes,Yes,Electronic check,36.2,80.26,1,2,0.8,No
CUST-005858,45,6,Month-to-month,No internet service,No,No,Yes,No,Mailed check,31.08,180.63,1,4,3.2,No
CUST-005859,62,5,Two year,Fiber optic,No,No,Yes,No,Mailed check,74.24,352.99,2,3,226.9,No
CUST-005860,65,17,Month-to-month,Fiber optic,Yes,No,No,Yes,Electronic check,66.76,1127.53,0,4,439.3,No
CUST-005861,63,1,Two year,No internet service,No,No,Yes,Yes,Electronic check,38.44,24.95,1,4,4.3,No
CUST-005862,63,11,Month-to-month,DSL,No,Yes,No,No,Bank transfer,45.05,495.06,1,2,151.2,No
CUST-005863,29,50,Month-to-month,DSL,No,No,Yes,No,Electronic check,43.06,2153.54,0,4,185.3,No
CUST-005864,52,24,Month-to-month,Fiber optic,Yes,Yes,No,Yes,Mailed check,80.54,1921.87,0,2,272.7,Yes
CUST-005865,36,72,Month-to-month,Fiber optic,Yes,No,No,No,Credit card,66.25,4757.12,0,5,192.3,No
CUST-005866,20,29,Month-to-month,No internet service,No,Yes,No,Yes,Credit card,25.45,750.6,1,2,0.0,Yes
CUST-005867,41,7,Two year,DSL,No,No,Yes,Yes,Electronic check,50.28,365.97,1,3,136.6,No
CUST-005868,65,33,Two year,No internet service,No,Yes,No,Yes,Bank transfer,23.09,745.71,0,2,4.8,No
CUST-005869,52,36,Month-to-month,Fiber optic,No,No,No,No,Credit card,65.35,2351.51,1,5,213.5,No
CUST-005870,75,23,Month-to-month,Fiber optic,No,No,No,Yes,Bank transfer,66.36,1509.0,3,2,212.2,No
CUST-005871,48,33,Month-to-month,DSL,No,Yes,No,Yes,Bank transfer,57.69,1955.93,0,5,149.2,No
CUST-005872,82,63,One year,No internet service,Yes,No,Yes,Yes,Bank transfer,40.01,2501.82,2,3,2.3,No
CUST-005873,48,15,Month-to-month,Fiber optic,No,Yes,No,Yes,Credit card,71.54,1078.17,1,3,265.0,No
CUST-005874,45,2,Month-to-month,Fiber optic,No,No,No,Yes,Electronic check,63.8,136.5,0,4,363.4,Yes
CUST-005875,26,11,Two year,DSL,No,No,Yes,Yes,Bank transfer,61.62,664.51,1,3,140.4,Yes
CUST-005876,62,3,Two year,Fiber optic,No,Yes,Yes,Yes,Mailed check,77.34,214.81,0,3,313.2,No
CUST-005877,37,72,One year,Fiber optic,No,No,Yes,No,Mailed check,74.81,5380.73,2,3,447.5,No
CUST-005878,35,3,Month-to-month,DSL,Yes,No,No,Yes,Electronic check,52.99,141.67,2,3,44.7,No
CUST-005879,64,6,Month-to-month,Fiber optic,Yes,No,No,Yes,Credit card,68.47,414.59,2,3,355.8,Yes
CUST-005880,62,21,Month-to-month,DSL,Yes,No,No,Yes,Electronic check,59.98,1242.59,2,4,255.8,No
CUST-005881,62,32,One year,Fiber optic,No,No,No,No,Bank transfer,66.59,2133.81,0,3,422.0,Yes
CUST-005882,40,34,One year,DSL,No,Yes,Yes,Yes,Credit card,56.87,1892.29,2,4,95.1,No
CUST-005883,44,20,Month-to-month,No internet service,No,Yes,No,No,Electronic check,28.04,544.66,1,3,5.6,Yes
CUST-005884,44,4,Two year,No internet service,No,No,Yes,No,Electronic check,38.55,145.8,2,4,6.4,No
CUST-005885,57,13,Month-to-month,DSL,No,No,No,Yes,Mailed check,41.4,558.21,2,3,148.5,Yes
CUST-005886,68,53,One year,DSL,No,Yes,No,No,Bank transfer,57.81,3026.97,3,2,149.2,No
CUST-005887,51,16,Month-to-month,Fiber optic,No,Yes,No,No,Electronic check,72.28,1176.79,0,3,369.3,Yes
CUST-005888,75,0,Month-to-month,Fiber optic,No,No,Yes,No,Bank transfer,78.01,91.2,0,5,338.0,Yes
CUST-005889,58,17,Month-to-month,Fiber optic,No,No,No,No,Bank transfer,70.99,1171.12,1,3,328.5,Yes
CUST-005890,41,1,One year,DSL,No,Yes,No,Yes,Electronic check,52.02,62.78,1,3,156.5,No
CUST-005891,57,19,Month-to-month,Fiber optic,No,No,Yes,No,Mailed check,78.95,1481.45,3,4,417.5,No
CUST-005892,71,72,Month-to-month,Fiber optic,No,No,No,No,Mailed check,65.46,4724.54,1,3,443.5,No
CUST-005893,75,16,One year,DSL,Yes,No,No,No,Mailed check,44.23,720.29,2,2,180.6,No
CUST-005894,63,21,One year,DSL,No,No,No,No,Credit card,47.06,1004.12,1,2,128.6,No
CUST-005895,45,30,One year,Fiber optic,No,No,Yes,Yes,Mailed check,78.26,2336.37,2,4,360.5,No
CUST-005896,42,7,One year,DSL,Yes,Yes,Yes,No,Electronic check,69.1,497.34,3,2,44.9,No
CUST-005897,54,2,One year,DSL,No,No,No,Yes,Mailed check,32.25,95.3,0,4,112.2,No
CUST-005898,70,23,One year,No internet service,No,No,No,No,Bank transfer,23.11,525.7,0,3,3.7,No
CUST-005899,52,9,Month-to-month,DSL,No,Yes,No,No,Mailed check,46.7,417.01,0,1,249.6,No
CUST-005900,52,19,Month-to-month,Fiber optic,Yes,No,Yes,No,Electronic check,79.37,1522.24,1,4,211.2,No
CUST-005901,46,9,Month-to-month,No internet service,Yes,No,No,No,Electronic check,21.89,140.08,1,4,6.0,No
CUST-005902,40,53,Month-to-month,Fiber optic,Yes,No,No,No,Credit card,63.2,3329.97,0,4,259.1,Yes
CUST-005903,43,18,Month-to-month,Fiber optic,No,Yes,No,Yes,Electronic check,73.31,1339.72,2,3,530.6,No
CUST-005904,47,21,Month-to-month,Fiber optic,No,No,Yes,No,Electronic check,88.78,1867.46,0,3,261.7,Yes
CUST-005905,71,3,Month-to-month,DSL,No,No,Yes,Yes,Credit card,54.1,157.99,2,3,217.1,No
CUST-005906,41,13,One year,DSL,Yes,No,No,Yes,Bank transfer,57.11,723.6,1,3,148.1,No
CUST-005907,46,25,One year,DSL,No,No,Yes,Yes,Electronic check,56.53,1413.78,0,4,51.0,No
CUST-005908,32,15,One year,No internet service,No,Yes,Yes,Yes,Electronic check,39.38,580.08,0,3,8.6,No
CUST-005909,56,7,Two year,DSL,No,No,No,No,Mailed check,44.67,277.75,2,3,131.9,No
CUST-005910,66,29,Month-to-month,Fiber optic,No,No,No,Yes,Bank transfer,68.91,2024.44,2,3,226.6,No
CUST-005911,69,65,Month-to-month,DSL,No,No,Yes,Yes,Electronic check,50.96,3298.5,0,4,162.3,No
CUST-005912,48,4,Month-to-month,DSL,No,No,No,No,Bank transfer,45.5,176.56,1,5,120.4,No
CUST-005913,54,30,Month-to-month,DSL,Yes,Yes,No,Yes,Electronic check,64.67,1904.44,0,4,209.9,No
CUST-005914,43,0,Month-to-month,DSL,No,Yes,No,Yes,Electronic check,54.51,43.81,0,2,134.1,No
CUST-005915,53,1,Two year,DSL,Yes,No,Yes,Yes,Bank transfer,66.63,86.75,1,3,133.6,No
CUST-005916,50,33,Month-to-month,DSL,No,Yes,No,Yes,Bank transfer,51.49,1717.79,2,4,115.0,No
CUST-005917,46,1,Month-to-month,Fiber optic,No,Yes,No,No,Bank transfer,69.2,69.71,0,4,483.0,Yes
CUST-005918,47,1,Month-to-month,No internet service,Yes,No,Yes,No,Electronic check,38.24,25.74,2,4,3.2,No
CUST-005919,52,9,Month-to-month,Fiber optic,No,No,Yes,No,Mailed check,69.23,623.59,0,4,530.4,Yes
CUST-005920,41,30,One year,Fiber optic,No,Yes,No,Yes,Electronic check,73.52,2215.71,0,5,264.8,No
CUST-005921,41,0,One year,DSL,No,No,Yes,Yes,Electronic check,63.82,33.88,1,2,143.4,No
CUST-005922,71,32,One year,No internet service,No,Yes,Yes,No,Mailed check,39.47,1268.05,1,5,5.5,No
CUST-005923,85,71,One year,DSL,No,No,No,No,Bank transfer,45.08,3216.01,1,4,217.1,No
CUST-005924,27,11,Month-to-month,DSL,Yes,Yes,No,Yes,Credit card,62.0,680.79,0,5,78.4,No
CUST-005925,26,27,Month-to-month,No internet service,No,No,Yes,Yes,Credit card,21.41,577.68,1,2,3.0,No
CUST-005926,31,65,One year,Fiber optic,Yes,Yes,No,Yes,Bank transfer,76.46,4955.37,0,5,315.5,No
CUST-005927,43,2,Month-to-month,Fiber optic,Yes,No,No,Yes,Credit card,72.63,151.2,0,5,329.4,Yes
CUST-005928,58,31,Month-to-month,DSL,No,No,No,Yes,Electronic check,36.47,1162.74,0,3,111.0,No
CUST-005929,54,3,Month-to-month,Fiber optic,No,Yes,No,No,Credit card,71.8,243.53,0,3,481.9,No
CUST-005930,48,21,One year,DSL,No,No,Yes,Yes,Electronic check,47.75,991.24,0,5,134.6,No
CUST-005931,53,15,Month-to-month,No internet service,Yes,No,No,No,Mailed check,31.46,464.41,1,3,6.8,No
CUST-005932,35,4,Two year,Fiber optic,No,No,No,Yes,Electronic check,66.13,291.83,0,4,53.2,No
CUST-005933,41,4,Month-to-month,Fiber optic,Yes,No,No,Yes,Mailed check,72.05,300.1,0,5,380.9,No
CUST-005934,45,44,Month-to-month,Fiber optic,No,Yes,Yes,No,Bank transfer,86.81,3831.14,1,3,393.9,No
CUST-005935,21,6,Month-to-month,DSL,Yes,No,No,Yes,Electronic check,53.74,286.28,1,3,148.3,No
CUST-005936,28,26,Month-to-month,DSL,No,No,Yes,No,Credit card,59.38,1562.18,0,5,189.5,No
CUST-005937,28,2,Month-to-month,No internet service,No,No,No,Yes,Credit card,21.42,37.23,0,3,10.2,Yes
CUST-005938,56,37,One year,DSL,Yes,Yes,Yes,No,Bank transfer,66.7,2472.57,2,3,202.1,No
CUST-005939,49,11,Month-to-month,No internet service,No,No,No,Yes,Electronic check,27.84,292.13,2,1,5.8,No
CUST-005940,54,28,Month-to-month,Fiber optic,No,Yes,Yes,Yes,Bank transfer,89.23,2531.43,1,5,245.8,Yes
CUST-005941,18,11,Month-to-month,Fiber optic,No,Yes,No,Yes,Electronic check,73.14,785.04,1,3,169.4,Yes
CUST-005942,23,3,Month-to-month,Fiber optic,No,No,No,Yes,Electronic check,65.75,236.3,0,4,413.4,No
CUST-005943,55,53,Two year,No internet service,No,Yes,Yes,Yes,Electronic check,41.75,2213.32,1,3,7.9,No
CUST-005944,18,0,Month-to-month,Fiber optic,Yes,Yes,No,Yes,Mailed check,85.3,81.95,1,5,335.3,No
CUST-005945,63,50,One year,Fiber optic,Yes,No,No,No,Electronic check,82.52,4108.34,0,5,14.9,No
CUST-005946,18,18,Month-to-month,Fiber optic,Yes,No,No,Yes,Electronic check,70.29,1254.77,0,2,316.2,No
CUST-005947,58,14,Month-to-month,Fiber optic,Yes,No,No,Yes,Mailed check,78.23,1091.15,2,3,298.8,No
CUST-005948,32,47,Two year,DSL,No,No,No,Yes,Credit card,44.56,2097.02,0,4,76.4,No
CUST-005949,61,23,Month-to-month,No internet service,Yes,No,No,No,Credit card,19.95,469.64,0,5,3.2,No
CUST-005950,85,72,Two year,Fiber optic,Yes,No,Yes,Yes,Credit card,89.19,6417.51,0,4,47.3,No
CUST-005951,18,49,Month-to-month,DSL,Yes,Yes,No,No,Electronic check,66.34,3261.43,1,4,169.6,No
CUST-005952,55,30,Month-to-month,Fiber optic,No,Yes,Yes,Yes,Credit card,87.87,2659.76,0,4,320.7,No
CUST-005953,18,19,Two year,Fiber optic,No,No,No,Yes,Bank transfer,64.15,1240.02,0,3,438.4,No
CUST-005954,51,49,Month-to-month,Fiber optic,No,No,No,Yes,Electronic check,66.94,3292.59,0,3,315.6,No
CUST-005955,42,10,Two year,DSL,No,Yes,Yes,No,Mailed check,66.49,674.91,0,3,139.2,No
CUST-005956,47,2,Two year,DSL,Yes,No,No,Yes,Mailed check,55.86,90.51,2,4,290.6,No
CUST-005957,31,2,Month-to-month,DSL,No,No,Yes,Yes,Mailed check,63.15,130.48,0,5,149.5,No
CUST-005958,57,42,Month-to-month,No internet service,Yes,No,No,No,Credit card,32.71,1352.13,1,2,8.7,No
CUST-005959,23,14,Two year,Fiber optic,No,Yes,No,Yes,Mailed check,68.11,973.88,2,4,292.8,No
CUST-005960,64,22,Month-to-month,DSL,Yes,No,No,No,Electronic check,53.13,1174.63,0,4,174.9,No
CUST-005961,39,4,One year,DSL,No,Yes,Yes,Yes,Bank transfer,60.48,264.51,1,3,61.8,No
CUST-005962,24,10,Month-to-month,Fiber optic,No,No,No,No,Credit card,65.81,681.61,3,2,248.9,Yes
CUST-005963,69,69,Month-to-month,Fiber optic,No,No,No,No,Bank transfer,55.66,3849.36,0,4,268.1,No
CUST-005964,44,16,Month-to-month,Fiber optic,No,No,No,Yes,Mailed check,74.64,1180.71,1,3,152.2,Yes
CUST-005965,74,8,One year,Fiber optic,Yes,Yes,Yes,No,Credit card,87.1,651.95,1,4,413.4,No
CUST-005966,63,2,One year,Fiber optic,Yes,Yes,No,No,Electronic check,76.43,163.72,0,2,244.8,No
CUST-005967,33,8,One year,Fiber optic,No,No,Yes,No,Bank transfer,77.41,615.92,0,2,331.8,Yes
CUST-005968,44,21,Month-to-month,No internet service,No,No,No,Yes,Credit card,18.0,394.01,0,4,3.0,No
CUST-005969,47,17,Month-to-month,No internet service,Yes,Yes,Yes,No,Credit card,44.32,767.41,1,4,10.4,No
CUST-005970,68,14,Month-to-month,DSL,Yes,No,Yes,Yes,Electronic check,65.84,933.73,3,4,114.2,Yes
CUST-005971,52,45,Month-to-month,DSL,Yes,No,Yes,No,Credit card,73.24,3300.74,1,3,95.0,No
CUST-005972,48,14,Month-to-month,No internet service,No,No,Yes,Yes,Electronic check,32.71,424.77,0,4,6.0,No
CUST-005973,42,4,One year,Fiber optic,No,No,No,No,Bank transfer,62.97,277.16,1,3,199.0,Yes
CUST-005974,44,8,Month-to-month,DSL,No,No,No,No,Bank transfer,39.37,289.82,1,4,63.5,No
CUST-005975,65,34,Month-to-month,DSL,Yes,Yes,No,No,Electronic check,69.69,2356.51,0,3,101.0,No
CUST-005976,45,2,One year,No internet service,No,No,Yes,No,Electronic check,32.38,58.15,0,2,3.2,No
CUST-005977,39,52,Month-to-month,No internet service,Yes,No,Yes,No,Bank transfer,40.41,2101.69,1,3,5.3,No
CUST-005978,37,14,Two year,Fiber optic,Yes,No,Yes,No,Electronic check,78.14,1087.58,0,4,228.5,No
CUST-005979,37,29,Month-to-month,DSL,No,No,No,Yes,Mailed check,47.62,1369.86,2,2,152.4,Yes
CUST-005980,24,72,Month-to-month,Fiber optic,No,Yes,No,Yes,Bank transfer,68.06,4916.37,0,5,381.6,No
CUST-005981,34,21,Two year,Fiber optic,No,Yes,Yes,No,Bank transfer,90.36,1870.93,0,2,295.2,No
CUST-005982,67,12,One year,DSL,No,No,Yes,Yes,Credit card,59.32,703.55,0,3,32.1,No
CUST-005983,42,1,Two year,DSL,Yes,Yes,No,No,Credit card,59.63,17.7,0,5,93.6,No
CUST-005984,56,13,Month-to-month,Fiber optic,Yes,No,No,Yes,Credit card,66.39,842.45,2,4,243.5,No
CUST-005985,18,16,Month-to-month,Fiber optic,Yes,Yes,Yes,Yes,Mailed check,90.51,1416.9,0,3,313.6,No
CUST-005986,54,9,One year,DSL,Yes,Yes,Yes,Yes,Electronic check,69.93,644.05,0,5,142.8,No
CUST-005987,43,22,Month-to-month,Fiber optic,No,No,Yes,No,Bank transfer,77.61,1711.16,2,2,408.4,Yes
CUST-005988,38,2,One year,No internet service,No,Yes,Yes,Yes,Credit card,28.15,40.12,0,3,5.1,No
CUST-005989,48,43,Month-to-month,DSL,No,No,No,Yes,Credit card,40.45,1675.37,2,2,221.0,No
CUST-005990,38,20,Month-to-month,DSL,No,Yes,No,Yes,Bank transfer,48.52,939.88,2,4,10.2,No
CUST-005991,18,12,Month-to-month,Fiber optic,Yes,No,Yes,Yes,Credit card,87.5,1028.02,1,4,376.5,Yes
CUST-005992,59,11,One year,No internet service,Yes,No,No,Yes,Mailed check,18.35,194.64,1,4,7.8,No
CUST-005993,49,26,Month-to-month,No internet service,No,No,Yes,Yes,Mailed check,38.91,1026.82,1,4,3.3,Yes
CUST-005994,40,23,Two year,Fiber optic,No,Yes,Yes,No,Electronic check,89.21,2023.06,0,3,367.9,No
CUST-005995,31,2,Month-to-month,DSL,No,No,Yes,No,Bank transfer,52.03,77.04,2,4,100.0,No
CUST-005996,23,27,Month-to-month,No internet service,No,Yes,Yes,No,Mailed check,50.35,1325.93,0,4,5.7,No
CUST-005997,48,2,Month-to-month,Fiber optic,No,Yes,No,No,Electronic check,72.19,144.44,1,4,359.8,Yes
CUST-005998,69,11,One year,DSL,No,No,Yes,Yes,Electronic check,56.46,577.68,0,2,230.9,No
CUST-005999,48,9,Two year,No internet service,No,Yes,Yes,No,Mailed check,40.97,333.43,3,1,7.3,No
CUST-006000,24,16,Month-to-month,DSL,No,No,No,No,Bank transfer,47.09,762.87,1,5,58.5,No
